"Molecule ChEMBL ID";"Molecule Name";"Molecule Max Phase";"Molecular Weight";"#RO5 Violations";"AlogP";"Compound Key";"Smiles";"Standard Type";"Standard Relation";"Standard Value";"Standard Units";"pChEMBL Value";"Data Validity Comment";"Comment";"Uo Units";"Ligand Efficiency BEI";"Ligand Efficiency LE";"Ligand Efficiency LLE";"Ligand Efficiency SEI";"Potential Duplicate";"Assay ChEMBL ID";"Assay Description";"Assay Type";"BAO Format ID";"BAO Label";"Assay Organism";"Assay Tissue ChEMBL ID";"Assay Tissue Name";"Assay Cell Type";"Assay Subcellular Fraction";"Assay Parameters";"Assay Variant Accession";"Assay Variant Mutation";"Target ChEMBL ID";"Target Name";"Target Organism";"Target Type";"Document ChEMBL ID";"Source ID";"Source Description";"Document Journal";"Document Year";"Cell ChEMBL ID";"Properties";"Action Type";"Standard Text Value";"Value"
"CHEMBL374495";"CINNABARAMIDE D";"None";"369.46";"0";"0.97";"4";"CCCCCC(O)[C@H]1C(=O)N[C@](C(=O)O)([C@@H](O)[C@@H]2C=CCCC2)[C@@]1(C)O";"IC50";"'='";"100.0";"nM";"7.00";"";"";"UO_0000065";"18.95";"0.37";"6.03";"5.51";"0";"CHEMBL909078";"Inhibition of human 20S proteasome";"B";"BAO_0000220";"subcellular format";"Homo sapiens";"None";"None";"None";"None";"";"";"";"CHEMBL3831201";"20S proteasome";"Homo sapiens";"PROTEIN COMPLEX GROUP";"CHEMBL1141377";"1";"Scientific Literature";"J Nat Prod";"2007";"None";"";"";"";"100.0"
"CHEMBL362804";"";"None";"609.72";"1";"3.89";"TP-109";"COc1ccc(C[C@H](NC(=O)Cc2cccc3ccccc23)C(=O)N[C@H](C(=O)NC(C=O)Cc2ccc(O)cc2)C(C)C)cc1";"IC50";"'='";"31000.0";"nM";"4.51";"";"";"UO_0000065";"";"";"";"";"0";"CHEMBL837922";"Inhibitory concentration to inhibit the PGPH activity of 20S proteasome prepared from human leukemia HL-60 cells was determined";"F";"BAO_0000220";"subcellular format";"Homo sapiens";"None";"None";"HL-60";"None";"";"";"";"CHEMBL3831201";"20S proteasome";"Homo sapiens";"PROTEIN COMPLEX GROUP";"CHEMBL1143504";"1";"Scientific Literature";"Bioorg Med Chem Lett";"2005";"CHEMBL3307654";"";"";"";"31.0"
"CHEMBL2371767";"";"None";"540.66";"1";"1.36";"TP-111";"COc1ccc(C[C@@H](C=O)NC(=O)[C@@H](NC(=O)[C@H](Cc2ccc(OC)cc2)NC(=O)CN(C)C)C(C)C)cc1";"IC50";"'='";"7800.0";"nM";"5.11";"";"";"UO_0000065";"";"";"";"";"0";"CHEMBL834792";"Inhibitory concentration to inhibit trypsin-like activity of 20S proteasome from human leukemia HL-60 cells was determined";"F";"BAO_0000220";"subcellular format";"Homo sapiens";"None";"None";"HL-60";"None";"";"";"";"CHEMBL3831201";"20S proteasome";"Homo sapiens";"PROTEIN COMPLEX GROUP";"CHEMBL1143504";"1";"Scientific Literature";"Bioorg Med Chem Lett";"2005";"CHEMBL3307654";"";"";"";"7.8"
"CHEMBL360654";"";"None";"609.72";"1";"3.89";"TP-108";"COc1ccc(CC(C=O)NC(=O)[C@@H](NC(=O)[C@H](Cc2ccc(O)cc2)NC(=O)Cc2cccc3ccccc23)C(C)C)cc1";"IC50";"'='";"38000.0";"nM";"4.42";"";"";"UO_0000065";"";"";"";"";"0";"CHEMBL837922";"Inhibitory concentration to inhibit the PGPH activity of 20S proteasome prepared from human leukemia HL-60 cells was determined";"F";"BAO_0000220";"subcellular format";"Homo sapiens";"None";"None";"HL-60";"None";"";"";"";"CHEMBL3831201";"20S proteasome";"Homo sapiens";"PROTEIN COMPLEX GROUP";"CHEMBL1143504";"1";"Scientific Literature";"Bioorg Med Chem Lett";"2005";"CHEMBL3307654";"";"";"";"38.0"
"CHEMBL361462";"";"None";"623.75";"1";"4.19";"TP-110";"COc1ccc(CC(C=O)NC(=O)[C@@H](NC(=O)[C@H](Cc2ccc(OC)cc2)NC(=O)Cc2cccc3ccccc23)C(C)C)cc1";"IC50";"'>'";"100000.0";"nM";"";"";"";"UO_0000065";"";"";"";"";"0";"CHEMBL834792";"Inhibitory concentration to inhibit trypsin-like activity of 20S proteasome from human leukemia HL-60 cells was determined";"F";"BAO_0000220";"subcellular format";"Homo sapiens";"None";"None";"HL-60";"None";"";"";"";"CHEMBL3831201";"20S proteasome";"Homo sapiens";"PROTEIN COMPLEX GROUP";"CHEMBL1143504";"1";"Scientific Literature";"Bioorg Med Chem Lett";"2005";"CHEMBL3307654";"";"";"";"100.0"
"CHEMBL26866";"";"None";"873.11";"3";"5.40";"19";"COc1ccc(CNC(=O)[C@@H](NC(=O)[C@H](NCc2ccc(N(C)C)cc2)[C@H](O)[C@H](Cc2ccccc2)NC(=O)[C@@H](NC(=O)Cc2cccc3ccccc23)C(C)(C)C)C(C)C)c(O)c1";"IC50";"'='";"160.0";"nM";"6.80";"";"";"UO_0000065";"7.78";"0.15";"1.40";"3.75";"0";"CHEMBL615352";"Tested in vitro for inhibition of chymotrypsin like activity of purified human 20S proteasome";"B";"BAO_0000220";"subcellular format";"Homo sapiens";"None";"None";"None";"None";"";"";"";"CHEMBL3831201";"20S proteasome";"Homo sapiens";"PROTEIN COMPLEX GROUP";"CHEMBL1136019";"1";"Scientific Literature";"Bioorg Med Chem Lett";"2002";"None";"";"";"";"0.16"
"CHEMBL5397699";"";"None";"454.43";"0";"2.72";"15";"COc1ccc(Cn2nc(C(=O)Nc3ccc(F)c(C(=O)NC4CC4)c3)ccc2=O)cc1F";"IC50";"'>'";"100000.0";"nM";"";"";"";"UO_0000065";"";"";"";"";"0";"CHEMBL5352349";"Inhibition of chymotrypsin like activity in human proteasome using Suc-LLVY-Rho-110-D-Proline peptide as substrate preincubated for 10 mins followed by substrate addition and measured for 30 mins by fluorescence based microplate reader analysis";"B";"BAO_0000223";"protein complex format";"Homo sapiens";"None";"None";"None";"None";"";"";"";"CHEMBL3831201";"20S proteasome";"Homo sapiens";"PROTEIN COMPLEX GROUP";"CHEMBL5346981";"1";"Scientific Literature";"J Med Chem";"2023";"None";"TIME = 0.6667 hr";"";"";"4.0"
"CHEMBL5400082";"";"None";"553.57";"1";"2.42";"23";"COc1ccc(Cn2nc(C(=O)Nc3ccc(F)c(C(=O)N[C@H]4C[C@H](N5CCOCC5)C4)c3)ccc2=O)cc1F";"IC50";"'>'";"100000.0";"nM";"";"";"";"UO_0000065";"";"";"";"";"0";"CHEMBL5352349";"Inhibition of chymotrypsin like activity in human proteasome using Suc-LLVY-Rho-110-D-Proline peptide as substrate preincubated for 10 mins followed by substrate addition and measured for 30 mins by fluorescence based microplate reader analysis";"B";"BAO_0000223";"protein complex format";"Homo sapiens";"None";"None";"None";"None";"";"";"";"CHEMBL3831201";"20S proteasome";"Homo sapiens";"PROTEIN COMPLEX GROUP";"CHEMBL5346981";"1";"Scientific Literature";"J Med Chem";"2023";"None";"TIME = 0.6667 hr";"";"";"4.0"
"CHEMBL74336";"";"None";"563.74";"1";"3.53";"7d";"CC(C)CC(C=O)NC(=O)C(CCC/N=C(\N)N[N+](=O)[O-])NC(=O)C(CCCCCCCCC#N)C1CCCC1";"IC50";"'='";"6.0";"nM";"8.22";"";"";"UO_0000065";"14.58";"0.28";"4.69";"4.27";"0";"CHEMBL615353";"Compound was evaluated for inhibitory activity against 20S proteasome from human liver and brain";"B";"BAO_0000220";"subcellular format";"Homo sapiens";"CHEMBL3638188";"Brain";"None";"None";"";"";"";"CHEMBL3831201";"20S proteasome";"Homo sapiens";"PROTEIN COMPLEX GROUP";"CHEMBL1128409";"1";"Scientific Literature";"J Med Chem";"1995";"None";"";"";"";"6.0"
"CHEMBL4445118";"";"None";"1249.49";"None";"None";"12";"CC(C)C[C@H](NC(=O)[C@H](Cc1ccc(O)cc1)NC(=O)[C@H](CCCNC(=N)N)NC(=O)[C@H](CCCNC(=N)N)NC(=O)[C@@H](N)CCCNC(=N)N)C(=O)N1CCC[C@H]1C(=O)N[C@@H](CCCNC(=N)N)C(=O)N[C@@H](Cc1ccc(O)cc1)C(=O)N[C@@H](C)C(N)=O";"Activity";"";"";"";"";"";"";"";"";"";"";"";"0";"CHEMBL4371819";"Negative allosteric modulation of SDS-activated human erythrocytes 20S proteasome assessed as reduction in human alpha-synuclein degradation at 10 uM after 1 hr by SDS-PAGE analysis";"B";"BAO_0000019";"assay format";"Homo sapiens";"None";"None";"None";"None";"";"";"";"CHEMBL3831201";"20S proteasome";"Homo sapiens";"PROTEIN COMPLEX GROUP";"CHEMBL4371016";"1";"Scientific Literature";"J Med Chem";"2019";"None";"";"";"Active";""
"CHEMBL4473076";"";"None";"1258.51";"None";"None";"4";"CC(C)C[C@H](NC(=O)[C@H](Cc1ccc(O)cc1)NC(=O)[C@H](CCCNC(=N)N)NC(=O)[C@H](CCCNC(=N)N)NC(=O)[C@@H](N)CCCNC(=N)N)C(=O)N1CCC[C@H]1C(=O)N[C@@H](CCCNC(=N)N)C(=O)N[C@@H](Cc1c[nH]c2ccccc12)C(=O)NCC(N)=O";"Activity";"";"";"";"";"";"";"";"";"";"";"";"0";"CHEMBL4371821";"Negative allosteric modulation of SDS-activated human erythrocytes 20S proteasome assessed as reduction in yeast enolase degradation at 10 uM after 1 hr by SDS-PAGE analysis";"B";"BAO_0000019";"assay format";"Homo sapiens";"None";"None";"None";"None";"";"";"";"CHEMBL3831201";"20S proteasome";"Homo sapiens";"PROTEIN COMPLEX GROUP";"CHEMBL4371016";"1";"Scientific Literature";"J Med Chem";"2019";"None";"";"";"Not active";""
"CHEMBL27225";"";"None";"920.12";"4";"5.36";"17";"COc1ccc(CNC(=O)[C@@H](NC(=O)[C@H](NCc2ccc(OC)c(OC)c2OC)[C@H](O)[C@H](Cc2ccccc2)NC(=O)[C@@H](NC(=O)Cc2cccc3ccccc23)C(C)(C)C)C(C)C)c(O)c1";"IC50";"'='";"18.0";"nM";"7.75";"";"";"UO_0000065";"8.42";"0.16";"2.38";"3.76";"0";"CHEMBL615352";"Tested in vitro for inhibition of chymotrypsin like activity of purified human 20S proteasome";"B";"BAO_0000220";"subcellular format";"Homo sapiens";"None";"None";"None";"None";"";"";"";"CHEMBL3831201";"20S proteasome";"Homo sapiens";"PROTEIN COMPLEX GROUP";"CHEMBL1136019";"1";"Scientific Literature";"Bioorg Med Chem Lett";"2002";"None";"";"";"";"0.018"
"CHEMBL25752";"";"None";"888.08";"3";"6.54";"13";"COc1ccc(CNC(=O)[C@@H](NC(=O)[C@H](NCc2ccc(Oc3ccccc3)cc2)[C@H](O)[C@H](Cc2ccccc2)NC(=O)[C@@H](NC(=O)OCc2ccccc2)C(C)(C)C)C(C)C)c(O)c1";"IC50";"'>'";"20000.0";"nM";"";"";"";"UO_0000065";"";"";"";"";"0";"CHEMBL615352";"Tested in vitro for inhibition of chymotrypsin like activity of purified human 20S proteasome";"B";"BAO_0000220";"subcellular format";"Homo sapiens";"None";"None";"None";"None";"";"";"";"CHEMBL3831201";"20S proteasome";"Homo sapiens";"PROTEIN COMPLEX GROUP";"CHEMBL1136019";"1";"Scientific Literature";"Bioorg Med Chem Lett";"2002";"None";"";"";"";"20.0"
"CHEMBL4777320";"";"None";"487.65";"1";"6.84";"18";"COc1ccc2c(c1)N=C(c1ccccc1)N(C1CCN(Cc3ccccc3)CC1)C2c1ccccc1";"FC";"'='";"5.5";"";"";"";"";"";"";"";"";"";"0";"CHEMBL4736902";"Activation of human 20S proteosome assessed as fold increase in proteosome activity at 1.3 uM using mixture of chymotrypsin-like Suc-LLVY-AMC, trypsin-like Boc-LRR-AMC and caspase-like Z-LLE-AM fluorogenic peptides as substrates by fluorescence assay relative to control";"B";"BAO_0000223";"protein complex format";"Homo sapiens";"None";"None";"None";"None";"";"";"";"CHEMBL3831201";"20S proteasome";"Homo sapiens";"PROTEIN COMPLEX GROUP";"CHEMBL4732168";"1";"Scientific Literature";"Bioorg Med Chem Lett";"2021";"None";"Dose = 1.3 microM";"ACTIVATOR";"";"5.5"
"CHEMBL180032";"";"None";"525.65";"1";"2.54";"TP-106";"COc1ccc(CC(C=O)NC(=O)[C@@H](NC(=O)[C@H](Cc2ccc(O)cc2)NC(=O)CC(C)C)C(C)C)cc1";"IC50";"'='";"21000.0";"nM";"4.68";"";"";"UO_0000065";"";"";"";"";"0";"CHEMBL834792";"Inhibitory concentration to inhibit trypsin-like activity of 20S proteasome from human leukemia HL-60 cells was determined";"F";"BAO_0000220";"subcellular format";"Homo sapiens";"None";"None";"HL-60";"None";"";"";"";"CHEMBL3831201";"20S proteasome";"Homo sapiens";"PROTEIN COMPLEX GROUP";"CHEMBL1143504";"1";"Scientific Literature";"Bioorg Med Chem Lett";"2005";"CHEMBL3307654";"";"";"";"21.0"
"CHEMBL362470";"";"None";"539.67";"1";"2.84";"TP-107";"COc1ccc(CC(C=O)NC(=O)[C@@H](NC(=O)[C@H](Cc2ccc(OC)cc2)NC(=O)CC(C)C)C(C)C)cc1";"IC50";"'='";"56000.0";"nM";"4.25";"";"";"UO_0000065";"";"";"";"";"0";"CHEMBL837922";"Inhibitory concentration to inhibit the PGPH activity of 20S proteasome prepared from human leukemia HL-60 cells was determined";"F";"BAO_0000220";"subcellular format";"Homo sapiens";"None";"None";"HL-60";"None";"";"";"";"CHEMBL3831201";"20S proteasome";"Homo sapiens";"PROTEIN COMPLEX GROUP";"CHEMBL1143504";"1";"Scientific Literature";"Bioorg Med Chem Lett";"2005";"CHEMBL3307654";"";"";"";"56.0"
"CHEMBL371405";"MARIZOMIB";"3.0";"313.78";"0";"1.13";"66";"C[C@@]12OC(=O)[C@]1([C@@H](O)[C@@H]1C=CCCC1)NC(=O)[C@@H]2CCCl";"IC50";"'='";"1.3";"nM";"8.89";"";"";"UO_0000065";"28.32";"0.58";"7.76";"11.75";"0";"CHEMBL5108637";"Inhibition of 20S proteasome (unknown origin) by fluorescence based assay";"B";"BAO_0000223";"protein complex format";"Homo sapiens";"None";"None";"None";"None";"";"";"";"CHEMBL3831201";"20S proteasome";"Homo sapiens";"PROTEIN COMPLEX GROUP";"CHEMBL5107956";"1";"Scientific Literature";"Eur J Med Chem";"2022";"None";"";"INHIBITOR";"";"1.3"
"CHEMBL178839";"";"None";"525.65";"1";"2.77";"TP-105";"CCCCCC(=O)N[C@@H](Cc1ccc(O)cc1)C(=O)N[C@H](C(=O)NC(C=O)Cc1ccc(O)cc1)C(C)C";"IC50";"'='";"2000.0";"nM";"5.70";"";"";"UO_0000065";"";"";"";"";"0";"CHEMBL834792";"Inhibitory concentration to inhibit trypsin-like activity of 20S proteasome from human leukemia HL-60 cells was determined";"F";"BAO_0000220";"subcellular format";"Homo sapiens";"None";"None";"HL-60";"None";"";"";"";"CHEMBL3831201";"20S proteasome";"Homo sapiens";"PROTEIN COMPLEX GROUP";"CHEMBL1143504";"1";"Scientific Literature";"Bioorg Med Chem Lett";"2005";"CHEMBL3307654";"";"";"";"2.0"
"CHEMBL361462";"";"None";"623.75";"1";"4.19";"TP-110";"COc1ccc(CC(C=O)NC(=O)[C@@H](NC(=O)[C@H](Cc2ccc(OC)cc2)NC(=O)Cc2cccc3ccccc23)C(C)C)cc1";"IC50";"'='";"27.0";"nM";"7.57";"";"";"UO_0000065";"";"";"";"";"0";"CHEMBL874816";"Inhibitory concentration to inhibit chymotrypsin-like activity of 20S proteasome prepared from human leukemia HL-60 cells was determined";"F";"BAO_0000220";"subcellular format";"Homo sapiens";"None";"None";"HL-60";"None";"";"";"";"CHEMBL3831201";"20S proteasome";"Homo sapiens";"PROTEIN COMPLEX GROUP";"CHEMBL1143504";"1";"Scientific Literature";"Bioorg Med Chem Lett";"2005";"CHEMBL3307654";"";"";"";"0.027"
"CHEMBL451887";"CARFILZOMIB";"4.0";"719.92";"1";"2.58";"Carfilzomib";"CC(C)C[C@H](NC(=O)[C@H](CCc1ccccc1)NC(=O)CN1CCOCC1)C(=O)N[C@@H](Cc1ccccc1)C(=O)N[C@@H](CC(C)C)C(=O)[C@@]1(C)CO1";"IC50";"'='";"269.8";"nM";"6.57";"";"";"UO_0000065";"9.12";"0.17";"3.99";"4.15";"0";"CHEMBL4829381";"Inhibition of human 20S proteasome chymotrypsin-like activity in human RPMI-8226 cells overexpressing ABCB1 using Suc-LLVY-AMC as fluorogenic substrate incubated for 3 hrs by fluorescence assay";"B";"BAO_0000219";"cell-based format";"Homo sapiens";"None";"None";"RPMI-8226";"None";"";"";"";"CHEMBL3831201";"20S proteasome";"Homo sapiens";"PROTEIN COMPLEX GROUP";"CHEMBL4828720";"1";"Scientific Literature";"J Med Chem";"2021";"None";"TIME = 3.0 hr";"INHIBITOR";"";"269.8"
"CHEMBL5187167";"";"None";"614.70";"2";"5.40";"4b";"O=C(NCc1ccccc1C(=O)N[C@H](/C=C(\F)S(=O)(=O)c1ccccc1)CCc1ccccc1)c1ccc2c(c1)OCCO2";"Inhibition";"";"";"%";"";"";"NA";"UO_0000187";"";"";"";"";"0";"CHEMBL5115915";"Inhibition of human 20S proteasome chymotrypsin-like activity at 11 uM using Succ-Leu-Leu-Val-Tyr-AMC as fluorogenic substrate by fluorometric assay";"B";"BAO_0000223";"protein complex format";"Homo sapiens";"None";"None";"None";"None";"";"";"";"CHEMBL3831201";"20S proteasome";"Homo sapiens";"PROTEIN COMPLEX GROUP";"CHEMBL5113413";"1";"Scientific Literature";"Eur J Med Chem";"2022";"None";"Dose = 11.0 microM";"";"";""
"CHEMBL5176257";"";"None";"556.66";"2";"5.63";"4d";"O=C(NCc1ccccc1C(=O)N[C@H](/C=C(\F)S(=O)(=O)c1ccccc1)CCc1ccccc1)c1ccccc1";"Inhibition";"";"";"%";"";"";"NA";"UO_0000187";"";"";"";"";"0";"CHEMBL5115915";"Inhibition of human 20S proteasome chymotrypsin-like activity at 11 uM using Succ-Leu-Leu-Val-Tyr-AMC as fluorogenic substrate by fluorometric assay";"B";"BAO_0000223";"protein complex format";"Homo sapiens";"None";"None";"None";"None";"";"";"";"CHEMBL3831201";"20S proteasome";"Homo sapiens";"PROTEIN COMPLEX GROUP";"CHEMBL5113413";"1";"Scientific Literature";"Eur J Med Chem";"2022";"None";"Dose = 11.0 microM";"";"";""
"CHEMBL73602";"";"None";"667.87";"1";"3.11";"7a";"COC(=O)CCCCCCCC(=O)NC(CCC/N=C(\N)NS(=O)(=O)c1c(C)cc(OC)c(C)c1C)C(=O)NC(C=O)CC(C)C";"IC50";"'='";"95.0";"nM";"7.02";"";"";"UO_0000065";"10.51";"0.21";"3.91";"3.59";"0";"CHEMBL615353";"Compound was evaluated for inhibitory activity against 20S proteasome from human liver and brain";"B";"BAO_0000220";"subcellular format";"Homo sapiens";"CHEMBL3638188";"Brain";"None";"None";"";"";"";"CHEMBL3831201";"20S proteasome";"Homo sapiens";"PROTEIN COMPLEX GROUP";"CHEMBL1128409";"1";"Scientific Literature";"J Med Chem";"1995";"None";"";"";"";"95.0"
"CHEMBL360654";"";"None";"609.72";"1";"3.89";"TP-108";"COc1ccc(CC(C=O)NC(=O)[C@@H](NC(=O)[C@H](Cc2ccc(O)cc2)NC(=O)Cc2cccc3ccccc23)C(C)C)cc1";"IC50";"'='";"6000.0";"nM";"5.22";"";"";"UO_0000065";"";"";"";"";"0";"CHEMBL834792";"Inhibitory concentration to inhibit trypsin-like activity of 20S proteasome from human leukemia HL-60 cells was determined";"F";"BAO_0000220";"subcellular format";"Homo sapiens";"None";"None";"HL-60";"None";"";"";"";"CHEMBL3831201";"20S proteasome";"Homo sapiens";"PROTEIN COMPLEX GROUP";"CHEMBL1143504";"1";"Scientific Literature";"Bioorg Med Chem Lett";"2005";"CHEMBL3307654";"";"";"";"6.0"
"CHEMBL4587036";"";"None";"2096.53";"None";"None";"Tat-A";"CC(=O)N[C@@H](Cc1ccc(O)cc1)C(=O)NCC(=O)N[C@@H](CCCNC(=N)N)C(=O)N[C@@H](CCCCN)C(=O)N[C@@H](CCCCN)C(=O)N[C@@H](CCCNC(=N)N)C(=O)N[C@@H](CCCNC(=N)N)C(=O)N[C@@H](CCC(N)=O)C(=O)N[C@@H](CCCNC(=N)N)C(=O)N[C@@H](CCCNC(=N)N)C(=O)N[C@@H](CCCNC(=N)N)C(=O)NCC(=O)NCC(=O)NCC(=O)N[C@@H](CC(C)C)C(=O)N[C@@H](CC(C)C)C(=O)N[C@H](C=O)CC(C)C";"Inhibition";"";"";"%";"";"";"";"UO_0000187";"";"";"";"";"0";"CHEMBL4357207";"Inhibition of 20S proteasome in human BE(2)-C cells at 2xIC50 using LLVY-R110 peptide as substrate measured up to 36 hrs by fluorescence based assay";"B";"BAO_0000219";"cell-based format";"Homo sapiens";"None";"None";"None";"None";"";"";"";"CHEMBL3831201";"20S proteasome";"Homo sapiens";"PROTEIN COMPLEX GROUP";"CHEMBL4354831";"1";"Scientific Literature";"J Med Chem";"2020";"None";"";"";"Active";""
"CHEMBL5193289";"";"None";"368.85";"1";"6.05";"7";"O=[N+]([O-])c1cccc(CN2c3ccccc3Sc3ccc(Cl)cc32)c1";"FC";"'='";"8.0";"";"";"";"";"";"";"";"";"";"0";"CHEMBL5166188";"Activation of human 20S proteosome at trypsin-like site assessed as maximum fold change in substrate degradation using Boc-LLR-AMC as flurogenic substrate preincubated for 15 mins followed by substrate addition and measured after 1 hr by spectrometric analysis relative to control";"B";"BAO_0000223";"protein complex format";"Homo sapiens";"None";"None";"None";"None";"";"";"";"CHEMBL3831201";"20S proteasome";"Homo sapiens";"PROTEIN COMPLEX GROUP";"CHEMBL5154893";"1";"Scientific Literature";"J Med Chem";"2022";"None";"TIME = 0.25 hr";"ACTIVATOR";"";"8.0"
"CHEMBL5188065";"";"None";"736.96";"2";"5.30";"42";"CN(C(=O)C1CCN(C(=O)N[C@@H](CC(=O)NCC(C)(C)C)C(=O)N[C@@H](CCc2ccccc2)C(=O)N[C@@H]2CCCc3ccccc32)CC1)c1ccccc1";"Inhibition";"";"";"%";"";"";"";"UO_0000187";"";"";"";"";"0";"CHEMBL5159804";"Inhibition of chymotrypsin-like activity of 20S proteasome in human MM1.S cells assessed as accumulation of polyubiquitinated proteins at 10 to 1000 nM and measured by Western blot analysis";"B";"BAO_0000219";"cell-based format";"Homo sapiens";"None";"None";"MM1.S";"None";"";"";"";"CHEMBL3831201";"20S proteasome";"Homo sapiens";"PROTEIN COMPLEX GROUP";"CHEMBL5154760";"1";"Scientific Literature";"Eur J Med Chem";"2022";"None";"Dose_Lower = 10.0 nM | Dose_Upper = 1000.0 nM";"INHIBITOR";"Active";""
"CHEMBL5205890";"";"None";"746.35";"1";"4.82";"34";"CN(Cc1ccccc1Cl)C(=O)[C@H](CCc1ccccc1)NC(=O)[C@H](CC(=O)NCC(C)(C)C)NC(=O)N1CCC(C(=O)N(C)c2cccnc2)CC1";"IC50";"'>'";"10000.0";"nM";"";"";"";"UO_0000065";"";"";"";"";"0";"CHEMBL5159800";"Inhibition of chymotrypsin-like activity of human 20S proteasome using Suc-Leu Leu-Val-Tyr-AMC as substrate preincubated for 15 mins followed by substrate addition measured by fluorescence assay";"B";"BAO_0000223";"protein complex format";"Homo sapiens";"None";"None";"None";"None";"";"";"";"CHEMBL3831201";"20S proteasome";"Homo sapiens";"PROTEIN COMPLEX GROUP";"CHEMBL5154760";"1";"Scientific Literature";"Eur J Med Chem";"2022";"None";"TIME = 0.25 hr";"";"";"10000.0"
"CHEMBL5430635";"";"None";"388.43";"0";"2.44";"5";"O=C(NC1CC1)c1cccc(NC(=O)c2ccc(=O)n(Cc3ccccc3)n2)c1";"IC50";"'>'";"100000.0";"nM";"";"";"";"UO_0000065";"";"";"";"";"0";"CHEMBL5352349";"Inhibition of chymotrypsin like activity in human proteasome using Suc-LLVY-Rho-110-D-Proline peptide as substrate preincubated for 10 mins followed by substrate addition and measured for 30 mins by fluorescence based microplate reader analysis";"B";"BAO_0000223";"protein complex format";"Homo sapiens";"None";"None";"None";"None";"";"";"";"CHEMBL3831201";"20S proteasome";"Homo sapiens";"PROTEIN COMPLEX GROUP";"CHEMBL5346981";"1";"Scientific Literature";"J Med Chem";"2023";"None";"TIME = 0.6667 hr";"";"";"4.0"
"CHEMBL5405978";"";"None";"458.85";"0";"3.37";"17";"O=C(Nc1ccc(F)c(C(=O)NC2CC2)c1)c1ccc(=O)n(Cc2ccc(Cl)c(F)c2)n1";"IC50";"'>'";"100000.0";"nM";"";"";"";"UO_0000065";"";"";"";"";"0";"CHEMBL5352349";"Inhibition of chymotrypsin like activity in human proteasome using Suc-LLVY-Rho-110-D-Proline peptide as substrate preincubated for 10 mins followed by substrate addition and measured for 30 mins by fluorescence based microplate reader analysis";"B";"BAO_0000223";"protein complex format";"Homo sapiens";"None";"None";"None";"None";"";"";"";"CHEMBL3831201";"20S proteasome";"Homo sapiens";"PROTEIN COMPLEX GROUP";"CHEMBL5346981";"1";"Scientific Literature";"J Med Chem";"2023";"None";"TIME = 0.6667 hr";"";"";"4.0"
"CHEMBL4870902";"";"None";"477.17";"None";"None";"11c";"O=C(N[C@H](Cc1ccccc1)C(=O)N[C@@H](CCCCCBr)B(O)O)c1cnccn1";"IC50";"'='";"1943.0";"nM";"5.71";"";"";"UO_0000065";"11.97";"None";"None";"None";"0";"CHEMBL4823872";"Inhibition of human erythrocytes 20S proteasome using QXL520-YRGITCSGRQK(5-FAM)-NH2 fluorogenic peptide as substrate preincubated for 10 mins followed by substrate addition and measured after 60 mins by HTRF assay";"B";"BAO_0000221";"tissue-based format";"Homo sapiens";"None";"None";"Erythrocyte";"None";"";"";"";"CHEMBL3831201";"20S proteasome";"Homo sapiens";"PROTEIN COMPLEX GROUP";"CHEMBL4823253";"1";"Scientific Literature";"J Med Chem";"2021";"None";"TIME = 1.167 hr";"INHIBITOR";"";"1.943"
"CHEMBL5189005";"";"None";"381.88";"1";"5.93";"5";"COC(=O)c1cccc(CN2c3ccccc3Sc3ccc(Cl)cc32)c1";"EC200";"'='";"2.4";"uM";"";"";"";"UO_0000064";"";"";"";"";"0";"CHEMBL5166189";"Activation of human 20S proteosome at chymotrypsin like site assessed as substrate degradation using Suc-LLVY-AMC as flurogenic substrate preincubated for 15 mins followed by substrate addition and measured after 1 hr by spectrometric analysis";"B";"BAO_0000223";"protein complex format";"Homo sapiens";"None";"None";"None";"None";"";"";"";"CHEMBL3831201";"20S proteasome";"Homo sapiens";"PROTEIN COMPLEX GROUP";"CHEMBL5154893";"1";"Scientific Literature";"J Med Chem";"2022";"None";"TIME = 0.25 hr";"ACTIVATOR";"";"2.4"
"CHEMBL280759";"";"None";"795.98";"2";"4.75";"2";"COc1ccc(CNC(=O)[C@@H](NC(=O)[C@H](NCc2ccccc2)[C@H](O)[C@H](Cc2ccccc2)NC(=O)[C@@H](NC(=O)OCc2ccccc2)C(C)(C)C)C(C)C)c(O)c1";"IC50";"'>'";"20000.0";"nM";"";"";"";"UO_0000065";"";"";"";"";"0";"CHEMBL615352";"Tested in vitro for inhibition of chymotrypsin like activity of purified human 20S proteasome";"B";"BAO_0000220";"subcellular format";"Homo sapiens";"None";"None";"None";"None";"";"";"";"CHEMBL3831201";"20S proteasome";"Homo sapiens";"PROTEIN COMPLEX GROUP";"CHEMBL1136019";"1";"Scientific Literature";"Bioorg Med Chem Lett";"2002";"None";"";"";"";"20.0"
"CHEMBL181131";"";"None";"595.70";"1";"3.59";"TP-104";"CC(C)[C@H](NC(=O)[C@H](Cc1ccc(O)cc1)NC(=O)Cc1cccc2ccccc12)C(=O)NC(C=O)Cc1ccc(O)cc1";"IC50";"'='";"4900.0";"nM";"5.31";"";"";"UO_0000065";"";"";"";"";"0";"CHEMBL837922";"Inhibitory concentration to inhibit the PGPH activity of 20S proteasome prepared from human leukemia HL-60 cells was determined";"F";"BAO_0000220";"subcellular format";"Homo sapiens";"None";"None";"HL-60";"None";"";"";"";"CHEMBL3831201";"20S proteasome";"Homo sapiens";"PROTEIN COMPLEX GROUP";"CHEMBL1143504";"1";"Scientific Literature";"Bioorg Med Chem Lett";"2005";"CHEMBL3307654";"";"";"";"4.9"
"CHEMBL362470";"";"None";"539.67";"1";"2.84";"TP-107";"COc1ccc(CC(C=O)NC(=O)[C@@H](NC(=O)[C@H](Cc2ccc(OC)cc2)NC(=O)CC(C)C)C(C)C)cc1";"IC50";"'='";"37000.0";"nM";"4.43";"";"";"UO_0000065";"";"";"";"";"0";"CHEMBL834792";"Inhibitory concentration to inhibit trypsin-like activity of 20S proteasome from human leukemia HL-60 cells was determined";"F";"BAO_0000220";"subcellular format";"Homo sapiens";"None";"None";"HL-60";"None";"";"";"";"CHEMBL3831201";"20S proteasome";"Homo sapiens";"PROTEIN COMPLEX GROUP";"CHEMBL1143504";"1";"Scientific Literature";"Bioorg Med Chem Lett";"2005";"CHEMBL3307654";"";"";"";"37.0"
"CHEMBL2371767";"";"None";"540.66";"1";"1.36";"TP-111";"COc1ccc(C[C@@H](C=O)NC(=O)[C@@H](NC(=O)[C@H](Cc2ccc(OC)cc2)NC(=O)CN(C)C)C(C)C)cc1";"IC50";"'>'";"100000.0";"nM";"";"";"";"UO_0000065";"";"";"";"";"0";"CHEMBL837922";"Inhibitory concentration to inhibit the PGPH activity of 20S proteasome prepared from human leukemia HL-60 cells was determined";"F";"BAO_0000220";"subcellular format";"Homo sapiens";"None";"None";"HL-60";"None";"";"";"";"CHEMBL3831201";"20S proteasome";"Homo sapiens";"PROTEIN COMPLEX GROUP";"CHEMBL1143504";"1";"Scientific Literature";"Bioorg Med Chem Lett";"2005";"CHEMBL3307654";"";"";"";"100.0"
"CHEMBL368042";"TYROPEPTIN A";"None";"511.62";"1";"2.24";"Tyropeptin A";"CC(C)CC(=O)N[C@@H](Cc1ccc(O)cc1)C(=O)N[C@H](C(=O)NC(C=O)Cc1ccc(O)cc1)C(C)C";"IC50";"'='";"5000.0";"nM";"5.30";"";"";"UO_0000065";"";"";"";"";"0";"CHEMBL834792";"Inhibitory concentration to inhibit trypsin-like activity of 20S proteasome from human leukemia HL-60 cells was determined";"F";"BAO_0000220";"subcellular format";"Homo sapiens";"None";"None";"HL-60";"None";"";"";"";"CHEMBL3831201";"20S proteasome";"Homo sapiens";"PROTEIN COMPLEX GROUP";"CHEMBL1143504";"1";"Scientific Literature";"Bioorg Med Chem Lett";"2005";"CHEMBL3307654";"";"";"";"5.0"
"CHEMBL4762988";"";"None";"390.49";"1";"6.38";"10";"COc1ccc2c(c1)N=C(c1ccccc1)N(c1ccccc1)C2c1ccccc1";"FC";"'='";"9.5";"";"";"";"";"";"";"";"";"";"0";"CHEMBL4736898";"Activation of human 20S proteosome assessed as increase in 7-amino-4-methylcoumarin release at 30 uM using mixture of chymotrypsin-like Suc-LLVY-AMC, trypsin-like Boc-LRR-AMC and caspase-like Z-LLE-AM fluorogenic peptides as substrates preincubated for 15 mins followed by substrate mixture addition and measured for 1 hr by fluorescence assay relative to control";"B";"BAO_0000223";"protein complex format";"Homo sapiens";"None";"None";"None";"None";"";"";"";"CHEMBL3831201";"20S proteasome";"Homo sapiens";"PROTEIN COMPLEX GROUP";"CHEMBL4732168";"1";"Scientific Literature";"Bioorg Med Chem Lett";"2021";"None";"Dose = 30.0 microM | TIME = 1.25 hr";"ACTIVATOR";"";"9.5"
"CHEMBL4799938";"";"None";"444.62";"1";"8.10";"4";"CCCCCc1ccc2c(c1)N=C(c1ccccc1)N(Cc1ccccc1)C2c1ccccc1";"FC";"'='";"2.8";"";"";"";"";"";"";"";"";"";"0";"CHEMBL4736898";"Activation of human 20S proteosome assessed as increase in 7-amino-4-methylcoumarin release at 30 uM using mixture of chymotrypsin-like Suc-LLVY-AMC, trypsin-like Boc-LRR-AMC and caspase-like Z-LLE-AM fluorogenic peptides as substrates preincubated for 15 mins followed by substrate mixture addition and measured for 1 hr by fluorescence assay relative to control";"B";"BAO_0000223";"protein complex format";"Homo sapiens";"None";"None";"None";"None";"";"";"";"CHEMBL3831201";"20S proteasome";"Homo sapiens";"PROTEIN COMPLEX GROUP";"CHEMBL4732168";"1";"Scientific Literature";"Bioorg Med Chem Lett";"2021";"None";"Dose = 30.0 microM | TIME = 1.25 hr";"ACTIVATOR";"";"2.8"
"CHEMBL1534";"RIBOFLAVIN";"4.0";"376.37";"0";"-1.72";"18";"Cc1cc2nc3c(=O)[nH]c(=O)nc-3n(C[C@H](O)[C@H](O)[C@H](O)CO)c2cc1C";"FC";"'='";"4.5";"";"";"";"";"";"";"";"";"";"0";"CHEMBL5345265";"Activation of human 20S proteasome chymotrypsin-like hydrolysis activity assessed as measuring fold increase in protein activity using SucLLVY-MCA as a fluorogenic substrate at 20 uM incubated for 1 hrs by fluorescence based assay relative to DMSO";"B";"BAO_0000223";"protein complex format";"Homo sapiens";"None";"None";"None";"None";"";"";"";"CHEMBL3831201";"20S proteasome";"Homo sapiens";"PROTEIN COMPLEX GROUP";"CHEMBL5344422";"1";"Scientific Literature";"J Nat Prod";"2024";"None";"DOSE = 20.0 microM | TIME = 1.0 hr";"ACTIVATOR";"";"4.5"
"CHEMBL3559672";"RAUWOLFIA SERPENTINA";"4.0";"None";"None";"None";"12";"";"FC";"'='";"1.05";"";"";"";"";"";"";"";"";"";"0";"CHEMBL5345266";"Activation of human 20S proteasome chymotrypsin-like hydrolysis activity assessed as measuring fold increase in protein activity using SucLLVY-MCA as a fluorogenic substrate at 10 uM incubated for 20 mins by fluorescence based assay relative to DMSO";"B";"BAO_0000223";"protein complex format";"Homo sapiens";"None";"None";"None";"None";"";"";"";"CHEMBL3831201";"20S proteasome";"Homo sapiens";"PROTEIN COMPLEX GROUP";"CHEMBL5344422";"1";"Scientific Literature";"J Nat Prod";"2024";"None";"DOSE = 10.0 microM | TIME = 0.3333 hr";"ACTIVATOR";"";"1.05"
"CHEMBL1399124";"SYROSINGOPINE";"2.0";"666.72";"2";"4.70";"1";"CCOC(=O)Oc1c(OC)cc(C(=O)O[C@@H]2C[C@@H]3CN4CCc5c([nH]c6cc(OC)ccc56)[C@H]4C[C@@H]3[C@H](C(=O)OC)[C@H]2OC)cc1OC";"CD";"'='";"0.38";"uM";"";"";"";"UO_0000064";"";"";"";"";"0";"CHEMBL5345270";"Activation of human 20S proteasome caspase-like hydrolysis activity assessed as concentration to doubling the protein activity using SucLLVY-MCA as a fluorogenic substrate measured after 1 hr by fluorescence based assay";"B";"BAO_0000223";"protein complex format";"Homo sapiens";"None";"None";"None";"None";"";"";"";"CHEMBL3831201";"20S proteasome";"Homo sapiens";"PROTEIN COMPLEX GROUP";"CHEMBL5344422";"1";"Scientific Literature";"J Nat Prod";"2024";"None";"TIME = 1.0 hr";"ACTIVATOR";"";"0.38"
"CHEMBL1399124";"SYROSINGOPINE";"2.0";"666.72";"2";"4.70";"1";"CCOC(=O)Oc1c(OC)cc(C(=O)O[C@@H]2C[C@@H]3CN4CCc5c([nH]c6cc(OC)ccc56)[C@H]4C[C@@H]3[C@H](C(=O)OC)[C@H]2OC)cc1OC";"Activity";"";"";"";"";"";"";"";"";"";"";"";"0";"CHEMBL5345277";"Activation of human 20S proteasome assessed as alpha-synuclein degradation incubated for 20 mins by Western blot analysis";"B";"BAO_0000223";"protein complex format";"Homo sapiens";"None";"None";"None";"None";"";"";"";"CHEMBL3831201";"20S proteasome";"Homo sapiens";"PROTEIN COMPLEX GROUP";"CHEMBL5344422";"1";"Scientific Literature";"J Nat Prod";"2024";"None";"TIME = 0.3333 hr";"ACTIVATOR";"Active";""
"CHEMBL772";"RESERPINE";"4.0";"608.69";"1";"4.17";"2";"COC(=O)[C@H]1[C@H]2C[C@@H]3c4[nH]c5cc(OC)ccc5c4CCN3C[C@H]2C[C@@H](OC(=O)c2cc(OC)c(OC)c(OC)c2)[C@@H]1OC";"Activity";"";"";"";"";"";"";"";"";"";"";"";"0";"CHEMBL5345277";"Activation of human 20S proteasome assessed as alpha-synuclein degradation incubated for 20 mins by Western blot analysis";"B";"BAO_0000223";"protein complex format";"Homo sapiens";"None";"None";"None";"None";"";"";"";"CHEMBL3831201";"20S proteasome";"Homo sapiens";"PROTEIN COMPLEX GROUP";"CHEMBL5344422";"1";"Scientific Literature";"J Nat Prod";"2024";"None";"TIME = 0.3333 hr";"ACTIVATOR";"Active";""
"CHEMBL5290569";"";"None";"397.56";"0";"2.33";"2; ALLN1";"CCCC[C@@H](C=O)NC(=O)[C@H](CC(C)C)NC(=O)[C@@H](CC(C)C)NC(=O)CC";"IC50";"'='";"90.0";"nM";"7.05";"";"";"UO_0000065";"17.72";"0.34";"4.72";"6.75";"0";"CHEMBL5223567";"Inhibition of 20S proteasome (unknown origin)";"B";"BAO_0000223";"protein complex format";"Homo sapiens";"None";"None";"None";"None";"";"";"";"CHEMBL3831201";"20S proteasome";"Homo sapiens";"PROTEIN COMPLEX GROUP";"CHEMBL5223078";"1";"Scientific Literature";"J Med Chem";"2021";"None";"";"INHIBITOR";"";"90.0"
"CHEMBL5193289";"";"None";"368.85";"1";"6.05";"7";"O=[N+]([O-])c1cccc(CN2c3ccccc3Sc3ccc(Cl)cc32)c1";"EC200";"'='";"1.1";"uM";"";"";"";"UO_0000064";"";"";"";"";"0";"CHEMBL5166183";"Activation of human 20S proteosome assessed as substrate degradation using Suc-LLVY-AMC/Z-LLE-AMC/Boc-LLR-AMC as flurogenic substrate preincubated for 15 mins followed by substrate addition and measured after 1 hr by spectrometric analysis";"B";"BAO_0000223";"protein complex format";"Homo sapiens";"None";"None";"None";"None";"";"";"";"CHEMBL3831201";"20S proteasome";"Homo sapiens";"PROTEIN COMPLEX GROUP";"CHEMBL5154893";"1";"Scientific Literature";"J Med Chem";"2022";"None";"TIME = 0.25 hr";"ACTIVATOR";"";"1.1"
"CHEMBL5189747";"";"None";"314.84";"1";"5.64";"10";"N#CCCCCN1c2ccccc2Sc2ccc(Cl)cc21";"EC200";"'>'";"80.0";"uM";"";"";"";"UO_0000064";"";"";"";"";"0";"CHEMBL5166183";"Activation of human 20S proteosome assessed as substrate degradation using Suc-LLVY-AMC/Z-LLE-AMC/Boc-LLR-AMC as flurogenic substrate preincubated for 15 mins followed by substrate addition and measured after 1 hr by spectrometric analysis";"B";"BAO_0000223";"protein complex format";"Homo sapiens";"None";"None";"None";"None";"";"";"";"CHEMBL3831201";"20S proteasome";"Homo sapiens";"PROTEIN COMPLEX GROUP";"CHEMBL5154893";"1";"Scientific Literature";"J Med Chem";"2022";"None";"TIME = 0.25 hr";"";"";"80.0"
"CHEMBL5180908";"";"None";"353.87";"1";"6.15";"4";"COc1cccc(CN2c3ccccc3Sc3ccc(Cl)cc32)c1";"EC200";"'='";"1.3";"uM";"";"";"";"UO_0000064";"";"";"";"";"0";"CHEMBL5166185";"Activation of human 20S proteosome at caspase-like site assessed as substrate degradation using Z-LLE-AMC as flurogenic substrate preincubated for 15 mins followed by substrate addition and measured after 1 hr by spectrometric analysis";"B";"BAO_0000223";"protein complex format";"Homo sapiens";"None";"None";"None";"None";"";"";"";"CHEMBL3831201";"20S proteasome";"Homo sapiens";"PROTEIN COMPLEX GROUP";"CHEMBL5154893";"1";"Scientific Literature";"J Med Chem";"2022";"None";"TIME = 0.25 hr";"ACTIVATOR";"";"1.3"
"CHEMBL5192898";"";"None";"492.98";"1";"7.98";"19";"O=C(CCN1c2ccccc2Sc2ccc(Cl)cc21)N(c1ccc(F)cc1)c1ccc(F)cc1";"EC200";"'='";"1.8";"uM";"";"";"";"UO_0000064";"";"";"";"";"0";"CHEMBL5166185";"Activation of human 20S proteosome at caspase-like site assessed as substrate degradation using Z-LLE-AMC as flurogenic substrate preincubated for 15 mins followed by substrate addition and measured after 1 hr by spectrometric analysis";"B";"BAO_0000223";"protein complex format";"Homo sapiens";"None";"None";"None";"None";"";"";"";"CHEMBL3831201";"20S proteasome";"Homo sapiens";"PROTEIN COMPLEX GROUP";"CHEMBL5154893";"1";"Scientific Literature";"J Med Chem";"2022";"None";"TIME = 0.25 hr";"ACTIVATOR";"";"1.8"
"CHEMBL4777320";"";"None";"487.65";"1";"6.84";"18";"COc1ccc2c(c1)N=C(c1ccccc1)N(C1CCN(Cc3ccccc3)CC1)C2c1ccccc1";"AC200";"'='";"10.5";"uM";"";"";"";"UO_0000064";"";"";"";"";"0";"CHEMBL4736903";"Activation of human 20S proteosome assessed as concentration required to cause double the proteosome activity using chymotrypsin-like Suc-LLVY-AMC fluorogenic peptide as substrate";"B";"BAO_0000223";"protein complex format";"Homo sapiens";"None";"None";"None";"None";"";"";"";"CHEMBL3831201";"20S proteasome";"Homo sapiens";"PROTEIN COMPLEX GROUP";"CHEMBL4732168";"1";"Scientific Literature";"Bioorg Med Chem Lett";"2021";"None";"";"ACTIVATOR";"";"10.5"
"CHEMBL64925";"MG-132";"None";"475.63";"0";"3.59";"MG132";"CC(C)C[C@@H](C=O)NC(=O)[C@H](CC(C)C)NC(=O)[C@H](CC(C)C)NC(=O)OCc1ccccc1";"IC50";"'='";"68.0";"nM";"7.17";"";"";"UO_0000065";"";"";"";"";"0";"CHEMBL874816";"Inhibitory concentration to inhibit chymotrypsin-like activity of 20S proteasome prepared from human leukemia HL-60 cells was determined";"F";"BAO_0000220";"subcellular format";"Homo sapiens";"None";"None";"HL-60";"None";"";"";"";"CHEMBL3831201";"20S proteasome";"Homo sapiens";"PROTEIN COMPLEX GROUP";"CHEMBL1143504";"1";"Scientific Literature";"Bioorg Med Chem Lett";"2005";"CHEMBL3307654";"";"";"";"0.068"
"CHEMBL4574810";"";"None";"1272.48";"None";"None";"2";"C[C@H](NC(=O)[C@H](Cc1ccc(O)cc1)NC(=O)[C@H](Cc1ccc(O)cc1)NC(=O)[C@@H]1CCCN1C(=O)[C@@H]1CCCN1C(=O)[C@@H]1CCCN1C(=O)[C@@H]1CCCN1C(=O)[C@H](CCCNC(=N)N)NC(=O)[C@H](CCCNC(=N)N)NC(=O)[C@@H](N)CCCNC(=N)N)C(=O)O";"Activity";"'='";"18.0";"%";"";"";"";"UO_0000187";"";"";"";"";"0";"CHEMBL4371826";"Effect on alpha-face conformations of latent human erythrocytes 20S proteasome assessed as open state conformation at 1 uM by atomic force microscopic method (Rvb = 7%)";"B";"BAO_0000019";"assay format";"Homo sapiens";"None";"None";"None";"None";"";"";"";"CHEMBL3831201";"20S proteasome";"Homo sapiens";"PROTEIN COMPLEX GROUP";"CHEMBL4371016";"1";"Scientific Literature";"J Med Chem";"2019";"None";"";"";"";"18.0"
"CHEMBL76284";"";"None";"500.60";"1";"0.98";"7b";"COC(=O)CCCCCCCC(=O)NC(CCC/N=C(\N)N[N+](=O)[O-])C(=O)NC(C=O)CC(C)C";"IC50";"'='";"40.0";"nM";"7.40";"";"";"UO_0000065";"14.78";"0.29";"6.42";"3.79";"0";"CHEMBL615353";"Compound was evaluated for inhibitory activity against 20S proteasome from human liver and brain";"B";"BAO_0000220";"subcellular format";"Homo sapiens";"CHEMBL3638188";"Brain";"None";"None";"";"";"";"CHEMBL3831201";"20S proteasome";"Homo sapiens";"PROTEIN COMPLEX GROUP";"CHEMBL1128409";"1";"Scientific Literature";"J Med Chem";"1995";"None";"";"";"";"40.0"
"CHEMBL5173843";"";"None";"387.61";"1";"7.05";"17";"CCCCCCCC/C=C\CCCCCCCC(=O)NCc1ccc(O)cc1";"Activity";"";"";"";"";"";"";"";"";"";"";"";"0";"CHEMBL5107500";"Activation of human 20S proteasome mediated degradation of alpha-synuclein assessed as amount of alpha-synuclein remaining at 25 uM and incubated for 2 hrs by Coomassie staining based SDS-PAGE analysis";"B";"BAO_0000223";"protein complex format";"Homo sapiens";"None";"None";"None";"None";"";"";"";"CHEMBL3831201";"20S proteasome";"Homo sapiens";"PROTEIN COMPLEX GROUP";"CHEMBL5104206";"1";"Scientific Literature";"RSC Med Chem";"2022";"None";"Dose = 25.0 microM | TIME = 2.0 hr";"ACTIVATOR";"Active";""
"CHEMBL5176314";"";"None";"413.69";"1";"8.96";"5";"CCCCCCCC/C=C\CCCCCCCC(=O)Nc1ccc(C(C)(C)C)cc1";"Activity";"'='";"68.0";"%";"";"";"";"UO_0000187";"";"";"";"";"0";"CHEMBL5107497";"Stimulation of human 20S proteasome assessed as increase in proteasome activity at 25 uM and measured upto 60 mins using FRET peptide as substrate by FRET assay relative to control";"B";"BAO_0000223";"protein complex format";"Homo sapiens";"None";"None";"None";"None";"";"";"";"CHEMBL3831201";"20S proteasome";"Homo sapiens";"PROTEIN COMPLEX GROUP";"CHEMBL5104206";"1";"Scientific Literature";"RSC Med Chem";"2022";"None";"Dose = 25.0 microM | TIME <= 1.0 hr";"ACTIVATOR";"";"68.0"
"CHEMBL5208573";"";"None";"748.97";"2";"5.23";"48";"CC(C)(C)CNC(=O)C[C@H](NC(=O)N1CCC(C(=O)N2CCc3ccccc32)CC1)C(=O)N[C@@H](CCc1ccccc1)C(=O)N[C@@H]1CCCc2ccccc21";"IC50";"'='";"7.24";"nM";"8.14";"";"";"UO_0000065";"10.87";"0.20";"2.91";"5.82";"0";"CHEMBL5159800";"Inhibition of chymotrypsin-like activity of human 20S proteasome using Suc-Leu Leu-Val-Tyr-AMC as substrate preincubated for 15 mins followed by substrate addition measured by fluorescence assay";"B";"BAO_0000223";"protein complex format";"Homo sapiens";"None";"None";"None";"None";"";"";"";"CHEMBL3831201";"20S proteasome";"Homo sapiens";"PROTEIN COMPLEX GROUP";"CHEMBL5154760";"1";"Scientific Literature";"Eur J Med Chem";"2022";"None";"TIME = 0.25 hr";"INHIBITOR";"";"7.24"
"CHEMBL5190485";"";"None";"771.40";"2";"5.96";"49";"CN(C(=O)C1CCN(C(=O)N[C@@H](CC(=O)NCC(C)(C)C)C(=O)N[C@@H](CCc2ccccc2)C(=O)N[C@@H]2CCCc3ccccc32)CC1)c1ccccc1Cl";"IC50";"'='";"21.56";"nM";"7.67";"";"";"UO_0000065";"9.94";"0.19";"1.71";"5.48";"0";"CHEMBL5159800";"Inhibition of chymotrypsin-like activity of human 20S proteasome using Suc-Leu Leu-Val-Tyr-AMC as substrate preincubated for 15 mins followed by substrate addition measured by fluorescence assay";"B";"BAO_0000223";"protein complex format";"Homo sapiens";"None";"None";"None";"None";"";"";"";"CHEMBL3831201";"20S proteasome";"Homo sapiens";"PROTEIN COMPLEX GROUP";"CHEMBL5154760";"1";"Scientific Literature";"Eur J Med Chem";"2022";"None";"TIME = 0.25 hr";"INHIBITOR";"";"21.56"
"CHEMBL4558727";"";"None";"339.48";"1";"6.14";"S8";"CCCCCCCCCC(=O)Nc1cc(-c2ccccc2)ccc1O";"Activity";"'='";"20.0";"%";"";"";"";"UO_0000187";"";"";"";"";"0";"CHEMBL4373369";"Stimulation of human 20S proteasome at 25 uM using 11 amino acid FRET peptide as substrate measured every 2 mins over 1 hr by FRET assay relative to control";"B";"BAO_0000223";"protein complex format";"Homo sapiens";"None";"None";"None";"None";"";"";"";"CHEMBL3831201";"20S proteasome";"Homo sapiens";"PROTEIN COMPLEX GROUP";"CHEMBL4371088";"1";"Scientific Literature";"Bioorg Med Chem Lett";"2019";"None";"";"";"";"20.0"
"CHEMBL4549125";"";"None";"269.34";"0";"4.19";"S4";"CCCCC(=O)Nc1cc(-c2ccccc2)ccc1O";"Activity";"'='";"0.0";"%";"";"";"";"UO_0000187";"";"";"";"";"0";"CHEMBL4373369";"Stimulation of human 20S proteasome at 25 uM using 11 amino acid FRET peptide as substrate measured every 2 mins over 1 hr by FRET assay relative to control";"B";"BAO_0000223";"protein complex format";"Homo sapiens";"None";"None";"None";"None";"";"";"";"CHEMBL3831201";"20S proteasome";"Homo sapiens";"PROTEIN COMPLEX GROUP";"CHEMBL4371088";"1";"Scientific Literature";"Bioorg Med Chem Lett";"2019";"None";"";"";"";"0.0"
"CHEMBL4591965";"";"None";"235.33";"0";"3.69";"5";"CCCCCCCC(=O)Nc1ccc(O)cc1";"Activity";"'='";"7.0";"%";"";"";"";"UO_0000187";"";"";"";"";"0";"CHEMBL4373369";"Stimulation of human 20S proteasome at 25 uM using 11 amino acid FRET peptide as substrate measured every 2 mins over 1 hr by FRET assay relative to control";"B";"BAO_0000223";"protein complex format";"Homo sapiens";"None";"None";"None";"None";"";"";"";"CHEMBL3831201";"20S proteasome";"Homo sapiens";"PROTEIN COMPLEX GROUP";"CHEMBL4371088";"1";"Scientific Literature";"Bioorg Med Chem Lett";"2019";"None";"";"";"";"7.0"
"CHEMBL4465206";"";"None";"207.27";"0";"2.91";"3";"CCCCCC(=O)Nc1ccc(O)cc1";"Activity";"'='";"9.0";"%";"";"";"";"UO_0000187";"";"";"";"";"0";"CHEMBL4373369";"Stimulation of human 20S proteasome at 25 uM using 11 amino acid FRET peptide as substrate measured every 2 mins over 1 hr by FRET assay relative to control";"B";"BAO_0000223";"protein complex format";"Homo sapiens";"None";"None";"None";"None";"";"";"";"CHEMBL3831201";"20S proteasome";"Homo sapiens";"PROTEIN COMPLEX GROUP";"CHEMBL4371088";"1";"Scientific Literature";"Bioorg Med Chem Lett";"2019";"None";"";"";"";"9.0"
"CHEMBL26634";"";"None";"826.00";"2";"4.75";"4";"COc1cccc(CN[C@@H](C(=O)N[C@H](C(=O)NCc2ccc(OC)cc2O)C(C)C)[C@H](O)[C@H](Cc2ccccc2)NC(=O)[C@@H](NC(=O)OCc2ccccc2)C(C)(C)C)c1";"IC50";"'='";"1500.0";"nM";"5.82";"";"";"UO_0000065";"7.05";"0.13";"1.07";"2.96";"0";"CHEMBL615352";"Tested in vitro for inhibition of chymotrypsin like activity of purified human 20S proteasome";"B";"BAO_0000220";"subcellular format";"Homo sapiens";"None";"None";"None";"None";"";"";"";"CHEMBL3831201";"20S proteasome";"Homo sapiens";"PROTEIN COMPLEX GROUP";"CHEMBL1136019";"1";"Scientific Literature";"Bioorg Med Chem Lett";"2002";"None";"";"";"";"1.5"
"CHEMBL51483";"GOSSYPOL";"3.0";"518.56";"3";"6.38";"(+)-gossypol";"Cc1cc2c(C(C)C)c(O)c(O)c(C=O)c2c(O)c1-c1c(C)cc2c(C(C)C)c(O)c(O)c(C=O)c2c1O";"FC";"'='";"4.0";"";"";"";"";"";"";"";"";"";"0";"CHEMBL5345265";"Activation of human 20S proteasome chymotrypsin-like hydrolysis activity assessed as measuring fold increase in protein activity using SucLLVY-MCA as a fluorogenic substrate at 20 uM incubated for 1 hrs by fluorescence based assay relative to DMSO";"B";"BAO_0000223";"protein complex format";"Homo sapiens";"None";"None";"None";"None";"";"";"";"CHEMBL3831201";"20S proteasome";"Homo sapiens";"PROTEIN COMPLEX GROUP";"CHEMBL5344422";"1";"Scientific Literature";"J Nat Prod";"2024";"None";"DOSE = 20.0 microM | TIME = 1.0 hr";"ACTIVATOR";"";"4.0"
"CHEMBL411716";"";"None";"400.48";"0";"2.19";"8";"COc1ccc2c3c([nH]c2c1)[C@H]1C[C@H]2[C@H](C[C@@H](O)[C@H](OC)[C@H]2C(=O)O)CN1CC3";"FC";"'<'";"3.0";"";"";"";"";"";"";"";"";"";"0";"CHEMBL5345265";"Activation of human 20S proteasome chymotrypsin-like hydrolysis activity assessed as measuring fold increase in protein activity using SucLLVY-MCA as a fluorogenic substrate at 20 uM incubated for 1 hrs by fluorescence based assay relative to DMSO";"B";"BAO_0000223";"protein complex format";"Homo sapiens";"None";"None";"None";"None";"";"";"";"CHEMBL3831201";"20S proteasome";"Homo sapiens";"PROTEIN COMPLEX GROUP";"CHEMBL5344422";"1";"Scientific Literature";"J Nat Prod";"2024";"None";"DOSE = 20.0 microM | TIME = 1.0 hr";"";"";"3.0"
"CHEMBL5412210";"";"None";"679.77";"1";"2.90";"15a";"CC(=O)N[C@H]1Cc2ccc([N+](=O)[O-])c(c2)Oc2ccc(cc2)C[C@@H](C(=O)N[C@@H](CC(C)C)C(=O)[C@@]2(C)CO2)NC(=O)[C@H](CC(C)C)NC1=O";"Inhibition";"";"";"%";"";"";"";"UO_0000187";"";"";"";"";"0";"CHEMBL5338553";"Inhibition of human 20S proteasome PGPH-like activity using Cbz-LLE-AMC as a fluorogenic substrate at 130 uM measured every 20 seconds for 10 mins by fluorescence based assay";"B";"BAO_0000223";"protein complex format";"Homo sapiens";"None";"None";"None";"None";"";"";"";"CHEMBL3831201";"20S proteasome";"Homo sapiens";"PROTEIN COMPLEX GROUP";"CHEMBL5335865";"1";"Scientific Literature";"ACS Med Chem Lett";"2024";"None";"DOSE = 130.0 microM | TIME = 0.1667 hr";"";"Not active";""
"CHEMBL4444335";"";"None";"263.38";"0";"4.47";"S3";"CCCCCCCCCC(=O)Nc1ccccc1O";"Activity";"'='";"24.0";"%";"";"";"";"UO_0000187";"";"";"";"";"0";"CHEMBL4373369";"Stimulation of human 20S proteasome at 25 uM using 11 amino acid FRET peptide as substrate measured every 2 mins over 1 hr by FRET assay relative to control";"B";"BAO_0000223";"protein complex format";"Homo sapiens";"None";"None";"None";"None";"";"";"";"CHEMBL3831201";"20S proteasome";"Homo sapiens";"PROTEIN COMPLEX GROUP";"CHEMBL4371088";"1";"Scientific Literature";"Bioorg Med Chem Lett";"2019";"None";"";"";"";"24.0"
"CHEMBL4583651";"";"None";"278.44";"1";"5.66";"15";"CCCCC/C=C\C/C=C\CCCCC/C=C/C(=O)O";"Activity";"'='";"160.0";"%";"";"";"";"UO_0000187";"";"";"";"";"0";"CHEMBL4373369";"Stimulation of human 20S proteasome at 25 uM using 11 amino acid FRET peptide as substrate measured every 2 mins over 1 hr by FRET assay relative to control";"B";"BAO_0000223";"protein complex format";"Homo sapiens";"None";"None";"None";"None";"";"";"";"CHEMBL3831201";"20S proteasome";"Homo sapiens";"PROTEIN COMPLEX GROUP";"CHEMBL4371088";"1";"Scientific Literature";"Bioorg Med Chem Lett";"2019";"None";"";"";"";"160.0"
"CHEMBL4468400";"";"None";"177.20";"0";"1.91";"11";"C/C=C/C(=O)Nc1ccc(O)cc1";"Activity";"'='";"9.0";"%";"";"";"";"UO_0000187";"";"";"";"";"0";"CHEMBL4373369";"Stimulation of human 20S proteasome at 25 uM using 11 amino acid FRET peptide as substrate measured every 2 mins over 1 hr by FRET assay relative to control";"B";"BAO_0000223";"protein complex format";"Homo sapiens";"None";"None";"None";"None";"";"";"";"CHEMBL3831201";"20S proteasome";"Homo sapiens";"PROTEIN COMPLEX GROUP";"CHEMBL4371088";"1";"Scientific Literature";"Bioorg Med Chem Lett";"2019";"None";"";"";"";"9.0"
"CHEMBL4452589";"";"None";"1667.99";"None";"None";"6";"CC(C)C[C@H](NC(=O)[C@H](Cc1ccc(O)cc1)NC(=O)[C@@H]1CCCN1C(=O)[C@@H]1CCCN1C(=O)[C@H](CCCNC(=N)N)NC(=O)[C@@H]1CCCN1C(=O)[C@H](CCCNC(=N)N)NC(=O)[C@H](CCCNC(=N)N)NC(=O)[C@@H](N)CCCNC(=N)N)C(=O)N1CCC[C@H]1C(=O)N[C@@H](CCCNC(=N)N)C(=O)N[C@@H](Cc1ccccc1)C(=O)NCC(=O)O";"Activity";"";"";"";"";"";"";"";"";"";"";"";"0";"CHEMBL4371818";"Negative allosteric modulation of SDS-activated human erythrocytes 20S proteasome assessed as reduction in human alpha-synuclein degradation at 1 uM after 1 hr by SDS-PAGE analysis";"B";"BAO_0000019";"assay format";"Homo sapiens";"None";"None";"None";"None";"";"";"";"CHEMBL3831201";"20S proteasome";"Homo sapiens";"PROTEIN COMPLEX GROUP";"CHEMBL4371016";"1";"Scientific Literature";"J Med Chem";"2019";"None";"";"";"Active";""
"CHEMBL4473076";"";"None";"1258.51";"None";"None";"4";"CC(C)C[C@H](NC(=O)[C@H](Cc1ccc(O)cc1)NC(=O)[C@H](CCCNC(=N)N)NC(=O)[C@H](CCCNC(=N)N)NC(=O)[C@@H](N)CCCNC(=N)N)C(=O)N1CCC[C@H]1C(=O)N[C@@H](CCCNC(=N)N)C(=O)N[C@@H](Cc1c[nH]c2ccccc12)C(=O)NCC(N)=O";"Activity";"";"";"";"";"";"";"";"";"";"";"";"0";"CHEMBL4371819";"Negative allosteric modulation of SDS-activated human erythrocytes 20S proteasome assessed as reduction in human alpha-synuclein degradation at 10 uM after 1 hr by SDS-PAGE analysis";"B";"BAO_0000019";"assay format";"Homo sapiens";"None";"None";"None";"None";"";"";"";"CHEMBL3831201";"20S proteasome";"Homo sapiens";"PROTEIN COMPLEX GROUP";"CHEMBL4371016";"1";"Scientific Literature";"J Med Chem";"2019";"None";"";"";"Active";""
"CHEMBL5177125";"";"None";"332.86";"0";"4.60";"11";"NC(=O)CCCCN1c2ccccc2Sc2ccc(Cl)cc21";"EC200";"'>'";"80.0";"uM";"";"";"";"UO_0000064";"";"";"";"";"0";"CHEMBL5166189";"Activation of human 20S proteosome at chymotrypsin like site assessed as substrate degradation using Suc-LLVY-AMC as flurogenic substrate preincubated for 15 mins followed by substrate addition and measured after 1 hr by spectrometric analysis";"B";"BAO_0000223";"protein complex format";"Homo sapiens";"None";"None";"None";"None";"";"";"";"CHEMBL3831201";"20S proteasome";"Homo sapiens";"PROTEIN COMPLEX GROUP";"CHEMBL5154893";"1";"Scientific Literature";"J Med Chem";"2022";"None";"TIME = 0.25 hr";"";"";"80.0"
"CHEMBL465843";"PIPLARTINE";"None";"317.34";"0";"2.04";"1";"COc1cc(/C=C/C(=O)N2CCC=CC2=O)cc(OC)c1OC";"IC50";"'='";"15000.0";"nM";"4.82";"";"";"UO_0000065";"15.20";"0.29";"2.78";"7.41";"1";"CHEMBL5346223";"Inhibition of recombinant human 20S constitutive proteasome";"B";"BAO_0000223";"protein complex format";"Homo sapiens";"None";"None";"None";"None";"";"";"";"CHEMBL3831201";"20S proteasome";"Homo sapiens";"PROTEIN COMPLEX GROUP";"CHEMBL5344448";"1";"Scientific Literature";"J Nat Prod";"2024";"None";"";"INHIBITOR";"";"15.0"
"CHEMBL5182203";"";"None";"381.88";"1";"6.07";"6";"CC(=O)Oc1ccc(CN2c3ccccc3Sc3ccc(Cl)cc32)cc1";"EC200";"'>'";"80.0";"uM";"";"";"";"UO_0000064";"";"";"";"";"0";"CHEMBL5166183";"Activation of human 20S proteosome assessed as substrate degradation using Suc-LLVY-AMC/Z-LLE-AMC/Boc-LLR-AMC as flurogenic substrate preincubated for 15 mins followed by substrate addition and measured after 1 hr by spectrometric analysis";"B";"BAO_0000223";"protein complex format";"Homo sapiens";"None";"None";"None";"None";"";"";"";"CHEMBL3831201";"20S proteasome";"Homo sapiens";"PROTEIN COMPLEX GROUP";"CHEMBL5154893";"1";"Scientific Literature";"J Med Chem";"2022";"None";"TIME = 0.25 hr";"";"";"80.0"
"CHEMBL5171842";"";"None";"380.90";"1";"5.97";"18";"O=C(CCN1c2ccccc2Sc2ccc(Cl)cc21)Nc1ccccc1";"EC200";"'>'";"80.0";"uM";"";"";"";"UO_0000064";"";"";"";"";"0";"CHEMBL5166185";"Activation of human 20S proteosome at caspase-like site assessed as substrate degradation using Z-LLE-AMC as flurogenic substrate preincubated for 15 mins followed by substrate addition and measured after 1 hr by spectrometric analysis";"B";"BAO_0000223";"protein complex format";"Homo sapiens";"None";"None";"None";"None";"";"";"";"CHEMBL3831201";"20S proteasome";"Homo sapiens";"PROTEIN COMPLEX GROUP";"CHEMBL5154893";"1";"Scientific Literature";"J Med Chem";"2022";"None";"TIME = 0.25 hr";"";"";"80.0"
"CHEMBL5179910";"";"None";"538.67";"2";"5.34";"1d";"O=C(NCc1ccccc1C(=O)N[C@H](/C=C/S(=O)(=O)c1ccccc1)CCc1ccccc1)c1ccccc1";"Inhibition";"'='";"23.0";"%";"";"";"";"UO_0000187";"";"";"";"";"0";"CHEMBL5115913";"Inhibition of human 20S proteasome trypsin-like activity at 11 uM using Boc-Leu-Arg-Arg-AMC as fluorogenic substrate by fluorometric assay";"B";"BAO_0000223";"protein complex format";"Homo sapiens";"None";"None";"None";"None";"";"";"";"CHEMBL3831201";"20S proteasome";"Homo sapiens";"PROTEIN COMPLEX GROUP";"CHEMBL5113413";"1";"Scientific Literature";"Eur J Med Chem";"2022";"None";"Dose = 11.0 microM";"";"";"23.0"
"CHEMBL5432014";"";"None";"754.81";"2";"2.52";"6";"CC(=O)N[C@@H](Cc1ccc([N+](=O)[O-])c(F)c1)C(=O)N[C@@H](CC(C)C)C(=O)N[C@@H](CC1C(=O)Nc2ccc(O)cc21)C(=O)N[C@@H](CC(C)C)C(=O)[C@@]1(C)CO1";"IC50";"'='";"1000.0";"nM";"6.00";"";"";"UO_0000065";"7.95";"0.15";"3.48";"2.52";"0";"CHEMBL5338549";"Inhibition of human 20S proteasome chymotrypsin-like activity using Suc-LLVY-AMC as a fluorogenic substrate measured every 20 seconds for 10 mins by fluorescence based assay";"B";"BAO_0000223";"protein complex format";"Homo sapiens";"None";"None";"None";"None";"";"";"";"CHEMBL3831201";"20S proteasome";"Homo sapiens";"PROTEIN COMPLEX GROUP";"CHEMBL5335865";"1";"Scientific Literature";"ACS Med Chem Lett";"2024";"None";"TIME = 0.1667 hr";"INHIBITOR";"";"1.0"
"CHEMBL384099";"CINNABARAMIDE A";"None";"335.44";"0";"2.47";"1";"CCCCCC[C@H]1C(=O)N[C@@]2([C@@H](O)[C@@H]3C=CCCC3)C(=O)O[C@@]12C";"IC50";"'='";"1.0";"nM";"9.00";"";"";"UO_0000065";"26.83";"0.51";"6.53";"11.90";"0";"CHEMBL909078";"Inhibition of human 20S proteasome";"B";"BAO_0000220";"subcellular format";"Homo sapiens";"None";"None";"None";"None";"";"";"";"CHEMBL3831201";"20S proteasome";"Homo sapiens";"PROTEIN COMPLEX GROUP";"CHEMBL1141377";"1";"Scientific Literature";"J Nat Prod";"2007";"None";"";"";"";"1.0"
"CHEMBL221018";"CINNABARAMIDE C";"None";"319.45";"0";"3.50";"3";"CCCCCC[C@H]1C(=O)N[C@@]2(C[C@@H]3C=CCCC3)C(=O)O[C@@]12C";"IC50";"'='";"12.0";"nM";"7.92";"";"";"UO_0000065";"24.80";"0.47";"4.42";"14.30";"0";"CHEMBL909078";"Inhibition of human 20S proteasome";"B";"BAO_0000220";"subcellular format";"Homo sapiens";"None";"None";"None";"None";"";"";"";"CHEMBL3831201";"20S proteasome";"Homo sapiens";"PROTEIN COMPLEX GROUP";"CHEMBL1141377";"1";"Scientific Literature";"J Nat Prod";"2007";"None";"";"";"";"12.0"
"CHEMBL387140";"CINNABARAMIDE B";"None";"351.44";"0";"1.45";"2";"CCCCCC(O)[C@H]1C(=O)N[C@@]2([C@@H](O)[C@@H]3C=CCCC3)C(=O)O[C@@]12C";"IC50";"'='";"245.0";"nM";"6.61";"";"";"UO_0000065";"18.81";"0.36";"5.16";"6.90";"0";"CHEMBL909078";"Inhibition of human 20S proteasome";"B";"BAO_0000220";"subcellular format";"Homo sapiens";"None";"None";"None";"None";"";"";"";"CHEMBL3831201";"20S proteasome";"Homo sapiens";"PROTEIN COMPLEX GROUP";"CHEMBL1141377";"1";"Scientific Literature";"J Nat Prod";"2007";"None";"";"";"";"245.0"
"CHEMBL374308";"LACTACYSTIN";"None";"376.43";"0";"-1.28";"Lactacystin";"CC(=O)N[C@@H](CSC(=O)[C@]1([C@@H](O)C(C)C)NC(=O)[C@H](C)[C@@H]1O)C(=O)O";"IC50";"'='";"259.0";"nM";"6.59";"";"";"UO_0000065";"17.50";"0.36";"7.87";"4.30";"0";"CHEMBL909078";"Inhibition of human 20S proteasome";"B";"BAO_0000220";"subcellular format";"Homo sapiens";"None";"None";"None";"None";"";"";"";"CHEMBL3831201";"20S proteasome";"Homo sapiens";"PROTEIN COMPLEX GROUP";"CHEMBL1141377";"1";"Scientific Literature";"J Nat Prod";"2007";"None";"";"";"";"259.0"
"CHEMBL25589";"";"None";"826.00";"2";"4.75";"1";"COc1ccc(CN[C@@H](C(=O)N[C@H](C(=O)NCc2ccc(OC)cc2O)C(C)C)[C@H](O)[C@H](Cc2ccccc2)NC(=O)[C@@H](NC(=O)OCc2ccccc2)C(C)(C)C)cc1";"IC50";"'='";"900.0";"nM";"6.05";"";"";"UO_0000065";"7.32";"0.14";"1.30";"3.08";"0";"CHEMBL615352";"Tested in vitro for inhibition of chymotrypsin like activity of purified human 20S proteasome";"B";"BAO_0000220";"subcellular format";"Homo sapiens";"None";"None";"None";"None";"";"";"";"CHEMBL3831201";"20S proteasome";"Homo sapiens";"PROTEIN COMPLEX GROUP";"CHEMBL1136019";"1";"Scientific Literature";"Bioorg Med Chem Lett";"2002";"None";"";"";"";"0.9"
"CHEMBL5571367";"";"None";"646.57";"None";"None";"42g";"COC[C@H](NC(=O)c1cc(Cc2n[nH]c(=O)c3ccccc23)ccc1F)C(=O)N[C@@H](CC(C)C)B1O[C@@H]2C[C@@H]3C[C@@H](C3(C)C)[C@]2(C)O1";"IC50";"'='";"21.4";"nM";"7.67";"";"";"UO_0000065";"11.86";"None";"None";"None";"0";"CHEMBL5528522";"Inhibition of 20S proteasome (unknown origin) using Suv-LLVY-AMC as substrate";"B";"BAO_0000223";"protein complex format";"Homo sapiens";"None";"None";"None";"None";"";"";"";"CHEMBL3831201";"20S proteasome";"Homo sapiens";"PROTEIN COMPLEX GROUP";"CHEMBL5528008";"1";"Scientific Literature";"Eur J Med Chem";"2024";"None";"";"INHIBITOR";"";"21.4"
"CHEMBL181235";"";"None";"545.64";"1";"2.44";"TP-102";"CC(C)[C@H](NC(=O)[C@H](Cc1ccc(O)cc1)NC(=O)Cc1ccccc1)C(=O)NC(C=O)Cc1ccc(O)cc1";"IC50";"'='";"27.0";"nM";"7.57";"";"";"UO_0000065";"";"";"";"";"0";"CHEMBL874816";"Inhibitory concentration to inhibit chymotrypsin-like activity of 20S proteasome prepared from human leukemia HL-60 cells was determined";"F";"BAO_0000220";"subcellular format";"Homo sapiens";"None";"None";"HL-60";"None";"";"";"";"CHEMBL3831201";"20S proteasome";"Homo sapiens";"PROTEIN COMPLEX GROUP";"CHEMBL1143504";"1";"Scientific Literature";"Bioorg Med Chem Lett";"2005";"CHEMBL3307654";"";"";"";"0.027"
"CHEMBL181235";"";"None";"545.64";"1";"2.44";"TP-102";"CC(C)[C@H](NC(=O)[C@H](Cc1ccc(O)cc1)NC(=O)Cc1ccccc1)C(=O)NC(C=O)Cc1ccc(O)cc1";"IC50";"'='";"16000.0";"nM";"4.80";"";"";"UO_0000065";"";"";"";"";"0";"CHEMBL837922";"Inhibitory concentration to inhibit the PGPH activity of 20S proteasome prepared from human leukemia HL-60 cells was determined";"F";"BAO_0000220";"subcellular format";"Homo sapiens";"None";"None";"HL-60";"None";"";"";"";"CHEMBL3831201";"20S proteasome";"Homo sapiens";"PROTEIN COMPLEX GROUP";"CHEMBL1143504";"1";"Scientific Literature";"Bioorg Med Chem Lett";"2005";"CHEMBL3307654";"";"";"";"16.0"
"CHEMBL181235";"";"None";"545.64";"1";"2.44";"TP-102";"CC(C)[C@H](NC(=O)[C@H](Cc1ccc(O)cc1)NC(=O)Cc1ccccc1)C(=O)NC(C=O)Cc1ccc(O)cc1";"IC50";"'='";"2000.0";"nM";"5.70";"";"";"UO_0000065";"";"";"";"";"0";"CHEMBL834792";"Inhibitory concentration to inhibit trypsin-like activity of 20S proteasome from human leukemia HL-60 cells was determined";"F";"BAO_0000220";"subcellular format";"Homo sapiens";"None";"None";"HL-60";"None";"";"";"";"CHEMBL3831201";"20S proteasome";"Homo sapiens";"PROTEIN COMPLEX GROUP";"CHEMBL1143504";"1";"Scientific Literature";"Bioorg Med Chem Lett";"2005";"CHEMBL3307654";"";"";"";"2.0"
"CHEMBL178839";"";"None";"525.65";"1";"2.77";"TP-105";"CCCCCC(=O)N[C@@H](Cc1ccc(O)cc1)C(=O)N[C@H](C(=O)NC(C=O)Cc1ccc(O)cc1)C(C)C";"IC50";"'='";"37.0";"nM";"7.43";"";"";"UO_0000065";"";"";"";"";"0";"CHEMBL874816";"Inhibitory concentration to inhibit chymotrypsin-like activity of 20S proteasome prepared from human leukemia HL-60 cells was determined";"F";"BAO_0000220";"subcellular format";"Homo sapiens";"None";"None";"HL-60";"None";"";"";"";"CHEMBL3831201";"20S proteasome";"Homo sapiens";"PROTEIN COMPLEX GROUP";"CHEMBL1143504";"1";"Scientific Literature";"Bioorg Med Chem Lett";"2005";"CHEMBL3307654";"";"";"";"0.037"
"CHEMBL180032";"";"None";"525.65";"1";"2.54";"TP-106";"COc1ccc(CC(C=O)NC(=O)[C@@H](NC(=O)[C@H](Cc2ccc(O)cc2)NC(=O)CC(C)C)C(C)C)cc1";"IC50";"'='";"190.0";"nM";"6.72";"";"";"UO_0000065";"";"";"";"";"0";"CHEMBL874816";"Inhibitory concentration to inhibit chymotrypsin-like activity of 20S proteasome prepared from human leukemia HL-60 cells was determined";"F";"BAO_0000220";"subcellular format";"Homo sapiens";"None";"None";"HL-60";"None";"";"";"";"CHEMBL3831201";"20S proteasome";"Homo sapiens";"PROTEIN COMPLEX GROUP";"CHEMBL1143504";"1";"Scientific Literature";"Bioorg Med Chem Lett";"2005";"CHEMBL3307654";"";"";"";"0.19"
"CHEMBL362470";"";"None";"539.67";"1";"2.84";"TP-107";"COc1ccc(CC(C=O)NC(=O)[C@@H](NC(=O)[C@H](Cc2ccc(OC)cc2)NC(=O)CC(C)C)C(C)C)cc1";"IC50";"'='";"120.0";"nM";"6.92";"";"";"UO_0000065";"";"";"";"";"0";"CHEMBL874816";"Inhibitory concentration to inhibit chymotrypsin-like activity of 20S proteasome prepared from human leukemia HL-60 cells was determined";"F";"BAO_0000220";"subcellular format";"Homo sapiens";"None";"None";"HL-60";"None";"";"";"";"CHEMBL3831201";"20S proteasome";"Homo sapiens";"PROTEIN COMPLEX GROUP";"CHEMBL1143504";"1";"Scientific Literature";"Bioorg Med Chem Lett";"2005";"CHEMBL3307654";"";"";"";"0.12"
"CHEMBL4467406";"";"None";"449.68";"1";"9.04";"S21";"CCCCCCCC/C=C\CCCCCCCC(=O)Nc1cc(-c2ccccc2)ccc1O";"Activity";"'='";"142.0";"%";"";"";"";"UO_0000187";"";"";"";"";"0";"CHEMBL4373369";"Stimulation of human 20S proteasome at 25 uM using 11 amino acid FRET peptide as substrate measured every 2 mins over 1 hr by FRET assay relative to control";"B";"BAO_0000223";"protein complex format";"Homo sapiens";"None";"None";"None";"None";"";"";"";"CHEMBL3831201";"20S proteasome";"Homo sapiens";"PROTEIN COMPLEX GROUP";"CHEMBL4371088";"1";"Scientific Literature";"Bioorg Med Chem Lett";"2019";"None";"";"";"";"142.0"
"CHEMBL4521961";"";"None";"425.58";"1";"8.68";"S19";"CCCCCCCC/C=C\CCCCCCCC(=O)Nc1ccc(C(F)(F)F)cc1";"Activity";"'='";"0.0";"%";"";"";"";"UO_0000187";"";"";"";"";"0";"CHEMBL4373369";"Stimulation of human 20S proteasome at 25 uM using 11 amino acid FRET peptide as substrate measured every 2 mins over 1 hr by FRET assay relative to control";"B";"BAO_0000223";"protein complex format";"Homo sapiens";"None";"None";"None";"None";"";"";"";"CHEMBL3831201";"20S proteasome";"Homo sapiens";"PROTEIN COMPLEX GROUP";"CHEMBL4371088";"1";"Scientific Literature";"Bioorg Med Chem Lett";"2019";"None";"";"";"";"0.0"
"CHEMBL4573730";"";"None";"309.41";"0";"4.97";"S10";"O=C(CCC1CCCC1)Nc1cc(-c2ccccc2)ccc1O";"Activity";"'='";"15.0";"%";"";"";"";"UO_0000187";"";"";"";"";"0";"CHEMBL4373369";"Stimulation of human 20S proteasome at 25 uM using 11 amino acid FRET peptide as substrate measured every 2 mins over 1 hr by FRET assay relative to control";"B";"BAO_0000223";"protein complex format";"Homo sapiens";"None";"None";"None";"None";"";"";"";"CHEMBL3831201";"20S proteasome";"Homo sapiens";"PROTEIN COMPLEX GROUP";"CHEMBL4371088";"1";"Scientific Literature";"Bioorg Med Chem Lett";"2019";"None";"";"";"";"15.0"
"CHEMBL4574810";"";"None";"1272.48";"None";"None";"2";"C[C@H](NC(=O)[C@H](Cc1ccc(O)cc1)NC(=O)[C@H](Cc1ccc(O)cc1)NC(=O)[C@@H]1CCCN1C(=O)[C@@H]1CCCN1C(=O)[C@@H]1CCCN1C(=O)[C@@H]1CCCN1C(=O)[C@H](CCCNC(=N)N)NC(=O)[C@H](CCCNC(=N)N)NC(=O)[C@@H](N)CCCNC(=N)N)C(=O)O";"Activity";"";"";"";"";"";"";"";"";"";"";"";"0";"CHEMBL4371818";"Negative allosteric modulation of SDS-activated human erythrocytes 20S proteasome assessed as reduction in human alpha-synuclein degradation at 1 uM after 1 hr by SDS-PAGE analysis";"B";"BAO_0000019";"assay format";"Homo sapiens";"None";"None";"None";"None";"";"";"";"CHEMBL3831201";"20S proteasome";"Homo sapiens";"PROTEIN COMPLEX GROUP";"CHEMBL4371016";"1";"Scientific Literature";"J Med Chem";"2019";"None";"";"";"Not active";""
"CHEMBL4455740";"";"None";"1463.76";"None";"None";"11";"CC(C)C[C@H](NC(=O)[C@H](Cc1ccc(O)cc1)NC(=O)[C@@H]1CCCN1C(=O)[C@@H]1CCCN1C(=O)[C@H](CCCNC(=N)N)NC(=O)[C@@H]1CCCN1C(=O)[C@H](CCCNC(=N)N)NC(=O)[C@H](CCCNC(=N)N)NC(=O)[C@@H](N)CCCNC(=N)N)C(=O)N1CCC[C@H]1C(=O)N[C@@H](CCCNC(=N)N)C(=O)O";"Activity";"";"";"";"";"";"";"";"";"";"";"";"0";"CHEMBL4371820";"Negative allosteric modulation of SDS-activated human erythrocytes 20S proteasome assessed as reduction in yeast enolase degradation at 1 uM after 1 hr by SDS-PAGE analysis";"B";"BAO_0000019";"assay format";"Homo sapiens";"None";"None";"None";"None";"";"";"";"CHEMBL3831201";"20S proteasome";"Homo sapiens";"PROTEIN COMPLEX GROUP";"CHEMBL4371016";"1";"Scientific Literature";"J Med Chem";"2019";"None";"";"";"Not active";""
"CHEMBL4453411";"";"None";"1222.46";"None";"None";"1";"CC(C)C[C@H](NC(=O)[C@@H]1CCCN1C(=O)[C@@H]1CCCN1C(=O)[C@@H]1CCCN1C(=O)[C@@H]1CCCN1C(=O)[C@H](CCCNC(=N)N)NC(=O)[C@H](CCCNC(=N)N)NC(=O)[C@@H](N)CCCNC(=N)N)C(=O)N[C@@H](Cc1ccc(O)cc1)C(=O)N[C@@H](C)C(=O)O";"Activity";"";"";"";"";"";"";"";"";"";"";"";"0";"CHEMBL4371833";"Positive allosteric modulation of SDS-activated human erythrocytes 20S proteasome assessed as increase in yeast enolase degradation at 10 uM after 1 hr by SDS-PAGE analysis";"B";"BAO_0000019";"assay format";"Homo sapiens";"None";"None";"None";"None";"";"";"";"CHEMBL3831201";"20S proteasome";"Homo sapiens";"PROTEIN COMPLEX GROUP";"CHEMBL4371016";"1";"Scientific Literature";"J Med Chem";"2019";"None";"";"";"Active";""
"CHEMBL1813256";"";"None";"517.13";"None";"None";"MLN9708; Cpd F";"CC(C)C[C@H](NC(=O)CNC(=O)c1cc(Cl)ccc1Cl)B1OC(=O)CC(CC(=O)O)(C(=O)O)O1";"Inhibition";"";"";"%";"";"";"";"UO_0000187";"";"";"";"";"0";"CHEMBL4404302";"Inhibition of 20S proteasome (unknown origin) pre-incubated before Suc-LLVY-AM addition and measured after 1 hr by fluorescence based assay";"B";"BAO_0000223";"protein complex format";"Homo sapiens";"None";"None";"None";"None";"";"";"";"CHEMBL3831201";"20S proteasome";"Homo sapiens";"PROTEIN COMPLEX GROUP";"CHEMBL4402562";"1";"Scientific Literature";"J Med Chem";"2020";"None";"";"";"Active";""
"CHEMBL5432014";"";"None";"754.81";"2";"2.52";"6";"CC(=O)N[C@@H](Cc1ccc([N+](=O)[O-])c(F)c1)C(=O)N[C@@H](CC(C)C)C(=O)N[C@@H](CC1C(=O)Nc2ccc(O)cc21)C(=O)N[C@@H](CC(C)C)C(=O)[C@@]1(C)CO1";"Inhibition";"";"";"%";"";"";"";"UO_0000187";"";"";"";"";"0";"CHEMBL5338551";"Inhibition of human 20S proteasome trypsin-like activity using Ac-RLR-AMC as a fluorogenic substrate at 130 uM measured every 20 seconds for 10 mins by fluorescence based assay";"B";"BAO_0000223";"protein complex format";"Homo sapiens";"None";"None";"None";"None";"";"";"";"CHEMBL3831201";"20S proteasome";"Homo sapiens";"PROTEIN COMPLEX GROUP";"CHEMBL5335865";"1";"Scientific Literature";"ACS Med Chem Lett";"2024";"None";"DOSE = 130.0 microM | TIME = 0.1667 hr";"";"Not active";""
"CHEMBL4777320";"";"None";"487.65";"1";"6.84";"18";"COc1ccc2c(c1)N=C(c1ccccc1)N(C1CCN(Cc3ccccc3)CC1)C2c1ccccc1";"AC200";"'='";"1.3";"uM";"";"";"";"UO_0000064";"";"";"";"";"0";"CHEMBL4736899";"Activation of human 20S proteosome assessed as concentration required to cause double the proteosome activity using chymotrypsin-like Suc-LLVY-AMC, trypsin-like Boc-LRR-AMC and caspase-like Z-LLE-AM fluorogenic peptides as substrates";"B";"BAO_0000223";"protein complex format";"Homo sapiens";"None";"None";"None";"None";"";"";"";"CHEMBL3831201";"20S proteasome";"Homo sapiens";"PROTEIN COMPLEX GROUP";"CHEMBL4732168";"1";"Scientific Literature";"Bioorg Med Chem Lett";"2021";"None";"";"ACTIVATOR";"";"1.3"
"CHEMBL4762528";"";"None";"404.51";"1";"6.38";"2";"COc1ccc2c(c1)N=C(c1ccccc1)N(Cc1ccccc1)C2c1ccccc1";"FC";"'='";"5.6";"";"";"";"";"";"";"";"";"";"0";"CHEMBL4736905";"Activation of human 20S proteosome assessed as fold increase in proteosome activity at 12.9 uM using chymotrypsin-like Suc-LLVY-AMC fluorogenic peptide as substrate by fluorescence assay relative to control";"B";"BAO_0000223";"protein complex format";"Homo sapiens";"None";"None";"None";"None";"";"";"";"CHEMBL3831201";"20S proteasome";"Homo sapiens";"PROTEIN COMPLEX GROUP";"CHEMBL4732168";"1";"Scientific Literature";"Bioorg Med Chem Lett";"2021";"None";"Dose = 12.9 microM";"ACTIVATOR";"";"5.6"
"CHEMBL4762988";"";"None";"390.49";"1";"6.38";"10";"COc1ccc2c(c1)N=C(c1ccccc1)N(c1ccccc1)C2c1ccccc1";"FC";"'='";"15.0";"";"";"";"";"";"";"";"";"";"0";"CHEMBL4736912";"Activation of human 20S proteosome assessed as fold increase in proteosome activity at at 2.5 uM using trypsin-like Boc-LRR-AMC fluorogenic peptide as substrate by fluorescence assay relative to control";"B";"BAO_0000223";"protein complex format";"Homo sapiens";"None";"None";"None";"None";"";"";"";"CHEMBL3831201";"20S proteasome";"Homo sapiens";"PROTEIN COMPLEX GROUP";"CHEMBL4732168";"1";"Scientific Literature";"Bioorg Med Chem Lett";"2021";"None";"Dose = 2.5 microM";"ACTIVATOR";"";"15.0"
"CHEMBL4756853";"";"None";"396.53";"1";"6.51";"16";"COc1ccc2c(c1)N=C(c1ccccc1)N(C1CCCCC1)C2c1ccccc1";"FC";"'='";"6.7";"";"";"";"";"";"";"";"";"";"0";"CHEMBL4736898";"Activation of human 20S proteosome assessed as increase in 7-amino-4-methylcoumarin release at 30 uM using mixture of chymotrypsin-like Suc-LLVY-AMC, trypsin-like Boc-LRR-AMC and caspase-like Z-LLE-AM fluorogenic peptides as substrates preincubated for 15 mins followed by substrate mixture addition and measured for 1 hr by fluorescence assay relative to control";"B";"BAO_0000223";"protein complex format";"Homo sapiens";"None";"None";"None";"None";"";"";"";"CHEMBL3831201";"20S proteasome";"Homo sapiens";"PROTEIN COMPLEX GROUP";"CHEMBL4732168";"1";"Scientific Literature";"Bioorg Med Chem Lett";"2021";"None";"Dose = 30.0 microM | TIME = 1.25 hr";"ACTIVATOR";"";"6.7"
"CHEMBL5172863";"";"None";"555.66";"1";"4.67";"2a";"O=C(NCc1ccccc1C(=O)N[C@H](/C=C/S(=O)(=O)Oc1ccccc1)CCc1ccccc1)c1ccncc1";"Inhibition";"";"";"%";"";"";"NA";"UO_0000187";"";"";"";"";"0";"CHEMBL5115913";"Inhibition of human 20S proteasome trypsin-like activity at 11 uM using Boc-Leu-Arg-Arg-AMC as fluorogenic substrate by fluorometric assay";"B";"BAO_0000223";"protein complex format";"Homo sapiens";"None";"None";"None";"None";"";"";"";"CHEMBL3831201";"20S proteasome";"Homo sapiens";"PROTEIN COMPLEX GROUP";"CHEMBL5113413";"1";"Scientific Literature";"Eur J Med Chem";"2022";"None";"Dose = 11.0 microM";"";"";""
"CHEMBL5182340";"";"None";"590.65";"2";"5.55";"2c";"O=C(NCc1ccccc1C(=O)N[C@H](/C=C/S(=O)(=O)Oc1ccccc1)CCc1ccccc1)c1cc(F)cc(F)c1";"Inhibition";"'='";"14.0";"%";"";"";"";"UO_0000187";"";"";"";"";"0";"CHEMBL5115915";"Inhibition of human 20S proteasome chymotrypsin-like activity at 11 uM using Succ-Leu-Leu-Val-Tyr-AMC as fluorogenic substrate by fluorometric assay";"B";"BAO_0000223";"protein complex format";"Homo sapiens";"None";"None";"None";"None";"";"";"";"CHEMBL3831201";"20S proteasome";"Homo sapiens";"PROTEIN COMPLEX GROUP";"CHEMBL5113413";"1";"Scientific Literature";"Eur J Med Chem";"2022";"None";"Dose = 11.0 microM";"";"";"14.0"
"CHEMBL2369773";"";"None";"635.72";"2";"-0.14";"1";"COC(=O)CCC(=O)N[C@@H](CCC(=O)O)C(=O)N[C@H](C(=O)N[C@@H](CCCCN)C(=O)N[C@@H](Cc1ccccc1)C(=O)O)C(C)C";"IC50";"'='";"1000.0";"nM";"6.00";"";"";"UO_0000065";"9.44";"0.18";"6.14";"2.47";"0";"CHEMBL615353";"Compound was evaluated for inhibitory activity against 20S proteasome from human liver and brain";"B";"BAO_0000220";"subcellular format";"Homo sapiens";"CHEMBL3638188";"Brain";"None";"None";"";"";"";"CHEMBL3831201";"20S proteasome";"Homo sapiens";"PROTEIN COMPLEX GROUP";"CHEMBL1128409";"1";"Scientific Literature";"J Med Chem";"1995";"None";"";"";"";"1000.0"
"CHEMBL368042";"TYROPEPTIN A";"None";"511.62";"1";"2.24";"Tyropeptin A";"CC(C)CC(=O)N[C@@H](Cc1ccc(O)cc1)C(=O)N[C@H](C(=O)NC(C=O)Cc1ccc(O)cc1)C(C)C";"IC50";"'='";"68000.0";"nM";"4.17";"";"";"UO_0000065";"";"";"";"";"0";"CHEMBL837922";"Inhibitory concentration to inhibit the PGPH activity of 20S proteasome prepared from human leukemia HL-60 cells was determined";"F";"BAO_0000220";"subcellular format";"Homo sapiens";"None";"None";"HL-60";"None";"";"";"";"CHEMBL3831201";"20S proteasome";"Homo sapiens";"PROTEIN COMPLEX GROUP";"CHEMBL1143504";"1";"Scientific Literature";"Bioorg Med Chem Lett";"2005";"CHEMBL3307654";"";"";"";"68.0"
"CHEMBL4447701";"";"None";"580.73";"1";"2.43";"Cpd B";"CC(=O)N[C@@H](Cc1ccc(O)cc1)C(=O)N[C@@H](CC(C)C)C(=O)N[C@@H](Cc1ccccc1)C(=O)N[C@H](C=O)CC(C)C";"IC50";"'='";"6.4";"nM";"8.19";"";"";"UO_0000065";"14.11";"0.27";"5.76";"5.33";"0";"CHEMBL4357205";"Inhibition of human 20S proteasome using Suc-LLVY-AMC as substrate measured every 5 mins for 120 mins by fluorescence based assay";"B";"BAO_0000223";"protein complex format";"Homo sapiens";"None";"None";"None";"None";"";"";"";"CHEMBL3831201";"20S proteasome";"Homo sapiens";"PROTEIN COMPLEX GROUP";"CHEMBL4354831";"1";"Scientific Literature";"J Med Chem";"2020";"None";"";"";"";"6.4"
"CHEMBL2114122";"";"None";"721.96";"1";"4.21";"7c";"COC(=O)CCCCCCCC(=O)N[C@@H](CCC/N=C(\N)NS(=O)(=O)c1c(C)c(C)c2c(c1C)CCC(C)(C)O2)C(=O)NC(C=O)CC(C)C";"IC50";"'='";"20.0";"nM";"7.70";"";"";"UO_0000065";"10.66";"0.21";"3.49";"3.94";"0";"CHEMBL615353";"Compound was evaluated for inhibitory activity against 20S proteasome from human liver and brain";"B";"BAO_0000220";"subcellular format";"Homo sapiens";"CHEMBL3638188";"Brain";"None";"None";"";"";"";"CHEMBL3831201";"20S proteasome";"Homo sapiens";"PROTEIN COMPLEX GROUP";"CHEMBL1128409";"1";"Scientific Literature";"J Med Chem";"1995";"None";"";"";"";"20.0"
"CHEMBL27951";"";"None";"856.03";"3";"4.76";"7";"COc1cc(CN[C@@H](C(=O)N[C@H](C(=O)NCc2ccc(OC)cc2O)C(C)C)[C@H](O)[C@H](Cc2ccccc2)NC(=O)[C@@H](NC(=O)OCc2ccccc2)C(C)(C)C)cc(OC)c1";"IC50";"'='";"190.0";"nM";"6.72";"";"";"UO_0000065";"7.85";"0.15";"1.96";"3.27";"0";"CHEMBL615352";"Tested in vitro for inhibition of chymotrypsin like activity of purified human 20S proteasome";"B";"BAO_0000220";"subcellular format";"Homo sapiens";"None";"None";"None";"None";"";"";"";"CHEMBL3831201";"20S proteasome";"Homo sapiens";"PROTEIN COMPLEX GROUP";"CHEMBL1136019";"1";"Scientific Literature";"Bioorg Med Chem Lett";"2002";"None";"";"";"";"0.19"
"CHEMBL432281";"";"None";"920.12";"4";"5.36";"18";"COc1ccc(CNC(=O)[C@@H](NC(=O)[C@H](NCc2cc(OC)c(OC)c(OC)c2)[C@H](O)[C@H](Cc2ccccc2)NC(=O)[C@@H](NC(=O)Cc2cccc3ccccc23)C(C)(C)C)C(C)C)c(O)c1";"IC50";"'='";"7.0";"nM";"8.15";"";"";"UO_0000065";"8.86";"0.17";"2.79";"3.96";"0";"CHEMBL615352";"Tested in vitro for inhibition of chymotrypsin like activity of purified human 20S proteasome";"B";"BAO_0000220";"subcellular format";"Homo sapiens";"None";"None";"None";"None";"";"";"";"CHEMBL3831201";"20S proteasome";"Homo sapiens";"PROTEIN COMPLEX GROUP";"CHEMBL1136019";"1";"Scientific Literature";"Bioorg Med Chem Lett";"2002";"None";"";"";"";"0.007"
"CHEMBL4749202";"";"None";"370.50";"1";"5.99";"7";"COc1ccc2c(c1)N=C(C(C)C)N(Cc1ccccc1)C2c1ccccc1";"FC";"'='";"2.3";"";"";"";"";"";"";"";"";"";"0";"CHEMBL4736898";"Activation of human 20S proteosome assessed as increase in 7-amino-4-methylcoumarin release at 30 uM using mixture of chymotrypsin-like Suc-LLVY-AMC, trypsin-like Boc-LRR-AMC and caspase-like Z-LLE-AM fluorogenic peptides as substrates preincubated for 15 mins followed by substrate mixture addition and measured for 1 hr by fluorescence assay relative to control";"B";"BAO_0000223";"protein complex format";"Homo sapiens";"None";"None";"None";"None";"";"";"";"CHEMBL3831201";"20S proteasome";"Homo sapiens";"PROTEIN COMPLEX GROUP";"CHEMBL4732168";"1";"Scientific Literature";"Bioorg Med Chem Lett";"2021";"None";"Dose = 30.0 microM | TIME = 1.25 hr";"ACTIVATOR";"";"2.3"
"CHEMBL1223511";"";"None";"385.64";"1";"7.90";"9";"CCCCCCCC/C=C\CCCCCCCC(=O)N[C@H](C)c1ccccc1";"Activity";"'='";"225.0";"%";"";"";"";"UO_0000187";"";"";"";"";"0";"CHEMBL5107497";"Stimulation of human 20S proteasome assessed as increase in proteasome activity at 25 uM and measured upto 60 mins using FRET peptide as substrate by FRET assay relative to control";"B";"BAO_0000223";"protein complex format";"Homo sapiens";"None";"None";"None";"None";"";"";"";"CHEMBL3831201";"20S proteasome";"Homo sapiens";"PROTEIN COMPLEX GROUP";"CHEMBL5104206";"1";"Scientific Literature";"RSC Med Chem";"2022";"None";"Dose = 25.0 microM | TIME <= 1.0 hr";"ACTIVATOR";"";"225.0"
"CHEMBL5187566";"";"None";"427.72";"1";"8.64";"13";"CCCCCCCC/C=C\CCCCCCCC(=O)NCc1ccc(C(C)(C)C)cc1";"Activity";"'='";"106.0";"%";"";"";"";"UO_0000187";"";"";"";"";"0";"CHEMBL5107497";"Stimulation of human 20S proteasome assessed as increase in proteasome activity at 25 uM and measured upto 60 mins using FRET peptide as substrate by FRET assay relative to control";"B";"BAO_0000223";"protein complex format";"Homo sapiens";"None";"None";"None";"None";"";"";"";"CHEMBL3831201";"20S proteasome";"Homo sapiens";"PROTEIN COMPLEX GROUP";"CHEMBL5104206";"1";"Scientific Literature";"RSC Med Chem";"2022";"None";"Dose = 25.0 microM | TIME <= 1.0 hr";"ACTIVATOR";"";"106.0"
"CHEMBL5179356";"";"None";"399.62";"1";"7.87";"2";"CCCCCCCC/C=C\CCCCCCCC(=O)Nc1ccc(C(C)=O)cc1";"Activity";"";"";"";"";"";"";"";"";"";"";"";"0";"CHEMBL5107500";"Activation of human 20S proteasome mediated degradation of alpha-synuclein assessed as amount of alpha-synuclein remaining at 25 uM and incubated for 2 hrs by Coomassie staining based SDS-PAGE analysis";"B";"BAO_0000223";"protein complex format";"Homo sapiens";"None";"None";"None";"None";"";"";"";"CHEMBL3831201";"20S proteasome";"Homo sapiens";"PROTEIN COMPLEX GROUP";"CHEMBL5104206";"1";"Scientific Literature";"RSC Med Chem";"2022";"None";"Dose = 25.0 microM | TIME = 2.0 hr";"ACTIVATOR";"Active";""
"CHEMBL5410630";"";"None";"328.12";"None";"None";"18b";"CC(C)C[C@H](NC(=O)CNC(=O)c1cc(F)ccc1F)B(O)O";"IC50";"'='";"20.6";"nM";"7.69";"";"";"UO_0000065";"23.42";"None";"None";"None";"0";"CHEMBL5388152";"Inhibition of human 20S proteasome chymotrypsin-like activity using Suc-Leu-Leu-Val-Tyr-AMC as fluorogenic peptide pre-incubated for 10 mins with compound followed by substrate addition for 60 mins by spectrofluorimetric analysis";"B";"BAO_0000223";"protein complex format";"Homo sapiens";"None";"None";"None";"None";"";"";"";"CHEMBL3831201";"20S proteasome";"Homo sapiens";"PROTEIN COMPLEX GROUP";"CHEMBL5385891";"1";"Scientific Literature";"Eur J Med Chem";"2023";"None";"TIME = 1.167 hr";"INHIBITOR";"";"20.6"
"CHEMBL5439342";"";"None";"454.18";"None";"None";"18h";"CC(C)C[C@H](NC(=O)C1(NC(=O)c2cc(C(F)(F)F)ccc2C(F)(F)F)CC1)B(O)O";"IC50";"'='";"86.7";"nM";"7.06";"";"";"UO_0000065";"15.55";"None";"None";"None";"0";"CHEMBL5388152";"Inhibition of human 20S proteasome chymotrypsin-like activity using Suc-Leu-Leu-Val-Tyr-AMC as fluorogenic peptide pre-incubated for 10 mins with compound followed by substrate addition for 60 mins by spectrofluorimetric analysis";"B";"BAO_0000223";"protein complex format";"Homo sapiens";"None";"None";"None";"None";"";"";"";"CHEMBL3831201";"20S proteasome";"Homo sapiens";"PROTEIN COMPLEX GROUP";"CHEMBL5385891";"1";"Scientific Literature";"Eur J Med Chem";"2023";"None";"TIME = 1.167 hr";"INHIBITOR";"";"86.7"
"CHEMBL5413513";"";"None";"648.41";"None";"None";"18v";"CC(C)C[C@H](NC(=O)C(NC(=O)c1cc(C(F)(F)F)ccc1C(F)(F)F)C1CCCC1)B1OC2C3OC(CC3C(=O)O)C2(C)O1";"IC50";"'='";"2.4";"nM";"8.62";"";"";"UO_0000065";"13.29";"None";"None";"None";"0";"CHEMBL5388152";"Inhibition of human 20S proteasome chymotrypsin-like activity using Suc-Leu-Leu-Val-Tyr-AMC as fluorogenic peptide pre-incubated for 10 mins with compound followed by substrate addition for 60 mins by spectrofluorimetric analysis";"B";"BAO_0000223";"protein complex format";"Homo sapiens";"None";"None";"None";"None";"";"";"";"CHEMBL3831201";"20S proteasome";"Homo sapiens";"PROTEIN COMPLEX GROUP";"CHEMBL5385891";"1";"Scientific Literature";"Eur J Med Chem";"2023";"None";"TIME = 1.167 hr";"INHIBITOR";"";"2.4"
"CHEMBL5172317";"";"None";"723.92";"1";"4.67";"29";"CC(C)(C)CNC(=O)C[C@H](NC(=O)N1CCC(C(=O)Nc2cccnc2)CC1)C(=O)N[C@@H](CCc1ccccc1)C(=O)N[C@H]1CCCc2ccccc21";"IC50";"'='";"4481.0";"nM";"5.35";"";"";"UO_0000065";"7.39";"0.14";"0.68";"3.31";"0";"CHEMBL5159800";"Inhibition of chymotrypsin-like activity of human 20S proteasome using Suc-Leu Leu-Val-Tyr-AMC as substrate preincubated for 15 mins followed by substrate addition measured by fluorescence assay";"B";"BAO_0000223";"protein complex format";"Homo sapiens";"None";"None";"None";"None";"";"";"";"CHEMBL3831201";"20S proteasome";"Homo sapiens";"PROTEIN COMPLEX GROUP";"CHEMBL5154760";"1";"Scientific Literature";"Eur J Med Chem";"2022";"None";"TIME = 0.25 hr";"INHIBITOR";"";"4481.0"
"CHEMBL5178551";"";"None";"732.33";"1";"4.79";"33";"CN(Cc1ccccc1Cl)C(=O)[C@H](CCc1ccccc1)NC(=O)[C@H](CC(=O)NCC(C)(C)C)NC(=O)N1CCC(C(=O)Nc2cccnc2)CC1";"IC50";"'='";"1739.5";"nM";"5.76";"";"";"UO_0000065";"7.86";"0.15";"0.97";"3.77";"0";"CHEMBL5159800";"Inhibition of chymotrypsin-like activity of human 20S proteasome using Suc-Leu Leu-Val-Tyr-AMC as substrate preincubated for 15 mins followed by substrate addition measured by fluorescence assay";"B";"BAO_0000223";"protein complex format";"Homo sapiens";"None";"None";"None";"None";"";"";"";"CHEMBL3831201";"20S proteasome";"Homo sapiens";"PROTEIN COMPLEX GROUP";"CHEMBL5154760";"1";"Scientific Literature";"Eur J Med Chem";"2022";"None";"TIME = 0.25 hr";"INHIBITOR";"";"1739.5"
"CHEMBL5173459";"";"None";"737.95";"1";"4.70";"51";"CN(C(=O)C1CCN(C(=O)N[C@@H](CC(=O)NCC(C)(C)C)C(=O)N[C@@H](CCc2ccccc2)C(=O)N[C@@H]2CCCc3ccccc32)CC1)c1ccccn1";"IC50";"'='";"8.92";"nM";"8.05";"";"";"UO_0000065";"10.91";"0.20";"3.35";"5.27";"0";"CHEMBL5159800";"Inhibition of chymotrypsin-like activity of human 20S proteasome using Suc-Leu Leu-Val-Tyr-AMC as substrate preincubated for 15 mins followed by substrate addition measured by fluorescence assay";"B";"BAO_0000223";"protein complex format";"Homo sapiens";"None";"None";"None";"None";"";"";"";"CHEMBL3831201";"20S proteasome";"Homo sapiens";"PROTEIN COMPLEX GROUP";"CHEMBL5154760";"1";"Scientific Literature";"Eur J Med Chem";"2022";"None";"TIME = 0.25 hr";"INHIBITOR";"";"8.92"
"CHEMBL5196378";"";"None";"737.95";"1";"4.70";"52";"CN(C(=O)C1CCN(C(=O)N[C@@H](CC(=O)NCC(C)(C)C)C(=O)N[C@@H](CCc2ccccc2)C(=O)N[C@@H]2CCCc3ccccc32)CC1)c1ccncc1";"IC50";"'='";"9.26";"nM";"8.03";"";"";"UO_0000065";"10.89";"0.20";"3.33";"5.26";"0";"CHEMBL5159800";"Inhibition of chymotrypsin-like activity of human 20S proteasome using Suc-Leu Leu-Val-Tyr-AMC as substrate preincubated for 15 mins followed by substrate addition measured by fluorescence assay";"B";"BAO_0000223";"protein complex format";"Homo sapiens";"None";"None";"None";"None";"";"";"";"CHEMBL3831201";"20S proteasome";"Homo sapiens";"PROTEIN COMPLEX GROUP";"CHEMBL5154760";"1";"Scientific Literature";"Eur J Med Chem";"2022";"None";"TIME = 0.25 hr";"INHIBITOR";"";"9.26"
"CHEMBL181025";"";"None";"595.70";"1";"3.59";"TP-103";"CC(C)[C@H](NC(=O)[C@H](Cc1ccc(O)cc1)NC(=O)Cc1ccc2ccccc2c1)C(=O)NC(C=O)Cc1ccc(O)cc1";"IC50";"'='";"14.0";"nM";"7.85";"";"";"UO_0000065";"";"";"";"";"0";"CHEMBL874816";"Inhibitory concentration to inhibit chymotrypsin-like activity of 20S proteasome prepared from human leukemia HL-60 cells was determined";"F";"BAO_0000220";"subcellular format";"Homo sapiens";"None";"None";"HL-60";"None";"";"";"";"CHEMBL3831201";"20S proteasome";"Homo sapiens";"PROTEIN COMPLEX GROUP";"CHEMBL1143504";"1";"Scientific Literature";"Bioorg Med Chem Lett";"2005";"CHEMBL3307654";"";"";"";"0.014"
"CHEMBL181131";"";"None";"595.70";"1";"3.59";"TP-104";"CC(C)[C@H](NC(=O)[C@H](Cc1ccc(O)cc1)NC(=O)Cc1cccc2ccccc12)C(=O)NC(C=O)Cc1ccc(O)cc1";"IC50";"'='";"7.0";"nM";"8.15";"";"";"UO_0000065";"";"";"";"";"0";"CHEMBL874816";"Inhibitory concentration to inhibit chymotrypsin-like activity of 20S proteasome prepared from human leukemia HL-60 cells was determined";"F";"BAO_0000220";"subcellular format";"Homo sapiens";"None";"None";"HL-60";"None";"";"";"";"CHEMBL3831201";"20S proteasome";"Homo sapiens";"PROTEIN COMPLEX GROUP";"CHEMBL1143504";"1";"Scientific Literature";"Bioorg Med Chem Lett";"2005";"CHEMBL3307654";"";"";"";"0.007"
"CHEMBL4787573";"";"None";"405.50";"1";"5.77";"14";"COc1ccc2c(c1)N=C(c1ccccc1)N(Cc1ccccn1)C2c1ccccc1";"FC";"'='";"2.0";"";"";"";"";"";"";"";"";"";"0";"CHEMBL4736898";"Activation of human 20S proteosome assessed as increase in 7-amino-4-methylcoumarin release at 30 uM using mixture of chymotrypsin-like Suc-LLVY-AMC, trypsin-like Boc-LRR-AMC and caspase-like Z-LLE-AM fluorogenic peptides as substrates preincubated for 15 mins followed by substrate mixture addition and measured for 1 hr by fluorescence assay relative to control";"B";"BAO_0000223";"protein complex format";"Homo sapiens";"None";"None";"None";"None";"";"";"";"CHEMBL3831201";"20S proteasome";"Homo sapiens";"PROTEIN COMPLEX GROUP";"CHEMBL4732168";"1";"Scientific Literature";"Bioorg Med Chem Lett";"2021";"None";"Dose = 30.0 microM | TIME = 1.25 hr";"ACTIVATOR";"";"2.0"
"CHEMBL4762528";"";"None";"404.51";"1";"6.38";"2";"COc1ccc2c(c1)N=C(c1ccccc1)N(Cc1ccccc1)C2c1ccccc1";"AC200";"'='";"2.0";"uM";"";"";"";"UO_0000064";"";"";"";"";"0";"CHEMBL4736899";"Activation of human 20S proteosome assessed as concentration required to cause double the proteosome activity using chymotrypsin-like Suc-LLVY-AMC, trypsin-like Boc-LRR-AMC and caspase-like Z-LLE-AM fluorogenic peptides as substrates";"B";"BAO_0000223";"protein complex format";"Homo sapiens";"None";"None";"None";"None";"";"";"";"CHEMBL3831201";"20S proteasome";"Homo sapiens";"PROTEIN COMPLEX GROUP";"CHEMBL4732168";"1";"Scientific Literature";"Bioorg Med Chem Lett";"2021";"None";"";"ACTIVATOR";"";"2.0"
"CHEMBL4762528";"";"None";"404.51";"1";"6.38";"2";"COc1ccc2c(c1)N=C(c1ccccc1)N(Cc1ccccc1)C2c1ccccc1";"FC";"'='";"10.1";"";"";"";"";"";"";"";"";"";"0";"CHEMBL4736901";"Activation of human 20S proteosome assessed as fold increase in proteosome activity at 2 uM using mixture of chymotrypsin-like Suc-LLVY-AMC, trypsin-like Boc-LRR-AMC and caspase-like Z-LLE-AM fluorogenic peptides as substrates by fluorescence assay relative to control";"B";"BAO_0000223";"protein complex format";"Homo sapiens";"None";"None";"None";"None";"";"";"";"CHEMBL3831201";"20S proteasome";"Homo sapiens";"PROTEIN COMPLEX GROUP";"CHEMBL4732168";"1";"Scientific Literature";"Bioorg Med Chem Lett";"2021";"None";"Dose = 2.0 microM";"ACTIVATOR";"";"10.1"
"CHEMBL4777320";"";"None";"487.65";"1";"6.84";"18";"COc1ccc2c(c1)N=C(c1ccccc1)N(C1CCN(Cc3ccccc3)CC1)C2c1ccccc1";"FC";"'='";"3.8";"";"";"";"";"";"";"";"";"";"0";"CHEMBL4736906";"Activation of human 20S proteosome assessed as fold increase in proteosome activity at 10.5 uM using chymotrypsin-like Suc-LLVY-AMC fluorogenic peptide as substrate by fluorescence assay relative to control";"B";"BAO_0000223";"protein complex format";"Homo sapiens";"None";"None";"None";"None";"";"";"";"CHEMBL3831201";"20S proteasome";"Homo sapiens";"PROTEIN COMPLEX GROUP";"CHEMBL4732168";"1";"Scientific Literature";"Bioorg Med Chem Lett";"2021";"None";"Dose = 10.5 microM";"ACTIVATOR";"";"3.8"
"CHEMBL4777320";"";"None";"487.65";"1";"6.84";"18";"COc1ccc2c(c1)N=C(c1ccccc1)N(C1CCN(Cc3ccccc3)CC1)C2c1ccccc1";"FC";"'='";"10.6";"";"";"";"";"";"";"";"";"";"0";"CHEMBL4736910";"Activation of human 20S proteosome assessed as fold increase in proteosome activity at 2.8 uM using caspase-like Z-LLE-AM fluorogenic peptide as substrate by fluorescence assay relative to control";"B";"BAO_0000223";"protein complex format";"Homo sapiens";"None";"None";"None";"None";"";"";"";"CHEMBL3831201";"20S proteasome";"Homo sapiens";"PROTEIN COMPLEX GROUP";"CHEMBL4732168";"1";"Scientific Literature";"Bioorg Med Chem Lett";"2021";"None";"Dose = 2.8 microM";"ACTIVATOR";"";"10.6"
"CHEMBL4762528";"";"None";"404.51";"1";"6.38";"2";"COc1ccc2c(c1)N=C(c1ccccc1)N(Cc1ccccc1)C2c1ccccc1";"AC200";"'='";"5.0";"uM";"";"";"";"UO_0000064";"";"";"";"";"0";"CHEMBL4736911";"Activation of human 20S proteosome assessed as concentration required to cause double the proteosome activity using trypsin-like Boc-LRR-AMC fluorogenic peptide as substrate";"B";"BAO_0000223";"protein complex format";"Homo sapiens";"None";"None";"None";"None";"";"";"";"CHEMBL3831201";"20S proteasome";"Homo sapiens";"PROTEIN COMPLEX GROUP";"CHEMBL4732168";"1";"Scientific Literature";"Bioorg Med Chem Lett";"2021";"None";"";"ACTIVATOR";"";"5.0"
"CHEMBL5180908";"";"None";"353.87";"1";"6.15";"4";"COc1cccc(CN2c3ccccc3Sc3ccc(Cl)cc32)c1";"EC200";"'='";"5.4";"uM";"";"";"";"UO_0000064";"";"";"";"";"0";"CHEMBL5166187";"Activation of human 20S proteosome at trypsin-like site assessed as substrate degradation using Boc-LLR-AMC as flurogenic substrate preincubated for 15 mins followed by substrate addition and measured after 1 hr by spectrometric analysis";"B";"BAO_0000223";"protein complex format";"Homo sapiens";"None";"None";"None";"None";"";"";"";"CHEMBL3831201";"20S proteasome";"Homo sapiens";"PROTEIN COMPLEX GROUP";"CHEMBL5154893";"1";"Scientific Literature";"J Med Chem";"2022";"None";"TIME = 0.25 hr";"ACTIVATOR";"";"5.4"
"CHEMBL5182203";"";"None";"381.88";"1";"6.07";"6";"CC(=O)Oc1ccc(CN2c3ccccc3Sc3ccc(Cl)cc32)cc1";"EC200";"'>'";"80.0";"uM";"";"";"";"UO_0000064";"";"";"";"";"0";"CHEMBL5166187";"Activation of human 20S proteosome at trypsin-like site assessed as substrate degradation using Boc-LLR-AMC as flurogenic substrate preincubated for 15 mins followed by substrate addition and measured after 1 hr by spectrometric analysis";"B";"BAO_0000223";"protein complex format";"Homo sapiens";"None";"None";"None";"None";"";"";"";"CHEMBL3831201";"20S proteasome";"Homo sapiens";"PROTEIN COMPLEX GROUP";"CHEMBL5154893";"1";"Scientific Literature";"J Med Chem";"2022";"None";"TIME = 0.25 hr";"";"";"80.0"
"CHEMBL5195093";"";"None";"339.85";"1";"5.85";"8";"Oc1ccc(CN2c3ccccc3Sc3ccc(Cl)cc32)cc1";"EC200";"'>'";"80.0";"uM";"";"";"";"UO_0000064";"";"";"";"";"0";"CHEMBL5166187";"Activation of human 20S proteosome at trypsin-like site assessed as substrate degradation using Boc-LLR-AMC as flurogenic substrate preincubated for 15 mins followed by substrate addition and measured after 1 hr by spectrometric analysis";"B";"BAO_0000223";"protein complex format";"Homo sapiens";"None";"None";"None";"None";"";"";"";"CHEMBL3831201";"20S proteasome";"Homo sapiens";"PROTEIN COMPLEX GROUP";"CHEMBL5154893";"1";"Scientific Literature";"J Med Chem";"2022";"None";"TIME = 0.25 hr";"";"";"80.0"
"CHEMBL5188898";"";"None";"332.86";"0";"4.42";"16";"CN(C)C(=O)CCN1c2ccccc2Sc2ccc(Cl)cc21";"EC200";"'>'";"80.0";"uM";"";"";"";"UO_0000064";"";"";"";"";"0";"CHEMBL5166187";"Activation of human 20S proteosome at trypsin-like site assessed as substrate degradation using Boc-LLR-AMC as flurogenic substrate preincubated for 15 mins followed by substrate addition and measured after 1 hr by spectrometric analysis";"B";"BAO_0000223";"protein complex format";"Homo sapiens";"None";"None";"None";"None";"";"";"";"CHEMBL3831201";"20S proteasome";"Homo sapiens";"PROTEIN COMPLEX GROUP";"CHEMBL5154893";"1";"Scientific Literature";"J Med Chem";"2022";"None";"TIME = 0.25 hr";"";"";"80.0"
"CHEMBL5171842";"";"None";"380.90";"1";"5.97";"18";"O=C(CCN1c2ccccc2Sc2ccc(Cl)cc21)Nc1ccccc1";"FC";"'='";"2.0";"";"";"";"";"";"";"";"";"";"0";"CHEMBL5166188";"Activation of human 20S proteosome at trypsin-like site assessed as maximum fold change in substrate degradation using Boc-LLR-AMC as flurogenic substrate preincubated for 15 mins followed by substrate addition and measured after 1 hr by spectrometric analysis relative to control";"B";"BAO_0000223";"protein complex format";"Homo sapiens";"None";"None";"None";"None";"";"";"";"CHEMBL3831201";"20S proteasome";"Homo sapiens";"PROTEIN COMPLEX GROUP";"CHEMBL5154893";"1";"Scientific Literature";"J Med Chem";"2022";"None";"TIME = 0.25 hr";"ACTIVATOR";"";"2.0"
"CHEMBL5198457";"";"None";"338.86";"1";"5.73";"9";"Nc1cccc(CN2c3ccccc3Sc3ccc(Cl)cc32)c1";"FC";"'='";"9.0";"";"";"";"";"";"";"";"";"";"0";"CHEMBL5166190";"Activation of human 20S proteosome at chymotrypsin like site assessed as maximum fold change in substrate degradation using Suc-LLVY-AMC as flurogenic substrate preincubated for 15 mins followed by substrate addition and measured after 1 hr by spectrometric analysis relative to control";"B";"BAO_0000223";"protein complex format";"Homo sapiens";"None";"None";"None";"None";"";"";"";"CHEMBL3831201";"20S proteasome";"Homo sapiens";"PROTEIN COMPLEX GROUP";"CHEMBL5154893";"1";"Scientific Literature";"J Med Chem";"2022";"None";"TIME = 0.25 hr";"ACTIVATOR";"";"9.0"
"CHEMBL71";"CHLORPROMAZINE";"4.0";"318.87";"0";"4.89";"1";"CN(C)CCCN1c2ccccc2Sc2ccc(Cl)cc21";"FC";"'='";"4.0";"";"";"";"";"";"";"";"";"";"0";"CHEMBL5166184";"Activation of human 20S proteosome assessed as maximum fold change in substrate degradation using Suc-LLVY-AMC/Z-LLE-AMC/Boc-LLR-AMC as flurogenic substrate preincubated for 15 mins followed by substrate addition and measured after 1 hr by spectrometric analysis relative to control";"B";"BAO_0000223";"protein complex format";"Homo sapiens";"None";"None";"None";"None";"";"";"";"CHEMBL3831201";"20S proteasome";"Homo sapiens";"PROTEIN COMPLEX GROUP";"CHEMBL5154893";"1";"Scientific Literature";"J Med Chem";"2022";"None";"TIME = 0.25 hr";"ACTIVATOR";"";"4.0"
"CHEMBL5180453";"";"None";"381.88";"1";"5.93";"2";"COC(=O)c1ccc(CN2c3ccccc3Sc3ccc(Cl)cc32)cc1";"FC";"'='";"9.0";"";"";"";"";"";"";"";"";"";"0";"CHEMBL5166184";"Activation of human 20S proteosome assessed as maximum fold change in substrate degradation using Suc-LLVY-AMC/Z-LLE-AMC/Boc-LLR-AMC as flurogenic substrate preincubated for 15 mins followed by substrate addition and measured after 1 hr by spectrometric analysis relative to control";"B";"BAO_0000223";"protein complex format";"Homo sapiens";"None";"None";"None";"None";"";"";"";"CHEMBL3831201";"20S proteasome";"Homo sapiens";"PROTEIN COMPLEX GROUP";"CHEMBL5154893";"1";"Scientific Literature";"J Med Chem";"2022";"None";"TIME = 0.25 hr";"ACTIVATOR";"";"9.0"
"CHEMBL5171842";"";"None";"380.90";"1";"5.97";"18";"O=C(CCN1c2ccccc2Sc2ccc(Cl)cc21)Nc1ccccc1";"FC";"'='";"2.5";"";"";"";"";"";"";"";"";"";"0";"CHEMBL5166184";"Activation of human 20S proteosome assessed as maximum fold change in substrate degradation using Suc-LLVY-AMC/Z-LLE-AMC/Boc-LLR-AMC as flurogenic substrate preincubated for 15 mins followed by substrate addition and measured after 1 hr by spectrometric analysis relative to control";"B";"BAO_0000223";"protein complex format";"Homo sapiens";"None";"None";"None";"None";"";"";"";"CHEMBL3831201";"20S proteasome";"Homo sapiens";"PROTEIN COMPLEX GROUP";"CHEMBL5154893";"1";"Scientific Literature";"J Med Chem";"2022";"None";"TIME = 0.25 hr";"ACTIVATOR";"";"2.5"
"CHEMBL5180453";"";"None";"381.88";"1";"5.93";"2";"COC(=O)c1ccc(CN2c3ccccc3Sc3ccc(Cl)cc32)cc1";"FC";"'='";"7.0";"";"";"";"";"";"";"";"";"";"0";"CHEMBL5166186";"Activation of human 20S proteosome at caspase-like site assessed as maximum fold change in substrate degradation using Z-LLE-AMC as flurogenic substrate preincubated for 15 mins followed by substrate addition and measured after 1 hr by spectrometric analysis relative to control";"B";"BAO_0000223";"protein complex format";"Homo sapiens";"None";"None";"None";"None";"";"";"";"CHEMBL3831201";"20S proteasome";"Homo sapiens";"PROTEIN COMPLEX GROUP";"CHEMBL5154893";"1";"Scientific Literature";"J Med Chem";"2022";"None";"TIME = 0.25 hr";"ACTIVATOR";"";"7.0"
"CHEMBL5189005";"";"None";"381.88";"1";"5.93";"5";"COC(=O)c1cccc(CN2c3ccccc3Sc3ccc(Cl)cc32)c1";"FC";"'='";"4.0";"";"";"";"";"";"";"";"";"";"0";"CHEMBL5166186";"Activation of human 20S proteosome at caspase-like site assessed as maximum fold change in substrate degradation using Z-LLE-AMC as flurogenic substrate preincubated for 15 mins followed by substrate addition and measured after 1 hr by spectrometric analysis relative to control";"B";"BAO_0000223";"protein complex format";"Homo sapiens";"None";"None";"None";"None";"";"";"";"CHEMBL3831201";"20S proteasome";"Homo sapiens";"PROTEIN COMPLEX GROUP";"CHEMBL5154893";"1";"Scientific Literature";"J Med Chem";"2022";"None";"TIME = 0.25 hr";"ACTIVATOR";"";"4.0"
"CHEMBL368042";"TYROPEPTIN A";"None";"511.62";"1";"2.24";"Tyropeptin A";"CC(C)CC(=O)N[C@@H](Cc1ccc(O)cc1)C(=O)N[C@H](C(=O)NC(C=O)Cc1ccc(O)cc1)C(C)C";"IC50";"'='";"140.0";"nM";"6.85";"";"";"UO_0000065";"";"";"";"";"0";"CHEMBL874816";"Inhibitory concentration to inhibit chymotrypsin-like activity of 20S proteasome prepared from human leukemia HL-60 cells was determined";"F";"BAO_0000220";"subcellular format";"Homo sapiens";"None";"None";"HL-60";"None";"";"";"";"CHEMBL3831201";"20S proteasome";"Homo sapiens";"PROTEIN COMPLEX GROUP";"CHEMBL1143504";"1";"Scientific Literature";"Bioorg Med Chem Lett";"2005";"CHEMBL3307654";"";"";"";"0.14"
"CHEMBL307387";"";"None";"683.85";"1";"3.91";"7e";"CC(C)CC(C=O)NC(=O)C(CCC/N=C(\N)N[N+](=O)[O-])NC(=O)C(CCCCCCCCN1C(=O)c2ccccc2C1=O)C1CCCC1";"IC50";"'='";"2.0";"nM";"8.70";"";"";"UO_0000065";"12.72";"0.24";"4.79";"4.22";"0";"CHEMBL615353";"Compound was evaluated for inhibitory activity against 20S proteasome from human liver and brain";"B";"BAO_0000220";"subcellular format";"Homo sapiens";"CHEMBL3638188";"Brain";"None";"None";"";"";"";"CHEMBL3831201";"20S proteasome";"Homo sapiens";"PROTEIN COMPLEX GROUP";"CHEMBL1128409";"1";"Scientific Literature";"J Med Chem";"1995";"None";"";"";"";"2.0"
"CHEMBL5439189";"";"None";"402.45";"0";"2.78";"7";"CN(C(=O)c1cccc(NC(=O)c2ccc(=O)n(Cc3ccccc3)n2)c1)C1CC1";"IC50";"'>'";"100000.0";"nM";"";"";"";"UO_0000065";"";"";"";"";"0";"CHEMBL5352349";"Inhibition of chymotrypsin like activity in human proteasome using Suc-LLVY-Rho-110-D-Proline peptide as substrate preincubated for 10 mins followed by substrate addition and measured for 30 mins by fluorescence based microplate reader analysis";"B";"BAO_0000223";"protein complex format";"Homo sapiens";"None";"None";"None";"None";"";"";"";"CHEMBL3831201";"20S proteasome";"Homo sapiens";"PROTEIN COMPLEX GROUP";"CHEMBL5346981";"1";"Scientific Literature";"J Med Chem";"2023";"None";"TIME = 0.6667 hr";"";"";"4.0"
"CHEMBL5426524";"";"None";"387.44";"0";"3.04";"8";"O=C(Nc1cccc(C(=O)NC2CC2)c1)c1ccc(=O)n(Cc2ccccc2)c1";"IC50";"'>'";"100000.0";"nM";"";"";"";"UO_0000065";"";"";"";"";"0";"CHEMBL5352349";"Inhibition of chymotrypsin like activity in human proteasome using Suc-LLVY-Rho-110-D-Proline peptide as substrate preincubated for 10 mins followed by substrate addition and measured for 30 mins by fluorescence based microplate reader analysis";"B";"BAO_0000223";"protein complex format";"Homo sapiens";"None";"None";"None";"None";"";"";"";"CHEMBL3831201";"20S proteasome";"Homo sapiens";"PROTEIN COMPLEX GROUP";"CHEMBL5346981";"1";"Scientific Literature";"J Med Chem";"2023";"None";"TIME = 0.6667 hr";"";"";"4.0"
"CHEMBL5408243";"";"None";"461.45";"0";"2.46";"16";"COc1ccc(Cn2nc(C(=O)Nc3ccc(F)c(C(=O)NC4CC4)c3)ccc2=O)cc1C#N";"IC50";"'>'";"100000.0";"nM";"";"";"";"UO_0000065";"";"";"";"";"0";"CHEMBL5352349";"Inhibition of chymotrypsin like activity in human proteasome using Suc-LLVY-Rho-110-D-Proline peptide as substrate preincubated for 10 mins followed by substrate addition and measured for 30 mins by fluorescence based microplate reader analysis";"B";"BAO_0000223";"protein complex format";"Homo sapiens";"None";"None";"None";"None";"";"";"";"CHEMBL3831201";"20S proteasome";"Homo sapiens";"PROTEIN COMPLEX GROUP";"CHEMBL5346981";"1";"Scientific Literature";"J Med Chem";"2023";"None";"TIME = 0.6667 hr";"";"";"4.0"
"CHEMBL5432288";"";"None";"553.57";"1";"2.42";"24";"COc1ccc(Cn2nc(C(=O)Nc3ccc(F)c(C(=O)N[C@H]4C[C@@H](N5CCOCC5)C4)c3)ccc2=O)cc1F";"IC50";"'>'";"100000.0";"nM";"";"";"";"UO_0000065";"";"";"";"";"0";"CHEMBL5352349";"Inhibition of chymotrypsin like activity in human proteasome using Suc-LLVY-Rho-110-D-Proline peptide as substrate preincubated for 10 mins followed by substrate addition and measured for 30 mins by fluorescence based microplate reader analysis";"B";"BAO_0000223";"protein complex format";"Homo sapiens";"None";"None";"None";"None";"";"";"";"CHEMBL3831201";"20S proteasome";"Homo sapiens";"PROTEIN COMPLEX GROUP";"CHEMBL5346981";"1";"Scientific Literature";"J Med Chem";"2023";"None";"TIME = 0.6667 hr";"";"";"4.0"
"CHEMBL772";"RESERPINE";"4.0";"608.69";"1";"4.17";"2";"COC(=O)[C@H]1[C@H]2C[C@@H]3c4[nH]c5cc(OC)ccc5c4CCN3C[C@H]2C[C@@H](OC(=O)c2cc(OC)c(OC)c(OC)c2)[C@@H]1OC";"FC";"'='";"7.9";"";"";"";"";"";"";"";"";"";"0";"CHEMBL5345265";"Activation of human 20S proteasome chymotrypsin-like hydrolysis activity assessed as measuring fold increase in protein activity using SucLLVY-MCA as a fluorogenic substrate at 20 uM incubated for 1 hrs by fluorescence based assay relative to DMSO";"B";"BAO_0000223";"protein complex format";"Homo sapiens";"None";"None";"None";"None";"";"";"";"CHEMBL3831201";"20S proteasome";"Homo sapiens";"PROTEIN COMPLEX GROUP";"CHEMBL5344422";"1";"Scientific Literature";"J Nat Prod";"2024";"None";"DOSE = 20.0 microM | TIME = 1.0 hr";"ACTIVATOR";"";"7.9"
"CHEMBL259223";"MENATETRENONE";"3.0";"444.66";"1";"8.92";"17";"CC(C)=CCC/C(C)=C/CC/C(C)=C/CC/C(C)=C/CC1=C(C)C(=O)c2ccccc2C1=O";"FC";"'='";"4.5";"";"";"";"";"";"";"";"";"";"0";"CHEMBL5345265";"Activation of human 20S proteasome chymotrypsin-like hydrolysis activity assessed as measuring fold increase in protein activity using SucLLVY-MCA as a fluorogenic substrate at 20 uM incubated for 1 hrs by fluorescence based assay relative to DMSO";"B";"BAO_0000223";"protein complex format";"Homo sapiens";"None";"None";"None";"None";"";"";"";"CHEMBL3831201";"20S proteasome";"Homo sapiens";"PROTEIN COMPLEX GROUP";"CHEMBL5344422";"1";"Scientific Literature";"J Nat Prod";"2024";"None";"DOSE = 20.0 microM | TIME = 1.0 hr";"ACTIVATOR";"";"4.5"
"CHEMBL5400570";"";"None";"367.45";"0";"3.12";"10";"COC(=O)[C@H]1/C(=N/O)CC[C@H]2CN3CCc4c([nH]c5ccccc45)[C@@H]3C[C@@H]21";"FC";"'<'";"3.0";"";"";"";"";"";"";"";"";"";"0";"CHEMBL5345265";"Activation of human 20S proteasome chymotrypsin-like hydrolysis activity assessed as measuring fold increase in protein activity using SucLLVY-MCA as a fluorogenic substrate at 20 uM incubated for 1 hrs by fluorescence based assay relative to DMSO";"B";"BAO_0000223";"protein complex format";"Homo sapiens";"None";"None";"None";"None";"";"";"";"CHEMBL3831201";"20S proteasome";"Homo sapiens";"PROTEIN COMPLEX GROUP";"CHEMBL5344422";"1";"Scientific Literature";"J Nat Prod";"2024";"None";"DOSE = 20.0 microM | TIME = 1.0 hr";"";"";"3.0"
"CHEMBL3559672";"RAUWOLFIA SERPENTINA";"4.0";"None";"None";"None";"12";"";"FC";"'<'";"3.0";"";"";"";"";"";"";"";"";"";"0";"CHEMBL5345265";"Activation of human 20S proteasome chymotrypsin-like hydrolysis activity assessed as measuring fold increase in protein activity using SucLLVY-MCA as a fluorogenic substrate at 20 uM incubated for 1 hrs by fluorescence based assay relative to DMSO";"B";"BAO_0000223";"protein complex format";"Homo sapiens";"None";"None";"None";"None";"";"";"";"CHEMBL3831201";"20S proteasome";"Homo sapiens";"PROTEIN COMPLEX GROUP";"CHEMBL5344422";"1";"Scientific Literature";"J Nat Prod";"2024";"None";"DOSE = 20.0 microM | TIME = 1.0 hr";"";"";"3.0"
"CHEMBL15245";"YOHIMBINE";"3.0";"354.45";"0";"2.65";"14";"COC(=O)[C@@H]1[C@H]2C[C@H]3c4[nH]c5ccccc5c4CCN3C[C@@H]2CC[C@@H]1O";"FC";"'<'";"3.0";"";"";"";"";"";"";"";"";"";"0";"CHEMBL5345265";"Activation of human 20S proteasome chymotrypsin-like hydrolysis activity assessed as measuring fold increase in protein activity using SucLLVY-MCA as a fluorogenic substrate at 20 uM incubated for 1 hrs by fluorescence based assay relative to DMSO";"B";"BAO_0000223";"protein complex format";"Homo sapiens";"None";"None";"None";"None";"";"";"";"CHEMBL3831201";"20S proteasome";"Homo sapiens";"PROTEIN COMPLEX GROUP";"CHEMBL5344422";"1";"Scientific Literature";"J Nat Prod";"2024";"None";"DOSE = 20.0 microM | TIME = 1.0 hr";"";"";"3.0"
"CHEMBL411716";"";"None";"400.48";"0";"2.19";"8";"COc1ccc2c3c([nH]c2c1)[C@H]1C[C@H]2[C@H](C[C@@H](O)[C@H](OC)[C@H]2C(=O)O)CN1CC3";"FC";"'='";"2.73";"";"";"";"";"";"";"";"";"";"0";"CHEMBL5345266";"Activation of human 20S proteasome chymotrypsin-like hydrolysis activity assessed as measuring fold increase in protein activity using SucLLVY-MCA as a fluorogenic substrate at 10 uM incubated for 20 mins by fluorescence based assay relative to DMSO";"B";"BAO_0000223";"protein complex format";"Homo sapiens";"None";"None";"None";"None";"";"";"";"CHEMBL3831201";"20S proteasome";"Homo sapiens";"PROTEIN COMPLEX GROUP";"CHEMBL5344422";"1";"Scientific Literature";"J Nat Prod";"2024";"None";"DOSE = 10.0 microM | TIME = 0.3333 hr";"ACTIVATOR";"";"2.73"
"CHEMBL1399124";"SYROSINGOPINE";"2.0";"666.72";"2";"4.70";"1";"CCOC(=O)Oc1c(OC)cc(C(=O)O[C@@H]2C[C@@H]3CN4CCc5c([nH]c6cc(OC)ccc56)[C@H]4C[C@@H]3[C@H](C(=O)OC)[C@H]2OC)cc1OC";"Activity";"'='";"2.84";"";"";"";"";"";"";"";"";"";"0";"CHEMBL5345276";"Activation of 20S proteasome in human HeLa cells assessed as gate opening by measuring increase in membrane-permeable fluorescent probe signal pretreated for 20 hrs followed by treated with Me4BodipyFL-Ahx3Lue3VS probe for 2 hrs by flow cytometry relative to DMSO";"B";"BAO_0000219";"cell-based format";"Homo sapiens";"None";"None";"HeLa";"None";"";"";"";"CHEMBL3831201";"20S proteasome";"Homo sapiens";"PROTEIN COMPLEX GROUP";"CHEMBL5344422";"1";"Scientific Literature";"J Nat Prod";"2024";"None";"TIME = 22.0 hr";"ACTIVATOR";"";"2.84"
"CHEMBL221585";"CINNABARAMIDE F";"None";"498.64";"0";"1.76";"6";"CCCCCC[C@H]1C(=O)N[C@](C(=O)SC[C@H](NC(C)=O)C(=O)O)([C@@H](O)[C@@H]2C=CCCC2)[C@@]1(C)O";"IC50";"'='";"6.0";"nM";"8.22";"";"";"UO_0000065";"16.49";"0.33";"6.46";"5.37";"0";"CHEMBL909078";"Inhibition of human 20S proteasome";"B";"BAO_0000220";"subcellular format";"Homo sapiens";"None";"None";"None";"None";"";"";"";"CHEMBL3831201";"20S proteasome";"Homo sapiens";"PROTEIN COMPLEX GROUP";"CHEMBL1141377";"1";"Scientific Literature";"J Nat Prod";"2007";"None";"";"";"";"6.0"
"CHEMBL374026";"CINNABARAMIDE E";"None";"353.46";"0";"1.99";"5";"CCCCCC[C@H]1C(=O)N[C@](C(=O)O)([C@@H](O)[C@@H]2C=CCCC2)[C@@]1(C)O";"IC50";"'='";"136.0";"nM";"6.87";"";"";"UO_0000065";"19.43";"0.38";"4.88";"6.43";"0";"CHEMBL909078";"Inhibition of human 20S proteasome";"B";"BAO_0000220";"subcellular format";"Homo sapiens";"None";"None";"None";"None";"";"";"";"CHEMBL3831201";"20S proteasome";"Homo sapiens";"PROTEIN COMPLEX GROUP";"CHEMBL1141377";"1";"Scientific Literature";"J Nat Prod";"2007";"None";"";"";"";"136.0"
"CHEMBL361462";"";"None";"623.75";"1";"4.19";"TP-110";"COc1ccc(CC(C=O)NC(=O)[C@@H](NC(=O)[C@H](Cc2ccc(OC)cc2)NC(=O)Cc2cccc3ccccc23)C(C)C)cc1";"IC50";"'>'";"100000.0";"nM";"";"";"";"UO_0000065";"";"";"";"";"0";"CHEMBL837922";"Inhibitory concentration to inhibit the PGPH activity of 20S proteasome prepared from human leukemia HL-60 cells was determined";"F";"BAO_0000220";"subcellular format";"Homo sapiens";"None";"None";"HL-60";"None";"";"";"";"CHEMBL3831201";"20S proteasome";"Homo sapiens";"PROTEIN COMPLEX GROUP";"CHEMBL1143504";"1";"Scientific Literature";"Bioorg Med Chem Lett";"2005";"CHEMBL3307654";"";"";"";"100.0"
"CHEMBL4438765";"";"None";"482.43";"None";"None";"5Bf";"CC(C)Cc1ccc(C(C)C(=O)N[C@@H](Cc2ccc(O)cc2)C(=O)N[C@@H](CC(C)C)B(O)O)cc1";"Inhibition";"";"";"%";"";"";"";"UO_0000187";"";"";"";"";"0";"CHEMBL4404302";"Inhibition of 20S proteasome (unknown origin) pre-incubated before Suc-LLVY-AM addition and measured after 1 hr by fluorescence based assay";"B";"BAO_0000223";"protein complex format";"Homo sapiens";"None";"None";"None";"None";"";"";"";"CHEMBL3831201";"20S proteasome";"Homo sapiens";"PROTEIN COMPLEX GROUP";"CHEMBL4402562";"1";"Scientific Literature";"J Med Chem";"2020";"None";"";"";"Active";""
"CHEMBL5202412";"";"None";"406.05";"1";"7.99";"12";"CCCCCCCC/C=C\CCCCCCCC(=O)NCc1ccc(Cl)cc1";"Activity";"'='";"138.0";"%";"";"";"";"UO_0000187";"";"";"";"";"0";"CHEMBL5107497";"Stimulation of human 20S proteasome assessed as increase in proteasome activity at 25 uM and measured upto 60 mins using FRET peptide as substrate by FRET assay relative to control";"B";"BAO_0000223";"protein complex format";"Homo sapiens";"None";"None";"None";"None";"";"";"";"CHEMBL3831201";"20S proteasome";"Homo sapiens";"PROTEIN COMPLEX GROUP";"CHEMBL5104206";"1";"Scientific Literature";"RSC Med Chem";"2022";"None";"Dose = 25.0 microM | TIME <= 1.0 hr";"ACTIVATOR";"";"138.0"
"CHEMBL451887";"CARFILZOMIB";"4.0";"719.92";"1";"2.58";"6";"CC(C)C[C@H](NC(=O)[C@H](CCc1ccccc1)NC(=O)CN1CCOCC1)C(=O)N[C@@H](Cc1ccccc1)C(=O)N[C@@H](CC(C)C)C(=O)[C@@]1(C)CO1";"IC50";"'='";"17.0";"nM";"7.77";"";"";"UO_0000065";"10.79";"0.20";"5.19";"4.90";"0";"CHEMBL5338549";"Inhibition of human 20S proteasome chymotrypsin-like activity using Suc-LLVY-AMC as a fluorogenic substrate measured every 20 seconds for 10 mins by fluorescence based assay";"B";"BAO_0000223";"protein complex format";"Homo sapiens";"None";"None";"None";"None";"";"";"";"CHEMBL3831201";"20S proteasome";"Homo sapiens";"PROTEIN COMPLEX GROUP";"CHEMBL5335865";"1";"Scientific Literature";"ACS Med Chem Lett";"2024";"None";"TIME = 0.1667 hr";"INHIBITOR";"";"0.017"
"CHEMBL451887";"CARFILZOMIB";"4.0";"719.92";"1";"2.58";"6";"CC(C)C[C@H](NC(=O)[C@H](CCc1ccccc1)NC(=O)CN1CCOCC1)C(=O)N[C@@H](Cc1ccccc1)C(=O)N[C@@H](CC(C)C)C(=O)[C@@]1(C)CO1";"Inhibition";"";"";"%";"";"";"";"UO_0000187";"";"";"";"";"0";"CHEMBL5338551";"Inhibition of human 20S proteasome trypsin-like activity using Ac-RLR-AMC as a fluorogenic substrate at 130 uM measured every 20 seconds for 10 mins by fluorescence based assay";"B";"BAO_0000223";"protein complex format";"Homo sapiens";"None";"None";"None";"None";"";"";"";"CHEMBL3831201";"20S proteasome";"Homo sapiens";"PROTEIN COMPLEX GROUP";"CHEMBL5335865";"1";"Scientific Literature";"ACS Med Chem Lett";"2024";"None";"DOSE = 130.0 microM | TIME = 0.1667 hr";"";"Not active";""
"CHEMBL361383";"";"None";"551.68";"1";"3.16";"TP-101";"CC(C)[C@H](NC(=O)[C@H](Cc1ccc(O)cc1)NC(=O)CC1CCCCC1)C(=O)NC(C=O)Cc1ccc(O)cc1";"IC50";"'='";"17000.0";"nM";"4.77";"";"";"UO_0000065";"";"";"";"";"0";"CHEMBL837922";"Inhibitory concentration to inhibit the PGPH activity of 20S proteasome prepared from human leukemia HL-60 cells was determined";"F";"BAO_0000220";"subcellular format";"Homo sapiens";"None";"None";"HL-60";"None";"";"";"";"CHEMBL3831201";"20S proteasome";"Homo sapiens";"PROTEIN COMPLEX GROUP";"CHEMBL1143504";"1";"Scientific Literature";"Bioorg Med Chem Lett";"2005";"CHEMBL3307654";"";"";"";"17.0"
"CHEMBL181131";"";"None";"595.70";"1";"3.59";"TP-104";"CC(C)[C@H](NC(=O)[C@H](Cc1ccc(O)cc1)NC(=O)Cc1cccc2ccccc12)C(=O)NC(C=O)Cc1ccc(O)cc1";"IC50";"'='";"1200.0";"nM";"5.92";"";"";"UO_0000065";"";"";"";"";"0";"CHEMBL834792";"Inhibitory concentration to inhibit trypsin-like activity of 20S proteasome from human leukemia HL-60 cells was determined";"F";"BAO_0000220";"subcellular format";"Homo sapiens";"None";"None";"HL-60";"None";"";"";"";"CHEMBL3831201";"20S proteasome";"Homo sapiens";"PROTEIN COMPLEX GROUP";"CHEMBL1143504";"1";"Scientific Literature";"Bioorg Med Chem Lett";"2005";"CHEMBL3307654";"";"";"";"1.2"
"CHEMBL2402203";"";"None";"386.42";"0";"2.57";"1; Z-FA-FMK";"C[C@H](NC(=O)[C@H](Cc1ccccc1)NC(=O)OCc1ccccc1)C(=O)CF";"IC50";"'>'";"100000.0";"nM";"";"";"";"UO_0000065";"";"";"";"";"0";"CHEMBL4480323";"Inhibition of 20S proteasome (unknown origin) using suc-LLVY-AMC as substrate preincubated for 20 mins followed by substrate addition by fluorescence plate reader analysis";"B";"BAO_0000223";"protein complex format";"Homo sapiens";"None";"None";"None";"None";"";"";"";"CHEMBL3831201";"20S proteasome";"Homo sapiens";"PROTEIN COMPLEX GROUP";"CHEMBL4477275";"1";"Scientific Literature";"ACS Med Chem Lett";"2016";"None";"";"";"";"100.0"
"CHEMBL5401623";"";"None";"412.47";"0";"3.11";"11";"O=C(Nc1ccc(F)c(C(=O)NC2CC2)c1)c1ccc(=O)n(CC2CCCCC2)n1";"IC50";"'>'";"100000.0";"nM";"";"";"";"UO_0000065";"";"";"";"";"0";"CHEMBL5352349";"Inhibition of chymotrypsin like activity in human proteasome using Suc-LLVY-Rho-110-D-Proline peptide as substrate preincubated for 10 mins followed by substrate addition and measured for 30 mins by fluorescence based microplate reader analysis";"B";"BAO_0000223";"protein complex format";"Homo sapiens";"None";"None";"None";"None";"";"";"";"CHEMBL3831201";"20S proteasome";"Homo sapiens";"PROTEIN COMPLEX GROUP";"CHEMBL5346981";"1";"Scientific Literature";"J Med Chem";"2023";"None";"TIME = 0.6667 hr";"";"";"4.0"
"CHEMBL5428100";"";"None";"470.89";"0";"3.24";"14";"COc1ccc(Cn2nc(C(=O)Nc3ccc(F)c(C(=O)NC4CC4)c3)ccc2=O)cc1Cl";"IC50";"'>'";"100000.0";"nM";"";"";"";"UO_0000065";"";"";"";"";"0";"CHEMBL5352349";"Inhibition of chymotrypsin like activity in human proteasome using Suc-LLVY-Rho-110-D-Proline peptide as substrate preincubated for 10 mins followed by substrate addition and measured for 30 mins by fluorescence based microplate reader analysis";"B";"BAO_0000223";"protein complex format";"Homo sapiens";"None";"None";"None";"None";"";"";"";"CHEMBL3831201";"20S proteasome";"Homo sapiens";"PROTEIN COMPLEX GROUP";"CHEMBL5346981";"1";"Scientific Literature";"J Med Chem";"2023";"None";"TIME = 0.6667 hr";"";"";"4.0"
"CHEMBL4446834";"";"None";"490.20";"None";"None";"43Hf";"CC(C)C[C@H](NC(=O)[C@H](Cc1c[nH]c2ccccc12)NC(=O)c1cc(Cl)ccc1Cl)B(O)O";"Inhibition";"";"";"%";"";"";"";"UO_0000187";"";"";"";"";"0";"CHEMBL4404302";"Inhibition of 20S proteasome (unknown origin) pre-incubated before Suc-LLVY-AM addition and measured after 1 hr by fluorescence based assay";"B";"BAO_0000223";"protein complex format";"Homo sapiens";"None";"None";"None";"None";"";"";"";"CHEMBL3831201";"20S proteasome";"Homo sapiens";"PROTEIN COMPLEX GROUP";"CHEMBL4402562";"1";"Scientific Literature";"J Med Chem";"2020";"None";"";"";"Active";""
"CHEMBL4559271";"";"None";"663.82";"1";"2.87";"11m";"CC(C)C[C@H](NC(=O)N1CCC(C(=O)Nc2ncccn2)CC1)C(=O)N[C@@H](Cc1ccccc1)C(=O)N[C@@H](CC(C)C)C(=O)[C@@]1(C)CO1";"IC50";"'='";"7.7";"nM";"8.11";"";"";"UO_0000065";"12.22";"0.23";"5.24";"4.64";"0";"CHEMBL4423848";"Inhibition of human 20S proteasome preincubated for 15 mins followed by substrate addition";"B";"BAO_0000223";"protein complex format";"Homo sapiens";"None";"None";"None";"None";"";"";"";"CHEMBL3831201";"20S proteasome";"Homo sapiens";"PROTEIN COMPLEX GROUP";"CHEMBL4422641";"1";"Scientific Literature";"Eur J Med Chem";"2019";"None";"";"";"";"7.7"
"CHEMBL4460323";"";"None";"668.86";"1";"3.53";"11h";"CC(C)C[C@H](NC(=O)N1CCC(C(=O)Nc2nccs2)CC1)C(=O)N[C@@H](Cc1ccccc1)C(=O)N[C@@H](CC(C)C)C(=O)[C@@]1(C)CO1";"IC50";"'='";"1.5";"nM";"8.82";"";"";"UO_0000065";"13.19";"0.26";"5.29";"5.44";"0";"CHEMBL4423848";"Inhibition of human 20S proteasome preincubated for 15 mins followed by substrate addition";"B";"BAO_0000223";"protein complex format";"Homo sapiens";"None";"None";"None";"None";"";"";"";"CHEMBL3831201";"20S proteasome";"Homo sapiens";"PROTEIN COMPLEX GROUP";"CHEMBL4422641";"1";"Scientific Literature";"Eur J Med Chem";"2019";"None";"";"";"";"1.5"
"CHEMBL451887";"CARFILZOMIB";"4.0";"719.92";"1";"2.58";"Carfilzomib";"CC(C)C[C@H](NC(=O)[C@H](CCc1ccccc1)NC(=O)CN1CCOCC1)C(=O)N[C@@H](Cc1ccccc1)C(=O)N[C@@H](CC(C)C)C(=O)[C@@]1(C)CO1";"IC50";"'='";"8.6";"nM";"8.07";"";"";"UO_0000065";"11.20";"0.21";"5.49";"5.09";"0";"CHEMBL4423848";"Inhibition of human 20S proteasome preincubated for 15 mins followed by substrate addition";"B";"BAO_0000223";"protein complex format";"Homo sapiens";"None";"None";"None";"None";"";"";"";"CHEMBL3831201";"20S proteasome";"Homo sapiens";"PROTEIN COMPLEX GROUP";"CHEMBL4422641";"1";"Scientific Literature";"Eur J Med Chem";"2019";"None";"";"";"";"8.6"
"CHEMBL5172863";"";"None";"555.66";"1";"4.67";"2a";"O=C(NCc1ccccc1C(=O)N[C@H](/C=C/S(=O)(=O)Oc1ccccc1)CCc1ccccc1)c1ccncc1";"Inhibition";"'='";"41.0";"%";"";"";"";"UO_0000187";"";"";"";"";"0";"CHEMBL5115914";"Inhibition of human 20S proteasome caspase-like activity at 11 uM using Cbz-Leu-Leu-Glu-AMC as fluorogenic substrate by fluorometric assay";"B";"BAO_0000223";"protein complex format";"Homo sapiens";"None";"None";"None";"None";"";"";"";"CHEMBL3831201";"20S proteasome";"Homo sapiens";"PROTEIN COMPLEX GROUP";"CHEMBL5113413";"1";"Scientific Literature";"Eur J Med Chem";"2022";"None";"Dose = 11.0 microM";"INHIBITOR";"";"41.0"
"CHEMBL442";"ERGOTAMINE";"4.0";"581.67";"1";"1.99";"5";"CN1C[C@H](C(=O)N[C@]2(C)O[C@@]3(O)[C@@H]4CCCN4C(=O)[C@H](Cc4ccccc4)N3C2=O)C=C2c3cccc4[nH]cc(c34)C[C@H]21";"FC";"'='";"7.2";"";"";"";"";"";"";"";"";"";"0";"CHEMBL5345265";"Activation of human 20S proteasome chymotrypsin-like hydrolysis activity assessed as measuring fold increase in protein activity using SucLLVY-MCA as a fluorogenic substrate at 20 uM incubated for 1 hrs by fluorescence based assay relative to DMSO";"B";"BAO_0000223";"protein complex format";"Homo sapiens";"None";"None";"None";"None";"";"";"";"CHEMBL3831201";"20S proteasome";"Homo sapiens";"PROTEIN COMPLEX GROUP";"CHEMBL5344422";"1";"Scientific Literature";"J Nat Prod";"2024";"None";"DOSE = 20.0 microM | TIME = 1.0 hr";"ACTIVATOR";"";"7.2"
"CHEMBL2365712";"";"None";"563.70";"1";"2.13";"7";"CC(C)[C@H]1C(=O)N2CCC[C@H]2[C@]2(O)O[C@](NC(=O)[C@@H]3C[C@@H]4c5cccc6[nH]cc(c56)C[C@H]4N(C)C3)(C(C)C)C(=O)N12";"FC";"'='";"4.3";"";"";"";"";"";"";"";"";"";"0";"CHEMBL5345265";"Activation of human 20S proteasome chymotrypsin-like hydrolysis activity assessed as measuring fold increase in protein activity using SucLLVY-MCA as a fluorogenic substrate at 20 uM incubated for 1 hrs by fluorescence based assay relative to DMSO";"B";"BAO_0000223";"protein complex format";"Homo sapiens";"None";"None";"None";"None";"";"";"";"CHEMBL3831201";"20S proteasome";"Homo sapiens";"PROTEIN COMPLEX GROUP";"CHEMBL5344422";"1";"Scientific Literature";"J Nat Prod";"2024";"None";"DOSE = 20.0 microM | TIME = 1.0 hr";"ACTIVATOR";"";"4.3"
"CHEMBL772";"RESERPINE";"4.0";"608.69";"1";"4.17";"2";"COC(=O)[C@H]1[C@H]2C[C@@H]3c4[nH]c5cc(OC)ccc5c4CCN3C[C@H]2C[C@@H](OC(=O)c2cc(OC)c(OC)c(OC)c2)[C@@H]1OC";"FC";"'='";"7.91";"";"";"";"";"";"";"";"";"";"0";"CHEMBL5345266";"Activation of human 20S proteasome chymotrypsin-like hydrolysis activity assessed as measuring fold increase in protein activity using SucLLVY-MCA as a fluorogenic substrate at 10 uM incubated for 20 mins by fluorescence based assay relative to DMSO";"B";"BAO_0000223";"protein complex format";"Homo sapiens";"None";"None";"None";"None";"";"";"";"CHEMBL3831201";"20S proteasome";"Homo sapiens";"PROTEIN COMPLEX GROUP";"CHEMBL5344422";"1";"Scientific Literature";"J Nat Prod";"2024";"None";"DOSE = 10.0 microM | TIME = 0.3333 hr";"ACTIVATOR";"";"7.91"
"CHEMBL772";"RESERPINE";"4.0";"608.69";"1";"4.17";"2";"COC(=O)[C@H]1[C@H]2C[C@@H]3c4[nH]c5cc(OC)ccc5c4CCN3C[C@H]2C[C@@H](OC(=O)c2cc(OC)c(OC)c(OC)c2)[C@@H]1OC";"FC";"'='";"7.0";"";"";"";"";"";"";"";"";"";"0";"CHEMBL5345273";"Activation of human 20S proteasome mediated caspase-like proteolytic activity assessed as maximal fold increase in protein activity using SucLLVY-MCA as a fluorogenic substrate incubated for 1 hr by fluorescence based assay";"B";"BAO_0000223";"protein complex format";"Homo sapiens";"None";"None";"None";"None";"";"";"";"CHEMBL3831201";"20S proteasome";"Homo sapiens";"PROTEIN COMPLEX GROUP";"CHEMBL5344422";"1";"Scientific Literature";"J Nat Prod";"2024";"None";"TIME = 1.0 hr";"ACTIVATOR";"";"7.0"
"CHEMBL5180453";"";"None";"381.88";"1";"5.93";"2";"COC(=O)c1ccc(CN2c3ccccc3Sc3ccc(Cl)cc32)cc1";"EC200";"'='";"1.4";"uM";"";"";"";"UO_0000064";"";"";"";"";"0";"CHEMBL5166183";"Activation of human 20S proteosome assessed as substrate degradation using Suc-LLVY-AMC/Z-LLE-AMC/Boc-LLR-AMC as flurogenic substrate preincubated for 15 mins followed by substrate addition and measured after 1 hr by spectrometric analysis";"B";"BAO_0000223";"protein complex format";"Homo sapiens";"None";"None";"None";"None";"";"";"";"CHEMBL3831201";"20S proteasome";"Homo sapiens";"PROTEIN COMPLEX GROUP";"CHEMBL5154893";"1";"Scientific Literature";"J Med Chem";"2022";"None";"TIME = 0.25 hr";"ACTIVATOR";"";"1.4"
"CHEMBL5198457";"";"None";"338.86";"1";"5.73";"9";"Nc1cccc(CN2c3ccccc3Sc3ccc(Cl)cc32)c1";"FC";"'='";"8.0";"";"";"";"";"";"";"";"";"";"0";"CHEMBL5166184";"Activation of human 20S proteosome assessed as maximum fold change in substrate degradation using Suc-LLVY-AMC/Z-LLE-AMC/Boc-LLR-AMC as flurogenic substrate preincubated for 15 mins followed by substrate addition and measured after 1 hr by spectrometric analysis relative to control";"B";"BAO_0000223";"protein complex format";"Homo sapiens";"None";"None";"None";"None";"";"";"";"CHEMBL3831201";"20S proteasome";"Homo sapiens";"PROTEIN COMPLEX GROUP";"CHEMBL5154893";"1";"Scientific Literature";"J Med Chem";"2022";"None";"TIME = 0.25 hr";"ACTIVATOR";"";"8.0"
"CHEMBL2141296";"IXAZOMIB";"3.0";"361.03";"None";"None";"18a";"CC(C)C[C@H](NC(=O)CNC(=O)c1cc(Cl)ccc1Cl)B(O)O";"IC50";"'='";"6.5";"nM";"8.19";"";"";"UO_0000065";"22.68";"None";"None";"None";"0";"CHEMBL5388152";"Inhibition of human 20S proteasome chymotrypsin-like activity using Suc-Leu-Leu-Val-Tyr-AMC as fluorogenic peptide pre-incubated for 10 mins with compound followed by substrate addition for 60 mins by spectrofluorimetric analysis";"B";"BAO_0000223";"protein complex format";"Homo sapiens";"None";"None";"None";"None";"";"";"";"CHEMBL3831201";"20S proteasome";"Homo sapiens";"PROTEIN COMPLEX GROUP";"CHEMBL5385891";"1";"Scientific Literature";"Eur J Med Chem";"2023";"None";"TIME = 1.167 hr";"INHIBITOR";"";"6.5"
"CHEMBL5204252";"";"None";"744.89";"2";"-1.07";"39";"CC[C@H](C)[C@@H]1NC(=O)[C@@H](CCC(N)=O)NC(=O)CNC(=O)[C@H](Cc2ccc(O)cc2)/N=C\[C@H](CC(C)C)NC(=O)[C@H](C(C)C)NC(=O)[C@H](CO)NC1=O";"IC50";"'='";"96.0";"nM";"7.02";"";"";"UO_0000065";"9.42";"0.18";"8.09";"2.59";"0";"CHEMBL5121756";"Inhibition of chymotrypsin-like activity of human erythrocytes 20S proteasome using Suc-LLVY-AMC as substrate and measured by fluorescence assay";"B";"BAO_0000019";"assay format";"Homo sapiens";"None";"None";"None";"None";"";"";"";"CHEMBL3831201";"20S proteasome";"Homo sapiens";"PROTEIN COMPLEX GROUP";"CHEMBL5120768";"1";"Scientific Literature";"J Nat Prod";"2022";"None";"";"INHIBITOR";"";"96.0"
"CHEMBL4743462";"";"None";"368.48";"1";"5.74";"6";"COc1ccc2c(c1)N=C(C1CC1)N(Cc1ccccc1)C2c1ccccc1";"FC";"'='";"2.7";"";"";"";"";"";"";"";"";"";"0";"CHEMBL4736898";"Activation of human 20S proteosome assessed as increase in 7-amino-4-methylcoumarin release at 30 uM using mixture of chymotrypsin-like Suc-LLVY-AMC, trypsin-like Boc-LRR-AMC and caspase-like Z-LLE-AM fluorogenic peptides as substrates preincubated for 15 mins followed by substrate mixture addition and measured for 1 hr by fluorescence assay relative to control";"B";"BAO_0000223";"protein complex format";"Homo sapiens";"None";"None";"None";"None";"";"";"";"CHEMBL3831201";"20S proteasome";"Homo sapiens";"PROTEIN COMPLEX GROUP";"CHEMBL4732168";"1";"Scientific Literature";"Bioorg Med Chem Lett";"2021";"None";"Dose = 30.0 microM | TIME = 1.25 hr";"ACTIVATOR";"";"2.7"
"CHEMBL5590322";"";"None";"632.67";"2";"1.66";"AMC-2-036";"C[C@H](NC(=O)[C@H](CC(=O)NCC(C)(C)C)NC(=O)CCC(=O)Nc1ccc(C(=O)NO)cc1)C(=O)NCc1ccc(F)cc1F";"IC50";"'>'";"30000.0";"nM";"";"";"";"UO_0000065";"";"";"";"";"0";"CHEMBL5550997";"Inhibition of human 20S proteasome chymotrypsin-like activity using Suc-LLVY-Glo as a fluorogenic substrate measured after 10 mins by luminescence based analysis";"B";"BAO_0000223";"protein complex format";"Homo sapiens";"None";"None";"None";"None";"";"";"";"CHEMBL3831201";"20S proteasome";"Homo sapiens";"PROTEIN COMPLEX GROUP";"CHEMBL5550115";"1";"Scientific Literature";"Bioorg Med Chem";"2024";"None";"TIME = 0.1667 hr";"";"";"30.0"
"CHEMBL3359933";"";"None";"291.30";"0";"1.55";"20";"C=CC(=O)NC(=O)/C=C/c1cc(OC)c(OC)c(OC)c1";"IC50";"'='";"2600.0";"nM";"5.58";"";"";"UO_0000065";"19.17";"0.36";"4.04";"7.56";"0";"CHEMBL5241651";"Inhibition of human 20S proteasome";"B";"BAO_0000223";"protein complex format";"Homo sapiens";"None";"None";"None";"None";"";"";"";"CHEMBL3831201";"20S proteasome";"Homo sapiens";"PROTEIN COMPLEX GROUP";"CHEMBL5241072";"1";"Scientific Literature";"Eur J Med Chem";"2021";"None";"";"INHIBITOR";"";"2.6"
"CHEMBL64925";"MG-132";"None";"475.63";"0";"3.59";"MG132";"CC(C)C[C@@H](C=O)NC(=O)[C@H](CC(C)C)NC(=O)[C@H](CC(C)C)NC(=O)OCc1ccccc1";"IC50";"'='";"4500.0";"nM";"5.35";"";"";"UO_0000065";"";"";"";"";"0";"CHEMBL834792";"Inhibitory concentration to inhibit trypsin-like activity of 20S proteasome from human leukemia HL-60 cells was determined";"F";"BAO_0000220";"subcellular format";"Homo sapiens";"None";"None";"HL-60";"None";"";"";"";"CHEMBL3831201";"20S proteasome";"Homo sapiens";"PROTEIN COMPLEX GROUP";"CHEMBL1143504";"1";"Scientific Literature";"Bioorg Med Chem Lett";"2005";"CHEMBL3307654";"";"";"";"4.5"
"CHEMBL361383";"";"None";"551.68";"1";"3.16";"TP-101";"CC(C)[C@H](NC(=O)[C@H](Cc1ccc(O)cc1)NC(=O)CC1CCCCC1)C(=O)NC(C=O)Cc1ccc(O)cc1";"IC50";"'='";"330.0";"nM";"6.48";"";"";"UO_0000065";"";"";"";"";"0";"CHEMBL874816";"Inhibitory concentration to inhibit chymotrypsin-like activity of 20S proteasome prepared from human leukemia HL-60 cells was determined";"F";"BAO_0000220";"subcellular format";"Homo sapiens";"None";"None";"HL-60";"None";"";"";"";"CHEMBL3831201";"20S proteasome";"Homo sapiens";"PROTEIN COMPLEX GROUP";"CHEMBL1143504";"1";"Scientific Literature";"Bioorg Med Chem Lett";"2005";"CHEMBL3307654";"";"";"";"0.33"
"CHEMBL181025";"";"None";"595.70";"1";"3.59";"TP-103";"CC(C)[C@H](NC(=O)[C@H](Cc1ccc(O)cc1)NC(=O)Cc1ccc2ccccc2c1)C(=O)NC(C=O)Cc1ccc(O)cc1";"IC50";"'='";"700.0";"nM";"6.16";"";"";"UO_0000065";"";"";"";"";"0";"CHEMBL834792";"Inhibitory concentration to inhibit trypsin-like activity of 20S proteasome from human leukemia HL-60 cells was determined";"F";"BAO_0000220";"subcellular format";"Homo sapiens";"None";"None";"HL-60";"None";"";"";"";"CHEMBL3831201";"20S proteasome";"Homo sapiens";"PROTEIN COMPLEX GROUP";"CHEMBL1143504";"1";"Scientific Literature";"Bioorg Med Chem Lett";"2005";"CHEMBL3307654";"";"";"";"0.7"
"CHEMBL180032";"";"None";"525.65";"1";"2.54";"TP-106";"COc1ccc(CC(C=O)NC(=O)[C@@H](NC(=O)[C@H](Cc2ccc(O)cc2)NC(=O)CC(C)C)C(C)C)cc1";"IC50";"'='";"21000.0";"nM";"4.68";"";"";"UO_0000065";"";"";"";"";"0";"CHEMBL837922";"Inhibitory concentration to inhibit the PGPH activity of 20S proteasome prepared from human leukemia HL-60 cells was determined";"F";"BAO_0000220";"subcellular format";"Homo sapiens";"None";"None";"HL-60";"None";"";"";"";"CHEMBL3831201";"20S proteasome";"Homo sapiens";"PROTEIN COMPLEX GROUP";"CHEMBL1143504";"1";"Scientific Literature";"Bioorg Med Chem Lett";"2005";"CHEMBL3307654";"";"";"";"21.0"
"CHEMBL4452953";"";"None";"655.84";"1";"2.30";"11o";"CC(C)C[C@H](NC(=O)N1CCC(C(=O)N2CCOCC2)CC1)C(=O)N[C@@H](Cc1ccccc1)C(=O)N[C@@H](CC(C)C)C(=O)[C@@]1(C)CO1";"IC50";"'='";"484.1";"nM";"6.32";"";"";"UO_0000065";"9.63";"0.18";"4.02";"4.22";"0";"CHEMBL4423848";"Inhibition of human 20S proteasome preincubated for 15 mins followed by substrate addition";"B";"BAO_0000223";"protein complex format";"Homo sapiens";"None";"None";"None";"None";"";"";"";"CHEMBL3831201";"20S proteasome";"Homo sapiens";"PROTEIN COMPLEX GROUP";"CHEMBL4422641";"1";"Scientific Literature";"Eur J Med Chem";"2019";"None";"";"";"";"484.1"
"CHEMBL4439907";"";"None";"696.29";"1";"4.73";"10b";"CC(C)C[C@H](NC(=O)N1CCCC(C(=O)Nc2ccc(Cl)cc2)C1)C(=O)N[C@@H](Cc1ccccc1)C(=O)N[C@@H](CC(C)C)C(=O)[C@@]1(C)CO1";"IC50";"'='";"782.6";"nM";"6.11";"";"";"UO_0000065";"8.77";"0.17";"1.38";"4.09";"0";"CHEMBL4423848";"Inhibition of human 20S proteasome preincubated for 15 mins followed by substrate addition";"B";"BAO_0000223";"protein complex format";"Homo sapiens";"None";"None";"None";"None";"";"";"";"CHEMBL3831201";"20S proteasome";"Homo sapiens";"PROTEIN COMPLEX GROUP";"CHEMBL4422641";"1";"Scientific Literature";"Eur J Med Chem";"2019";"None";"";"";"";"782.6"
"CHEMBL4438551";"";"None";"663.82";"1";"2.87";"10a";"CC(C)C[C@H](NC(=O)N1CCCC(C(=O)Nc2cnccn2)C1)C(=O)N[C@@H](Cc1ccccc1)C(=O)N[C@@H](CC(C)C)C(=O)[C@@]1(C)CO1";"IC50";"'='";"355.2";"nM";"6.45";"";"";"UO_0000065";"9.72";"0.18";"3.58";"3.69";"0";"CHEMBL4423848";"Inhibition of human 20S proteasome preincubated for 15 mins followed by substrate addition";"B";"BAO_0000223";"protein complex format";"Homo sapiens";"None";"None";"None";"None";"";"";"";"CHEMBL3831201";"20S proteasome";"Homo sapiens";"PROTEIN COMPLEX GROUP";"CHEMBL4422641";"1";"Scientific Literature";"Eur J Med Chem";"2019";"None";"";"";"";"355.2"
"CHEMBL325041";"BORTEZOMIB";"4.0";"384.25";"None";"None";"Bortezomib";"CC(C)C[C@H](NC(=O)[C@H](Cc1ccccc1)NC(=O)c1cnccn1)B(O)O";"IC50";"'='";"10.8";"nM";"7.97";"";"";"UO_0000065";"20.73";"None";"None";"None";"0";"CHEMBL4423848";"Inhibition of human 20S proteasome preincubated for 15 mins followed by substrate addition";"B";"BAO_0000223";"protein complex format";"Homo sapiens";"None";"None";"None";"None";"";"";"";"CHEMBL3831201";"20S proteasome";"Homo sapiens";"PROTEIN COMPLEX GROUP";"CHEMBL4422641";"1";"Scientific Literature";"Eur J Med Chem";"2019";"None";"";"";"";"10.8"
"CHEMBL4762988";"";"None";"390.49";"1";"6.38";"10";"COc1ccc2c(c1)N=C(c1ccccc1)N(c1ccccc1)C2c1ccccc1";"AC200";"'='";"2.3";"uM";"";"";"";"UO_0000064";"";"";"";"";"0";"CHEMBL4736899";"Activation of human 20S proteosome assessed as concentration required to cause double the proteosome activity using chymotrypsin-like Suc-LLVY-AMC, trypsin-like Boc-LRR-AMC and caspase-like Z-LLE-AM fluorogenic peptides as substrates";"B";"BAO_0000223";"protein complex format";"Homo sapiens";"None";"None";"None";"None";"";"";"";"CHEMBL3831201";"20S proteasome";"Homo sapiens";"PROTEIN COMPLEX GROUP";"CHEMBL4732168";"1";"Scientific Literature";"Bioorg Med Chem Lett";"2021";"None";"";"ACTIVATOR";"";"2.3"
"CHEMBL4476331";"";"None";"235.33";"0";"3.55";"9";"CCCCC(CC)C(=O)Nc1ccc(O)cc1";"Activity";"'='";"20.0";"%";"";"";"";"UO_0000187";"";"";"";"";"0";"CHEMBL4373369";"Stimulation of human 20S proteasome at 25 uM using 11 amino acid FRET peptide as substrate measured every 2 mins over 1 hr by FRET assay relative to control";"B";"BAO_0000223";"protein complex format";"Homo sapiens";"None";"None";"None";"None";"";"";"";"CHEMBL3831201";"20S proteasome";"Homo sapiens";"PROTEIN COMPLEX GROUP";"CHEMBL4371088";"1";"Scientific Literature";"Bioorg Med Chem Lett";"2019";"None";"";"";"";"20.0"
"CHEMBL5590022";"";"None";"587.62";"2";"1.96";"AMC-2-215";"C[C@H](NC(=O)[C@H](CC(=O)NCC(C)(C)C)NC(=O)c1ccc(/C=C/C(=O)NO)cc1)C(=O)NCc1ccc(F)cc1F";"IC50";"'='";"199.0";"nM";"6.70";"";"";"UO_0000065";"11.40";"0.22";"4.74";"4.04";"0";"CHEMBL5550997";"Inhibition of human 20S proteasome chymotrypsin-like activity using Suc-LLVY-Glo as a fluorogenic substrate measured after 10 mins by luminescence based analysis";"B";"BAO_0000223";"protein complex format";"Homo sapiens";"None";"None";"None";"None";"";"";"";"CHEMBL3831201";"20S proteasome";"Homo sapiens";"PROTEIN COMPLEX GROUP";"CHEMBL5550115";"1";"Scientific Literature";"Bioorg Med Chem";"2024";"None";"TIME = 0.1667 hr";"INHIBITOR";"";"0.199"
"CHEMBL5572564";"";"None";"637.71";"1";"4.36";"41f";"CC(C)C[C@H](NC(=O)[C@H](Cc1c[nH]c2ccccc12)NC(=O)c1cc(Cc2n[nH]c(=O)c3ccccc23)ccc1F)C(=O)[C@@]1(C)CO1";"IC50";"'='";"1060.0";"nM";"5.97";"";"";"UO_0000065";"9.37";"0.17";"1.61";"4.00";"0";"CHEMBL5528522";"Inhibition of 20S proteasome (unknown origin) using Suv-LLVY-AMC as substrate";"B";"BAO_0000223";"protein complex format";"Homo sapiens";"None";"None";"None";"None";"";"";"";"CHEMBL3831201";"20S proteasome";"Homo sapiens";"PROTEIN COMPLEX GROUP";"CHEMBL5528008";"1";"Scientific Literature";"Eur J Med Chem";"2024";"None";"";"INHIBITOR";"";"1060.0"
"CHEMBL5591486";"";"None";"644.60";"None";"None";"42j";"CC(C)C[C@H](NC(=O)[C@@H](NC(=O)c1cc(Cc2n[nH]c(=O)c3ccccc23)ccc1F)C(C)C)B1O[C@@H]2C[C@@H]3C[C@@H](C3(C)C)[C@]2(C)O1";"IC50";"'='";"98.3";"nM";"7.01";"";"";"UO_0000065";"10.87";"None";"None";"None";"0";"CHEMBL5528522";"Inhibition of 20S proteasome (unknown origin) using Suv-LLVY-AMC as substrate";"B";"BAO_0000223";"protein complex format";"Homo sapiens";"None";"None";"None";"None";"";"";"";"CHEMBL3831201";"20S proteasome";"Homo sapiens";"PROTEIN COMPLEX GROUP";"CHEMBL5528008";"1";"Scientific Literature";"Eur J Med Chem";"2024";"None";"";"INHIBITOR";"";"98.3"
"CHEMBL5198183";"";"None";"758.36";"2";"5.43";"56";"CC(C)(C)CNC(=O)C[C@H](NC(=O)N1CCN(C(=O)Nc2ccc(Cl)cc2)CC1)C(=O)N[C@@H](CCc1ccccc1)C(=O)N[C@@H]1CCCc2ccccc21";"IC50";"'='";"23.71";"nM";"7.62";"";"";"UO_0000065";"10.05";"0.19";"2.20";"5.02";"0";"CHEMBL5159800";"Inhibition of chymotrypsin-like activity of human 20S proteasome using Suc-Leu Leu-Val-Tyr-AMC as substrate preincubated for 15 mins followed by substrate addition measured by fluorescence assay";"B";"BAO_0000223";"protein complex format";"Homo sapiens";"None";"None";"None";"None";"";"";"";"CHEMBL3831201";"20S proteasome";"Homo sapiens";"PROTEIN COMPLEX GROUP";"CHEMBL5154760";"1";"Scientific Literature";"Eur J Med Chem";"2022";"None";"TIME = 0.25 hr";"INHIBITOR";"";"23.71"
"CHEMBL5174390";"";"None";"709.89";"1";"3.78";"57";"CC(C)(C)CNC(=O)C[C@H](NC(=O)N1CCN(C(=O)c2cccnc2)CC1)C(=O)N[C@@H](CCc1ccccc1)C(=O)N[C@@H]1CCCc2ccccc21";"IC50";"'='";"25.0";"nM";"7.60";"";"";"UO_0000065";"10.71";"0.20";"3.82";"4.97";"0";"CHEMBL5159800";"Inhibition of chymotrypsin-like activity of human 20S proteasome using Suc-Leu Leu-Val-Tyr-AMC as substrate preincubated for 15 mins followed by substrate addition measured by fluorescence assay";"B";"BAO_0000223";"protein complex format";"Homo sapiens";"None";"None";"None";"None";"";"";"";"CHEMBL3831201";"20S proteasome";"Homo sapiens";"PROTEIN COMPLEX GROUP";"CHEMBL5154760";"1";"Scientific Literature";"Eur J Med Chem";"2022";"None";"TIME = 0.25 hr";"INHIBITOR";"";"25.0"
"CHEMBL5177125";"";"None";"332.86";"0";"4.60";"11";"NC(=O)CCCCN1c2ccccc2Sc2ccc(Cl)cc21";"EC200";"'>'";"80.0";"uM";"";"";"";"UO_0000064";"";"";"";"";"0";"CHEMBL5166183";"Activation of human 20S proteosome assessed as substrate degradation using Suc-LLVY-AMC/Z-LLE-AMC/Boc-LLR-AMC as flurogenic substrate preincubated for 15 mins followed by substrate addition and measured after 1 hr by spectrometric analysis";"B";"BAO_0000223";"protein complex format";"Homo sapiens";"None";"None";"None";"None";"";"";"";"CHEMBL3831201";"20S proteasome";"Homo sapiens";"PROTEIN COMPLEX GROUP";"CHEMBL5154893";"1";"Scientific Literature";"J Med Chem";"2022";"None";"TIME = 0.25 hr";"";"";"80.0"
"CHEMBL39878";"";"None";"395.59";"1";"7.48";"AM-404";"CCCCC/C=C\C/C=C\C/C=C\C/C=C\CCCC(=O)Nc1ccc(O)cc1";"EC50";"'='";"28000.0";"nM";"4.55";"";"";"UO_0000065";"11.51";"0.21";"-2.93";"9.23";"0";"CHEMBL4373370";"Stimulation of human 20S proteasome using 11 amino acid FRET peptide as substrate measured every 2 mins over 1 hr by FRET assay";"B";"BAO_0000223";"protein complex format";"Homo sapiens";"None";"None";"None";"None";"";"";"";"CHEMBL3831201";"20S proteasome";"Homo sapiens";"PROTEIN COMPLEX GROUP";"CHEMBL4371088";"1";"Scientific Literature";"Bioorg Med Chem Lett";"2019";"None";"";"";"";"28.0"
"CHEMBL4561568";"";"None";"373.58";"1";"7.37";"16";"CCCCCCCC/C=C\CCCCCCCC(=O)Nc1ccc(O)cc1";"EC50";"'='";"35000.0";"nM";"4.46";"";"";"UO_0000065";"11.93";"0.23";"-2.91";"9.03";"0";"CHEMBL4373370";"Stimulation of human 20S proteasome using 11 amino acid FRET peptide as substrate measured every 2 mins over 1 hr by FRET assay";"B";"BAO_0000223";"protein complex format";"Homo sapiens";"None";"None";"None";"None";"";"";"";"CHEMBL3831201";"20S proteasome";"Homo sapiens";"PROTEIN COMPLEX GROUP";"CHEMBL4371088";"1";"Scientific Literature";"Bioorg Med Chem Lett";"2019";"None";"";"";"";"35.0"
"CHEMBL4779226";"";"None";"342.44";"1";"5.35";"9";"COc1ccc2c(c1)N=C(C)N(Cc1ccccc1)C2c1ccccc1";"FC";"'='";"1.8";"";"";"";"";"";"";"";"";"";"0";"CHEMBL4736898";"Activation of human 20S proteosome assessed as increase in 7-amino-4-methylcoumarin release at 30 uM using mixture of chymotrypsin-like Suc-LLVY-AMC, trypsin-like Boc-LRR-AMC and caspase-like Z-LLE-AM fluorogenic peptides as substrates preincubated for 15 mins followed by substrate mixture addition and measured for 1 hr by fluorescence assay relative to control";"B";"BAO_0000223";"protein complex format";"Homo sapiens";"None";"None";"None";"None";"";"";"";"CHEMBL3831201";"20S proteasome";"Homo sapiens";"PROTEIN COMPLEX GROUP";"CHEMBL4732168";"1";"Scientific Literature";"Bioorg Med Chem Lett";"2021";"None";"Dose = 30.0 microM | TIME = 1.25 hr";"ACTIVATOR";"";"1.8"
"CHEMBL4777320";"";"None";"487.65";"1";"6.84";"18";"COc1ccc2c(c1)N=C(c1ccccc1)N(C1CCN(Cc3ccccc3)CC1)C2c1ccccc1";"AC200";"'='";"2.8";"uM";"";"";"";"UO_0000064";"";"";"";"";"0";"CHEMBL4736907";"Activation of human 20S proteosome assessed as concentration required to cause double the proteosome activity using caspase-like Z-LLE-AM fluorogenic peptide as substrate";"B";"BAO_0000223";"protein complex format";"Homo sapiens";"None";"None";"None";"None";"";"";"";"CHEMBL3831201";"20S proteasome";"Homo sapiens";"PROTEIN COMPLEX GROUP";"CHEMBL4732168";"1";"Scientific Literature";"Bioorg Med Chem Lett";"2021";"None";"";"ACTIVATOR";"";"2.8"
"CHEMBL4762988";"";"None";"390.49";"1";"6.38";"10";"COc1ccc2c(c1)N=C(c1ccccc1)N(c1ccccc1)C2c1ccccc1";"FC";"'='";"11.1";"";"";"";"";"";"";"";"";"";"0";"CHEMBL4736900";"Activation of human 20S proteosome assessed as fold increase in proteosome activity at 2.3 uM using mixture of chymotrypsin-like Suc-LLVY-AMC, trypsin-like Boc-LRR-AMC and caspase-like Z-LLE-AM fluorogenic peptides as substrates by fluorescence assay relative to control";"B";"BAO_0000223";"protein complex format";"Homo sapiens";"None";"None";"None";"None";"";"";"";"CHEMBL3831201";"20S proteasome";"Homo sapiens";"PROTEIN COMPLEX GROUP";"CHEMBL4732168";"1";"Scientific Literature";"Bioorg Med Chem Lett";"2021";"None";"Dose = 2.3 microM";"ACTIVATOR";"";"11.1"
"CHEMBL5188065";"";"None";"736.96";"2";"5.30";"42";"CN(C(=O)C1CCN(C(=O)N[C@@H](CC(=O)NCC(C)(C)C)C(=O)N[C@@H](CCc2ccccc2)C(=O)N[C@@H]2CCCc3ccccc32)CC1)c1ccccc1";"IC50";"'='";"9.31";"nM";"8.03";"";"";"UO_0000065";"10.90";"0.20";"2.73";"5.74";"0";"CHEMBL5159800";"Inhibition of chymotrypsin-like activity of human 20S proteasome using Suc-Leu Leu-Val-Tyr-AMC as substrate preincubated for 15 mins followed by substrate addition measured by fluorescence assay";"B";"BAO_0000223";"protein complex format";"Homo sapiens";"None";"None";"None";"None";"";"";"";"CHEMBL3831201";"20S proteasome";"Homo sapiens";"PROTEIN COMPLEX GROUP";"CHEMBL5154760";"1";"Scientific Literature";"Eur J Med Chem";"2022";"None";"TIME = 0.25 hr";"INHIBITOR";"";"9.31"
"CHEMBL5195393";"";"None";"766.98";"2";"5.31";"46";"COc1ccc(N(C)C(=O)C2CCN(C(=O)N[C@@H](CC(=O)NCC(C)(C)C)C(=O)N[C@@H](CCc3ccccc3)C(=O)N[C@@H]3CCCc4ccccc43)CC2)cc1";"IC50";"'='";"24.97";"nM";"7.60";"";"";"UO_0000065";"9.91";"0.19";"2.29";"5.10";"0";"CHEMBL5159800";"Inhibition of chymotrypsin-like activity of human 20S proteasome using Suc-Leu Leu-Val-Tyr-AMC as substrate preincubated for 15 mins followed by substrate addition measured by fluorescence assay";"B";"BAO_0000223";"protein complex format";"Homo sapiens";"None";"None";"None";"None";"";"";"";"CHEMBL3831201";"20S proteasome";"Homo sapiens";"PROTEIN COMPLEX GROUP";"CHEMBL5154760";"1";"Scientific Literature";"Eur J Med Chem";"2022";"None";"TIME = 0.25 hr";"INHIBITOR";"";"24.97"
"CHEMBL5197285";"";"None";"743.97";"1";"4.76";"53";"CN(C(=O)C1CCN(C(=O)N[C@@H](CC(=O)NCC(C)(C)C)C(=O)N[C@@H](CCc2ccccc2)C(=O)N[C@@H]2CCCc3ccccc32)CC1)c1nccs1";"Inhibition";"";"";"%";"";"";"";"UO_0000187";"";"";"";"";"0";"CHEMBL5159804";"Inhibition of chymotrypsin-like activity of 20S proteasome in human MM1.S cells assessed as accumulation of polyubiquitinated proteins at 10 to 1000 nM and measured by Western blot analysis";"B";"BAO_0000219";"cell-based format";"Homo sapiens";"None";"None";"MM1.S";"None";"";"";"";"CHEMBL3831201";"20S proteasome";"Homo sapiens";"PROTEIN COMPLEX GROUP";"CHEMBL5154760";"1";"Scientific Literature";"Eur J Med Chem";"2022";"None";"Dose_Lower = 10.0 nM | Dose_Upper = 1000.0 nM";"INHIBITOR";"Active";""
"CHEMBL5270786";"";"None";"265.31";"0";"0.52";"10";"CC[C@H]1C(=O)NC2([C@@H](O)[C@@H]3C=CCCC3)C(=O)O[C@@H]12";"IC50";"'='";"90.0";"nM";"7.05";"";"";"UO_0000065";"26.56";"0.51";"6.53";"9.32";"0";"CHEMBL5223567";"Inhibition of 20S proteasome (unknown origin)";"B";"BAO_0000223";"protein complex format";"Homo sapiens";"None";"None";"None";"None";"";"";"";"CHEMBL3831201";"20S proteasome";"Homo sapiens";"PROTEIN COMPLEX GROUP";"CHEMBL5223078";"1";"Scientific Literature";"J Med Chem";"2021";"None";"";"INHIBITOR";"";"90.0"
"CHEMBL1761229";"";"None";"373.58";"1";"7.37";"S20";"CCCCCCCC/C=C\CCCCCCCC(=O)Nc1ccccc1O";"Activity";"'='";"30.0";"%";"";"";"";"UO_0000187";"";"";"";"";"0";"CHEMBL4373369";"Stimulation of human 20S proteasome at 25 uM using 11 amino acid FRET peptide as substrate measured every 2 mins over 1 hr by FRET assay relative to control";"B";"BAO_0000223";"protein complex format";"Homo sapiens";"None";"None";"None";"None";"";"";"";"CHEMBL3831201";"20S proteasome";"Homo sapiens";"PROTEIN COMPLEX GROUP";"CHEMBL4371088";"1";"Scientific Literature";"Bioorg Med Chem Lett";"2019";"None";"";"";"";"30.0"
"CHEMBL4574810";"";"None";"1272.48";"None";"None";"2";"C[C@H](NC(=O)[C@H](Cc1ccc(O)cc1)NC(=O)[C@H](Cc1ccc(O)cc1)NC(=O)[C@@H]1CCCN1C(=O)[C@@H]1CCCN1C(=O)[C@@H]1CCCN1C(=O)[C@@H]1CCCN1C(=O)[C@H](CCCNC(=N)N)NC(=O)[C@H](CCCNC(=N)N)NC(=O)[C@@H](N)CCCNC(=N)N)C(=O)O";"Activity";"";"";"";"";"";"";"";"";"";"";"";"0";"CHEMBL4371832";"Positive allosteric modulation of SDS-activated human erythrocytes 20S proteasome assessed as increase in human alpha-synuclein degradation at 1 uM after 1 hr by SDS-PAGE analysis";"B";"BAO_0000019";"assay format";"Homo sapiens";"None";"None";"None";"None";"";"";"";"CHEMBL3831201";"20S proteasome";"Homo sapiens";"PROTEIN COMPLEX GROUP";"CHEMBL4371016";"1";"Scientific Literature";"J Med Chem";"2019";"None";"";"";"Active";""
"CHEMBL4574810";"";"None";"1272.48";"None";"None";"2";"C[C@H](NC(=O)[C@H](Cc1ccc(O)cc1)NC(=O)[C@H](Cc1ccc(O)cc1)NC(=O)[C@@H]1CCCN1C(=O)[C@@H]1CCCN1C(=O)[C@@H]1CCCN1C(=O)[C@@H]1CCCN1C(=O)[C@H](CCCNC(=N)N)NC(=O)[C@H](CCCNC(=N)N)NC(=O)[C@@H](N)CCCNC(=N)N)C(=O)O";"Activity";"";"";"";"";"";"";"";"";"";"";"";"0";"CHEMBL4371833";"Positive allosteric modulation of SDS-activated human erythrocytes 20S proteasome assessed as increase in yeast enolase degradation at 10 uM after 1 hr by SDS-PAGE analysis";"B";"BAO_0000019";"assay format";"Homo sapiens";"None";"None";"None";"None";"";"";"";"CHEMBL3831201";"20S proteasome";"Homo sapiens";"PROTEIN COMPLEX GROUP";"CHEMBL4371016";"1";"Scientific Literature";"J Med Chem";"2019";"None";"";"";"Active";""
"CHEMBL39878";"";"None";"395.59";"1";"7.48";"AM-404";"CCCCC/C=C\C/C=C\C/C=C\C/C=C\CCCC(=O)Nc1ccc(O)cc1";"Activity";"'='";"1000.0";"%";"";"";"";"UO_0000187";"";"";"";"";"0";"CHEMBL4373371";"Stimulation of human 20S proteasome at EC50 using 11 amino acid FRET peptide as substrate measured every 2 mins over 1 hr by FRET assay relative to control";"B";"BAO_0000223";"protein complex format";"Homo sapiens";"None";"None";"None";"None";"";"";"";"CHEMBL3831201";"20S proteasome";"Homo sapiens";"PROTEIN COMPLEX GROUP";"CHEMBL4371088";"1";"Scientific Literature";"Bioorg Med Chem Lett";"2019";"None";"";"";"";"1000.0"
"CHEMBL4583225";"";"None";"235.33";"0";"3.69";"S1";"CCCCCCCC(=O)Nc1ccccc1O";"Activity";"'='";"16.0";"%";"";"";"";"UO_0000187";"";"";"";"";"0";"CHEMBL4373369";"Stimulation of human 20S proteasome at 25 uM using 11 amino acid FRET peptide as substrate measured every 2 mins over 1 hr by FRET assay relative to control";"B";"BAO_0000223";"protein complex format";"Homo sapiens";"None";"None";"None";"None";"";"";"";"CHEMBL3831201";"20S proteasome";"Homo sapiens";"PROTEIN COMPLEX GROUP";"CHEMBL4371088";"1";"Scientific Literature";"Bioorg Med Chem Lett";"2019";"None";"";"";"";"16.0"
"CHEMBL5206489";"";"None";"737.95";"1";"4.70";"30";"CN(C(=O)C1CCN(C(=O)N[C@@H](CC(=O)NCC(C)(C)C)C(=O)N[C@@H](CCc2ccccc2)C(=O)N[C@H]2CCCc3ccccc32)CC1)c1cccnc1";"IC50";"'>'";"10000.0";"nM";"";"";"";"UO_0000065";"";"";"";"";"0";"CHEMBL5159800";"Inhibition of chymotrypsin-like activity of human 20S proteasome using Suc-Leu Leu-Val-Tyr-AMC as substrate preincubated for 15 mins followed by substrate addition measured by fluorescence assay";"B";"BAO_0000223";"protein complex format";"Homo sapiens";"None";"None";"None";"None";"";"";"";"CHEMBL3831201";"20S proteasome";"Homo sapiens";"PROTEIN COMPLEX GROUP";"CHEMBL5154760";"1";"Scientific Literature";"Eur J Med Chem";"2022";"None";"TIME = 0.25 hr";"";"";"10000.0"
"CHEMBL5209077";"";"None";"737.95";"1";"4.70";"32";"CN(C(=O)C1CCN(C(=O)N[C@@H](CC(=O)NCC(C)(C)C)C(=O)N[C@@H](CCc2ccccc2)C(=O)N[C@@H]2CCCc3ccccc32)CC1)c1cccnc1";"IC50";"'='";"8.59";"nM";"8.07";"";"";"UO_0000065";"10.93";"0.20";"3.37";"5.28";"0";"CHEMBL5159800";"Inhibition of chymotrypsin-like activity of human 20S proteasome using Suc-Leu Leu-Val-Tyr-AMC as substrate preincubated for 15 mins followed by substrate addition measured by fluorescence assay";"B";"BAO_0000223";"protein complex format";"Homo sapiens";"None";"None";"None";"None";"";"";"";"CHEMBL3831201";"20S proteasome";"Homo sapiens";"PROTEIN COMPLEX GROUP";"CHEMBL5154760";"1";"Scientific Literature";"Eur J Med Chem";"2022";"None";"TIME = 0.25 hr";"INHIBITOR";"";"8.59"
"CHEMBL5439923";"";"None";"693.76";"2";"1.91";"12";"CC(=O)N[C@H]1Cc2ccc([N+](=O)[O-])c(c2)Oc2ccc3c(c2)C(C[C@@H](C(=O)N[C@@H](CC(C)C)C(N)=O)NC(=O)[C@H](CC(C)C)NC1=O)C(=O)N3";"IC50";"'='";"46100.0";"nM";"4.34";"";"";"UO_0000065";"6.25";"0.12";"2.43";"1.80";"0";"CHEMBL5338550";"Inhibition of human 20S proteasome trypsin-like activity using Ac-RLR-AMC as a fluorogenic substrate measured every 20 seconds for 10 mins by fluorescence based assay";"B";"BAO_0000223";"protein complex format";"Homo sapiens";"None";"None";"None";"None";"";"";"";"CHEMBL3831201";"20S proteasome";"Homo sapiens";"PROTEIN COMPLEX GROUP";"CHEMBL5335865";"1";"Scientific Literature";"ACS Med Chem Lett";"2024";"None";"TIME = 0.1667 hr";"INHIBITOR";"";"46.1"
"CHEMBL5439923";"";"None";"693.76";"2";"1.91";"12";"CC(=O)N[C@H]1Cc2ccc([N+](=O)[O-])c(c2)Oc2ccc3c(c2)C(C[C@@H](C(=O)N[C@@H](CC(C)C)C(N)=O)NC(=O)[C@H](CC(C)C)NC1=O)C(=O)N3";"Inhibition";"";"";"%";"";"";"";"UO_0000187";"";"";"";"";"0";"CHEMBL5338553";"Inhibition of human 20S proteasome PGPH-like activity using Cbz-LLE-AMC as a fluorogenic substrate at 130 uM measured every 20 seconds for 10 mins by fluorescence based assay";"B";"BAO_0000223";"protein complex format";"Homo sapiens";"None";"None";"None";"None";"";"";"";"CHEMBL3831201";"20S proteasome";"Homo sapiens";"PROTEIN COMPLEX GROUP";"CHEMBL5335865";"1";"Scientific Literature";"ACS Med Chem Lett";"2024";"None";"DOSE = 130.0 microM | TIME = 0.1667 hr";"";"Not active";""
"CHEMBL279444";"";"None";"860.07";"3";"5.34";"15";"COc1ccc(CN[C@@H](C(=O)N[C@H](C(=O)NCc2ccc(OC)cc2O)C(C)C)[C@H](O)[C@H](Cc2ccccc2)NC(=O)[C@@H](NC(=O)Cc2cccc3ccccc23)C(C)(C)C)cc1";"IC50";"'='";"100.0";"nM";"7.00";"";"";"UO_0000065";"8.14";"0.15";"1.66";"3.74";"0";"CHEMBL615352";"Tested in vitro for inhibition of chymotrypsin like activity of purified human 20S proteasome";"B";"BAO_0000220";"subcellular format";"Homo sapiens";"None";"None";"None";"None";"";"";"";"CHEMBL3831201";"20S proteasome";"Homo sapiens";"PROTEIN COMPLEX GROUP";"CHEMBL1136019";"1";"Scientific Literature";"Bioorg Med Chem Lett";"2002";"None";"";"";"";"0.1"
"CHEMBL3806032";"";"None";"715.80";"1";"4.53";"16";"CC(C)C[C@@H](C=O)NC(=O)[C@@H]1Cc2ccc(cc2)Oc2cc(ccc2[N+](=O)[O-])C[C@H](NC(=O)OCc2ccccc2)C(=O)N[C@@H](CC(C)C)C(=O)N1";"IC50";"'='";"7510.0";"nM";"5.12";"";"";"UO_0000065";"7.16";"0.13";"0.59";"2.63";"0";"CHEMBL5338552";"Inhibition of human 20S proteasome PGPH-like activity using Cbz-LLE-AMC as a fluorogenic substrate measured every 20 seconds for 10 mins by fluorescence based assay";"B";"BAO_0000223";"protein complex format";"Homo sapiens";"None";"None";"None";"None";"";"";"";"CHEMBL3831201";"20S proteasome";"Homo sapiens";"PROTEIN COMPLEX GROUP";"CHEMBL5335865";"1";"Scientific Literature";"ACS Med Chem Lett";"2024";"None";"TIME = 0.1667 hr";"INHIBITOR";"";"7.51"
"CHEMBL406736";"";"None";"721.96";"1";"4.21";"7f";"COC(=O)CCCCCCCC(=O)N[C@H](CCC/N=C(\N)NS(=O)(=O)c1c(C)c(C)c2c(c1C)CCC(C)(C)O2)C(=O)NC(C=O)CC(C)C";"IC50";"'>'";"3000.0";"nM";"";"";"";"UO_0000065";"";"";"";"";"0";"CHEMBL615353";"Compound was evaluated for inhibitory activity against 20S proteasome from human liver and brain";"B";"BAO_0000220";"subcellular format";"Homo sapiens";"CHEMBL3638188";"Brain";"None";"None";"";"";"";"CHEMBL3831201";"20S proteasome";"Homo sapiens";"PROTEIN COMPLEX GROUP";"CHEMBL1128409";"1";"Scientific Literature";"J Med Chem";"1995";"None";"";"";"";"3000.0"
"CHEMBL325041";"BORTEZOMIB";"4.0";"384.25";"None";"None";"Bortezomib";"CC(C)C[C@H](NC(=O)[C@H](Cc1ccccc1)NC(=O)c1cnccn1)B(O)O";"IC50";"'='";"6.91";"nM";"8.16";"";"";"UO_0000065";"21.24";"None";"None";"None";"0";"CHEMBL5159800";"Inhibition of chymotrypsin-like activity of human 20S proteasome using Suc-Leu Leu-Val-Tyr-AMC as substrate preincubated for 15 mins followed by substrate addition measured by fluorescence assay";"B";"BAO_0000223";"protein complex format";"Homo sapiens";"None";"None";"None";"None";"";"";"";"CHEMBL3831201";"20S proteasome";"Homo sapiens";"PROTEIN COMPLEX GROUP";"CHEMBL5154760";"1";"Scientific Literature";"Eur J Med Chem";"2022";"None";"TIME = 0.25 hr";"INHIBITOR";"";"6.91"
"CHEMBL5186240";"";"None";"737.95";"1";"4.56";"54";"CN(C(=O)c1cccnc1)C1CCN(C(=O)N[C@@H](CC(=O)NCC(C)(C)C)C(=O)N[C@@H](CCc2ccccc2)C(=O)N[C@@H]2CCCc3ccccc32)CC1";"IC50";"'='";"5.15";"nM";"8.29";"";"";"UO_0000065";"11.23";"0.21";"3.73";"5.42";"0";"CHEMBL5159800";"Inhibition of chymotrypsin-like activity of human 20S proteasome using Suc-Leu Leu-Val-Tyr-AMC as substrate preincubated for 15 mins followed by substrate addition measured by fluorescence assay";"B";"BAO_0000223";"protein complex format";"Homo sapiens";"None";"None";"None";"None";"";"";"";"CHEMBL3831201";"20S proteasome";"Homo sapiens";"PROTEIN COMPLEX GROUP";"CHEMBL5154760";"1";"Scientific Literature";"Eur J Med Chem";"2022";"None";"TIME = 0.25 hr";"INHIBITOR";"";"5.15"
"CHEMBL5188898";"";"None";"332.86";"0";"4.42";"16";"CN(C)C(=O)CCN1c2ccccc2Sc2ccc(Cl)cc21";"EC200";"'>'";"80.0";"uM";"";"";"";"UO_0000064";"";"";"";"";"0";"CHEMBL5166185";"Activation of human 20S proteosome at caspase-like site assessed as substrate degradation using Z-LLE-AMC as flurogenic substrate preincubated for 15 mins followed by substrate addition and measured after 1 hr by spectrometric analysis";"B";"BAO_0000223";"protein complex format";"Homo sapiens";"None";"None";"None";"None";"";"";"";"CHEMBL3831201";"20S proteasome";"Homo sapiens";"PROTEIN COMPLEX GROUP";"CHEMBL5154893";"1";"Scientific Literature";"J Med Chem";"2022";"None";"TIME = 0.25 hr";"";"";"80.0"
"CHEMBL5206894";"";"None";"323.85";"1";"6.14";"1";"Clc1ccc2c(c1)N(Cc1ccccc1)c1ccccc1S2";"EC200";"'='";"3.1";"uM";"";"";"";"UO_0000064";"";"";"";"";"0";"CHEMBL5166187";"Activation of human 20S proteosome at trypsin-like site assessed as substrate degradation using Boc-LLR-AMC as flurogenic substrate preincubated for 15 mins followed by substrate addition and measured after 1 hr by spectrometric analysis";"B";"BAO_0000223";"protein complex format";"Homo sapiens";"None";"None";"None";"None";"";"";"";"CHEMBL3831201";"20S proteasome";"Homo sapiens";"PROTEIN COMPLEX GROUP";"CHEMBL5154893";"1";"Scientific Literature";"J Med Chem";"2022";"None";"TIME = 0.25 hr";"ACTIVATOR";"";"3.1"
"CHEMBL5206894";"";"None";"323.85";"1";"6.14";"1";"Clc1ccc2c(c1)N(Cc1ccccc1)c1ccccc1S2";"EC200";"'='";"2.8";"uM";"";"";"";"UO_0000064";"";"";"";"";"0";"CHEMBL5166189";"Activation of human 20S proteosome at chymotrypsin like site assessed as substrate degradation using Suc-LLVY-AMC as flurogenic substrate preincubated for 15 mins followed by substrate addition and measured after 1 hr by spectrometric analysis";"B";"BAO_0000223";"protein complex format";"Homo sapiens";"None";"None";"None";"None";"";"";"";"CHEMBL3831201";"20S proteasome";"Homo sapiens";"PROTEIN COMPLEX GROUP";"CHEMBL5154893";"1";"Scientific Literature";"J Med Chem";"2022";"None";"TIME = 0.25 hr";"ACTIVATOR";"";"2.8"
"CHEMBL5195093";"";"None";"339.85";"1";"5.85";"8";"Oc1ccc(CN2c3ccccc3Sc3ccc(Cl)cc32)cc1";"EC200";"'>'";"80.0";"uM";"";"";"";"UO_0000064";"";"";"";"";"0";"CHEMBL5166189";"Activation of human 20S proteosome at chymotrypsin like site assessed as substrate degradation using Suc-LLVY-AMC as flurogenic substrate preincubated for 15 mins followed by substrate addition and measured after 1 hr by spectrometric analysis";"B";"BAO_0000223";"protein complex format";"Homo sapiens";"None";"None";"None";"None";"";"";"";"CHEMBL3831201";"20S proteasome";"Homo sapiens";"PROTEIN COMPLEX GROUP";"CHEMBL5154893";"1";"Scientific Literature";"J Med Chem";"2022";"None";"TIME = 0.25 hr";"";"";"80.0"
"CHEMBL5180453";"";"None";"381.88";"1";"5.93";"2";"COC(=O)c1ccc(CN2c3ccccc3Sc3ccc(Cl)cc32)cc1";"FC";"'='";"1.2";"";"";"";"";"";"";"";"";"";"0";"CHEMBL5166190";"Activation of human 20S proteosome at chymotrypsin like site assessed as maximum fold change in substrate degradation using Suc-LLVY-AMC as flurogenic substrate preincubated for 15 mins followed by substrate addition and measured after 1 hr by spectrometric analysis relative to control";"B";"BAO_0000223";"protein complex format";"Homo sapiens";"None";"None";"None";"None";"";"";"";"CHEMBL3831201";"20S proteasome";"Homo sapiens";"PROTEIN COMPLEX GROUP";"CHEMBL5154893";"1";"Scientific Literature";"J Med Chem";"2022";"None";"TIME = 0.25 hr";"ACTIVATOR";"";"1.2"
"CHEMBL4586405";"";"None";"629.80";"1";"1.55";"11q";"CC(C)C[C@H](NC(=O)N1CCC(C(=O)NCCO)CC1)C(=O)N[C@@H](Cc1ccccc1)C(=O)N[C@@H](CC(C)C)C(=O)[C@@]1(C)CO1";"IC50";"'='";"1089.6";"nM";"5.96";"";"";"UO_0000065";"9.47";"0.18";"4.41";"3.52";"0";"CHEMBL4423848";"Inhibition of human 20S proteasome preincubated for 15 mins followed by substrate addition";"B";"BAO_0000223";"protein complex format";"Homo sapiens";"None";"None";"None";"None";"";"";"";"CHEMBL3831201";"20S proteasome";"Homo sapiens";"PROTEIN COMPLEX GROUP";"CHEMBL4422641";"1";"Scientific Literature";"Eur J Med Chem";"2019";"None";"";"";"";"1089.6"
"CHEMBL4541038";"";"None";"662.83";"1";"3.47";"11k";"CC(C)C[C@H](NC(=O)N1CCC(C(=O)Nc2cccnc2)CC1)C(=O)N[C@@H](Cc1ccccc1)C(=O)N[C@@H](CC(C)C)C(=O)[C@@]1(C)CO1";"IC50";"'='";"3.6";"nM";"8.44";"";"";"UO_0000065";"12.74";"0.24";"4.97";"5.21";"0";"CHEMBL4423848";"Inhibition of human 20S proteasome preincubated for 15 mins followed by substrate addition";"B";"BAO_0000223";"protein complex format";"Homo sapiens";"None";"None";"None";"None";"";"";"";"CHEMBL3831201";"20S proteasome";"Homo sapiens";"PROTEIN COMPLEX GROUP";"CHEMBL4422641";"1";"Scientific Literature";"Eur J Med Chem";"2019";"None";"";"";"";"3.6"
"CHEMBL4517600";"";"None";"765.95";"2";"5.31";"11e";"CC(C)C[C@H](NC(=O)N1CCC(C(=O)Nc2ccc(C(=O)c3ccccc3)cc2)CC1)C(=O)N[C@@H](Cc1ccccc1)C(=O)N[C@@H](CC(C)C)C(=O)[C@@]1(C)CO1";"IC50";"'='";"2.4";"nM";"8.62";"";"";"UO_0000065";"11.25";"0.21";"3.31";"5.18";"0";"CHEMBL4423848";"Inhibition of human 20S proteasome preincubated for 15 mins followed by substrate addition";"B";"BAO_0000223";"protein complex format";"Homo sapiens";"None";"None";"None";"None";"";"";"";"CHEMBL3831201";"20S proteasome";"Homo sapiens";"PROTEIN COMPLEX GROUP";"CHEMBL4422641";"1";"Scientific Literature";"Eur J Med Chem";"2019";"None";"";"";"";"2.4"
"CHEMBL5187649";"";"None";"574.65";"2";"5.61";"1c";"O=C(NCc1ccccc1C(=O)N[C@H](/C=C/S(=O)(=O)c1ccccc1)CCc1ccccc1)c1cc(F)cc(F)c1";"Inhibition";"";"";"%";"";"";"ND";"UO_0000187";"";"";"";"";"0";"CHEMBL5115913";"Inhibition of human 20S proteasome trypsin-like activity at 11 uM using Boc-Leu-Arg-Arg-AMC as fluorogenic substrate by fluorometric assay";"B";"BAO_0000223";"protein complex format";"Homo sapiens";"None";"None";"None";"None";"";"";"";"CHEMBL3831201";"20S proteasome";"Homo sapiens";"PROTEIN COMPLEX GROUP";"CHEMBL5113413";"1";"Scientific Literature";"Eur J Med Chem";"2022";"None";"Dose = 11.0 microM";"";"";""
"CHEMBL5172863";"";"None";"555.66";"1";"4.67";"2a";"O=C(NCc1ccccc1C(=O)N[C@H](/C=C/S(=O)(=O)Oc1ccccc1)CCc1ccccc1)c1ccncc1";"Inhibition";"";"";"%";"";"";"NA";"UO_0000187";"";"";"";"";"0";"CHEMBL5115915";"Inhibition of human 20S proteasome chymotrypsin-like activity at 11 uM using Succ-Leu-Leu-Val-Tyr-AMC as fluorogenic substrate by fluorometric assay";"B";"BAO_0000223";"protein complex format";"Homo sapiens";"None";"None";"None";"None";"";"";"";"CHEMBL3831201";"20S proteasome";"Homo sapiens";"PROTEIN COMPLEX GROUP";"CHEMBL5113413";"1";"Scientific Literature";"Eur J Med Chem";"2022";"None";"Dose = 11.0 microM";"";"";""
"CHEMBL360654";"";"None";"609.72";"1";"3.89";"TP-108";"COc1ccc(CC(C=O)NC(=O)[C@@H](NC(=O)[C@H](Cc2ccc(O)cc2)NC(=O)Cc2cccc3ccccc23)C(C)C)cc1";"IC50";"'='";"18.0";"nM";"7.75";"";"";"UO_0000065";"";"";"";"";"0";"CHEMBL874816";"Inhibitory concentration to inhibit chymotrypsin-like activity of 20S proteasome prepared from human leukemia HL-60 cells was determined";"F";"BAO_0000220";"subcellular format";"Homo sapiens";"None";"None";"HL-60";"None";"";"";"";"CHEMBL3831201";"20S proteasome";"Homo sapiens";"PROTEIN COMPLEX GROUP";"CHEMBL1143504";"1";"Scientific Literature";"Bioorg Med Chem Lett";"2005";"CHEMBL3307654";"";"";"";"0.018"
"CHEMBL283263";"";"None";"886.06";"3";"4.77";"9";"COc1ccc(CNC(=O)[C@@H](NC(=O)[C@H](NCc2ccc(OC)c(OC)c2OC)[C@H](O)[C@H](Cc2ccccc2)NC(=O)[C@@H](NC(=O)OCc2ccccc2)C(C)(C)C)C(C)C)c(O)c1";"IC50";"'='";"100.0";"nM";"7.00";"";"";"UO_0000065";"7.90";"0.15";"2.23";"3.26";"0";"CHEMBL615352";"Tested in vitro for inhibition of chymotrypsin like activity of purified human 20S proteasome";"B";"BAO_0000220";"subcellular format";"Homo sapiens";"None";"None";"None";"None";"";"";"";"CHEMBL3831201";"20S proteasome";"Homo sapiens";"PROTEIN COMPLEX GROUP";"CHEMBL1136019";"1";"Scientific Literature";"Bioorg Med Chem Lett";"2002";"None";"";"";"";"0.1"
"CHEMBL4777320";"";"None";"487.65";"1";"6.84";"18";"COc1ccc2c(c1)N=C(c1ccccc1)N(C1CCN(Cc3ccccc3)CC1)C2c1ccccc1";"FC";"'='";"7.0";"";"";"";"";"";"";"";"";"";"0";"CHEMBL4736898";"Activation of human 20S proteosome assessed as increase in 7-amino-4-methylcoumarin release at 30 uM using mixture of chymotrypsin-like Suc-LLVY-AMC, trypsin-like Boc-LRR-AMC and caspase-like Z-LLE-AM fluorogenic peptides as substrates preincubated for 15 mins followed by substrate mixture addition and measured for 1 hr by fluorescence assay relative to control";"B";"BAO_0000223";"protein complex format";"Homo sapiens";"None";"None";"None";"None";"";"";"";"CHEMBL3831201";"20S proteasome";"Homo sapiens";"PROTEIN COMPLEX GROUP";"CHEMBL4732168";"1";"Scientific Literature";"Bioorg Med Chem Lett";"2021";"None";"Dose = 30.0 microM | TIME = 1.25 hr";"ACTIVATOR";"";"7.0"
"CHEMBL4755243";"";"None";"391.47";"1";"5.78";"12";"COc1ccc2c(c1)N=C(c1ccccc1)N(c1cccnc1)C2c1ccccc1";"FC";"'='";"5.9";"";"";"";"";"";"";"";"";"";"0";"CHEMBL4736898";"Activation of human 20S proteosome assessed as increase in 7-amino-4-methylcoumarin release at 30 uM using mixture of chymotrypsin-like Suc-LLVY-AMC, trypsin-like Boc-LRR-AMC and caspase-like Z-LLE-AM fluorogenic peptides as substrates preincubated for 15 mins followed by substrate mixture addition and measured for 1 hr by fluorescence assay relative to control";"B";"BAO_0000223";"protein complex format";"Homo sapiens";"None";"None";"None";"None";"";"";"";"CHEMBL3831201";"20S proteasome";"Homo sapiens";"PROTEIN COMPLEX GROUP";"CHEMBL4732168";"1";"Scientific Literature";"Bioorg Med Chem Lett";"2021";"None";"Dose = 30.0 microM | TIME = 1.25 hr";"ACTIVATOR";"";"5.9"
"CHEMBL5200556";"";"None";"423.97";"1";"7.10";"3";"CC(C)(C)OC(=O)c1ccc(CN2c3ccccc3Sc3ccc(Cl)cc32)cc1";"EC200";"'>'";"80.0";"uM";"";"";"";"UO_0000064";"";"";"";"";"0";"CHEMBL5166183";"Activation of human 20S proteosome assessed as substrate degradation using Suc-LLVY-AMC/Z-LLE-AMC/Boc-LLR-AMC as flurogenic substrate preincubated for 15 mins followed by substrate addition and measured after 1 hr by spectrometric analysis";"B";"BAO_0000223";"protein complex format";"Homo sapiens";"None";"None";"None";"None";"";"";"";"CHEMBL3831201";"20S proteasome";"Homo sapiens";"PROTEIN COMPLEX GROUP";"CHEMBL5154893";"1";"Scientific Literature";"J Med Chem";"2022";"None";"TIME = 0.25 hr";"";"";"80.0"
"CHEMBL5189005";"";"None";"381.88";"1";"5.93";"5";"COC(=O)c1cccc(CN2c3ccccc3Sc3ccc(Cl)cc32)c1";"EC200";"'='";"2.4";"uM";"";"";"";"UO_0000064";"";"";"";"";"0";"CHEMBL5166183";"Activation of human 20S proteosome assessed as substrate degradation using Suc-LLVY-AMC/Z-LLE-AMC/Boc-LLR-AMC as flurogenic substrate preincubated for 15 mins followed by substrate addition and measured after 1 hr by spectrometric analysis";"B";"BAO_0000223";"protein complex format";"Homo sapiens";"None";"None";"None";"None";"";"";"";"CHEMBL3831201";"20S proteasome";"Homo sapiens";"PROTEIN COMPLEX GROUP";"CHEMBL5154893";"1";"Scientific Literature";"J Med Chem";"2022";"None";"TIME = 0.25 hr";"ACTIVATOR";"";"2.4"
"CHEMBL5189005";"";"None";"381.88";"1";"5.93";"5";"COC(=O)c1cccc(CN2c3ccccc3Sc3ccc(Cl)cc32)c1";"FC";"'='";"6.0";"";"";"";"";"";"";"";"";"";"0";"CHEMBL5166184";"Activation of human 20S proteosome assessed as maximum fold change in substrate degradation using Suc-LLVY-AMC/Z-LLE-AMC/Boc-LLR-AMC as flurogenic substrate preincubated for 15 mins followed by substrate addition and measured after 1 hr by spectrometric analysis relative to control";"B";"BAO_0000223";"protein complex format";"Homo sapiens";"None";"None";"None";"None";"";"";"";"CHEMBL3831201";"20S proteasome";"Homo sapiens";"PROTEIN COMPLEX GROUP";"CHEMBL5154893";"1";"Scientific Literature";"J Med Chem";"2022";"None";"TIME = 0.25 hr";"ACTIVATOR";"";"6.0"
"CHEMBL5180453";"";"None";"381.88";"1";"5.93";"2";"COC(=O)c1ccc(CN2c3ccccc3Sc3ccc(Cl)cc32)cc1";"EC200";"'='";"2.7";"uM";"";"";"";"UO_0000064";"";"";"";"";"0";"CHEMBL5166185";"Activation of human 20S proteosome at caspase-like site assessed as substrate degradation using Z-LLE-AMC as flurogenic substrate preincubated for 15 mins followed by substrate addition and measured after 1 hr by spectrometric analysis";"B";"BAO_0000223";"protein complex format";"Homo sapiens";"None";"None";"None";"None";"";"";"";"CHEMBL3831201";"20S proteasome";"Homo sapiens";"PROTEIN COMPLEX GROUP";"CHEMBL5154893";"1";"Scientific Literature";"J Med Chem";"2022";"None";"TIME = 0.25 hr";"ACTIVATOR";"";"2.7"
"CHEMBL5189005";"";"None";"381.88";"1";"5.93";"5";"COC(=O)c1cccc(CN2c3ccccc3Sc3ccc(Cl)cc32)c1";"EC200";"'='";"9.7";"uM";"";"";"";"UO_0000064";"";"";"";"";"0";"CHEMBL5166185";"Activation of human 20S proteosome at caspase-like site assessed as substrate degradation using Z-LLE-AMC as flurogenic substrate preincubated for 15 mins followed by substrate addition and measured after 1 hr by spectrometric analysis";"B";"BAO_0000223";"protein complex format";"Homo sapiens";"None";"None";"None";"None";"";"";"";"CHEMBL3831201";"20S proteasome";"Homo sapiens";"PROTEIN COMPLEX GROUP";"CHEMBL5154893";"1";"Scientific Literature";"J Med Chem";"2022";"None";"TIME = 0.25 hr";"ACTIVATOR";"";"9.7"
"CHEMBL5192898";"";"None";"492.98";"1";"7.98";"19";"O=C(CCN1c2ccccc2Sc2ccc(Cl)cc21)N(c1ccc(F)cc1)c1ccc(F)cc1";"FC";"'='";"9.4";"";"";"";"";"";"";"";"";"";"0";"CHEMBL5166186";"Activation of human 20S proteosome at caspase-like site assessed as maximum fold change in substrate degradation using Z-LLE-AMC as flurogenic substrate preincubated for 15 mins followed by substrate addition and measured after 1 hr by spectrometric analysis relative to control";"B";"BAO_0000223";"protein complex format";"Homo sapiens";"None";"None";"None";"None";"";"";"";"CHEMBL3831201";"20S proteasome";"Homo sapiens";"PROTEIN COMPLEX GROUP";"CHEMBL5154893";"1";"Scientific Literature";"J Med Chem";"2022";"None";"TIME = 0.25 hr";"ACTIVATOR";"";"9.4"
"CHEMBL5575120";"";"None";"558.42";"None";"None";"41c";"CC(C)C[C@H](NC(=O)[C@H](Cc1ccccc1)NC(=O)c1cc(Cc2n[nH]c(=O)c3ccccc23)ccc1F)B(O)O";"IC50";"'='";"87.8";"nM";"7.06";"";"";"UO_0000065";"12.64";"None";"None";"None";"0";"CHEMBL5528522";"Inhibition of 20S proteasome (unknown origin) using Suv-LLVY-AMC as substrate";"B";"BAO_0000223";"protein complex format";"Homo sapiens";"None";"None";"None";"None";"";"";"";"CHEMBL3831201";"20S proteasome";"Homo sapiens";"PROTEIN COMPLEX GROUP";"CHEMBL5528008";"1";"Scientific Literature";"Eur J Med Chem";"2024";"None";"";"INHIBITOR";"";"87.8"
"CHEMBL5567244";"";"None";"646.57";"None";"None";"42f";"CC(C)C[C@H](NC(=O)[C@@H](NC(=O)c1cc(Cc2n[nH]c(=O)c3ccccc23)ccc1F)C(C)O)B1O[C@@H]2C[C@@H]3C[C@@H](C3(C)C)[C@]2(C)O1";"IC50";"'='";"13.8";"nM";"7.86";"";"";"UO_0000065";"12.16";"None";"None";"None";"0";"CHEMBL5528522";"Inhibition of 20S proteasome (unknown origin) using Suv-LLVY-AMC as substrate";"B";"BAO_0000223";"protein complex format";"Homo sapiens";"None";"None";"None";"None";"";"";"";"CHEMBL3831201";"20S proteasome";"Homo sapiens";"PROTEIN COMPLEX GROUP";"CHEMBL5528008";"1";"Scientific Literature";"Eur J Med Chem";"2024";"None";"";"INHIBITOR";"";"13.8"
"CHEMBL5193289";"";"None";"368.85";"1";"6.05";"7";"O=[N+]([O-])c1cccc(CN2c3ccccc3Sc3ccc(Cl)cc32)c1";"EC200";"'='";"1.6";"uM";"";"";"";"UO_0000064";"";"";"";"";"0";"CHEMBL5166187";"Activation of human 20S proteosome at trypsin-like site assessed as substrate degradation using Boc-LLR-AMC as flurogenic substrate preincubated for 15 mins followed by substrate addition and measured after 1 hr by spectrometric analysis";"B";"BAO_0000223";"protein complex format";"Homo sapiens";"None";"None";"None";"None";"";"";"";"CHEMBL3831201";"20S proteasome";"Homo sapiens";"PROTEIN COMPLEX GROUP";"CHEMBL5154893";"1";"Scientific Literature";"J Med Chem";"2022";"None";"TIME = 0.25 hr";"ACTIVATOR";"";"1.6"
"CHEMBL5198457";"";"None";"338.86";"1";"5.73";"9";"Nc1cccc(CN2c3ccccc3Sc3ccc(Cl)cc32)c1";"EC200";"'='";"9.2";"uM";"";"";"";"UO_0000064";"";"";"";"";"0";"CHEMBL5166187";"Activation of human 20S proteosome at trypsin-like site assessed as substrate degradation using Boc-LLR-AMC as flurogenic substrate preincubated for 15 mins followed by substrate addition and measured after 1 hr by spectrometric analysis";"B";"BAO_0000223";"protein complex format";"Homo sapiens";"None";"None";"None";"None";"";"";"";"CHEMBL3831201";"20S proteasome";"Homo sapiens";"PROTEIN COMPLEX GROUP";"CHEMBL5154893";"1";"Scientific Literature";"J Med Chem";"2022";"None";"TIME = 0.25 hr";"ACTIVATOR";"";"9.2"
"CHEMBL26986";"";"None";"838.06";"3";"5.87";"12";"COc1ccc(CNC(=O)[C@@H](NC(=O)[C@H](NCc2ccc(C(C)C)cc2)[C@H](O)[C@H](Cc2ccccc2)NC(=O)[C@@H](NC(=O)OCc2ccccc2)C(C)(C)C)C(C)C)c(O)c1";"IC50";"'='";"1600.0";"nM";"5.80";"";"";"UO_0000065";"6.92";"0.13";"-0.07";"3.09";"0";"CHEMBL615352";"Tested in vitro for inhibition of chymotrypsin like activity of purified human 20S proteasome";"B";"BAO_0000220";"subcellular format";"Homo sapiens";"None";"None";"None";"None";"";"";"";"CHEMBL3831201";"20S proteasome";"Homo sapiens";"PROTEIN COMPLEX GROUP";"CHEMBL1136019";"1";"Scientific Literature";"Bioorg Med Chem Lett";"2002";"None";"";"";"";"1.6"
"CHEMBL5193289";"";"None";"368.85";"1";"6.05";"7";"O=[N+]([O-])c1cccc(CN2c3ccccc3Sc3ccc(Cl)cc32)c1";"EC200";"'='";"1.1";"uM";"";"";"";"UO_0000064";"";"";"";"";"0";"CHEMBL5166189";"Activation of human 20S proteosome at chymotrypsin like site assessed as substrate degradation using Suc-LLVY-AMC as flurogenic substrate preincubated for 15 mins followed by substrate addition and measured after 1 hr by spectrometric analysis";"B";"BAO_0000223";"protein complex format";"Homo sapiens";"None";"None";"None";"None";"";"";"";"CHEMBL3831201";"20S proteasome";"Homo sapiens";"PROTEIN COMPLEX GROUP";"CHEMBL5154893";"1";"Scientific Literature";"J Med Chem";"2022";"None";"TIME = 0.25 hr";"ACTIVATOR";"";"1.1"
"CHEMBL4777320";"";"None";"487.65";"1";"6.84";"18";"COc1ccc2c(c1)N=C(c1ccccc1)N(C1CCN(Cc3ccccc3)CC1)C2c1ccccc1";"Activity";"'>'";"200.0";"%";"";"";"";"UO_0000187";"";"";"";"";"0";"CHEMBL4736917";"Activation of human 20S proteosome assessed as increase in 7-amino-4-methylcoumarin release at 3 uM using mixture of chymotrypsin-like Suc-LLVY-AMC, trypsin-like Boc-LRR-AMC and caspase-like Z-LLE-AM fluorogenic peptides as substrates preincubated for 15 mins followed by substrate mixture addition and measured for 1 hr by fluorescence assay relative to control";"B";"BAO_0000223";"protein complex format";"Homo sapiens";"None";"None";"None";"None";"";"";"";"CHEMBL3831201";"20S proteasome";"Homo sapiens";"PROTEIN COMPLEX GROUP";"CHEMBL4732168";"1";"Scientific Literature";"Bioorg Med Chem Lett";"2021";"None";"Dose = 3.0 microM | TIME = 1.25 hr";"ACTIVATOR";"";"200.0"
"CHEMBL4573271";"";"None";"371.57";"1";"7.14";"19";"CCCCCCCC/C=C\CCCCC/C=C/C(=O)Nc1ccc(O)cc1";"Activity";"'='";"500.0";"%";"";"";"";"UO_0000187";"";"";"";"";"0";"CHEMBL4373371";"Stimulation of human 20S proteasome at EC50 using 11 amino acid FRET peptide as substrate measured every 2 mins over 1 hr by FRET assay relative to control";"B";"BAO_0000223";"protein complex format";"Homo sapiens";"None";"None";"None";"None";"";"";"";"CHEMBL3831201";"20S proteasome";"Homo sapiens";"PROTEIN COMPLEX GROUP";"CHEMBL4371088";"1";"Scientific Literature";"Bioorg Med Chem Lett";"2019";"None";"";"";"";"500.0"
"CHEMBL4474796";"";"None";"212.33";"0";"4.16";"S16";"CCCCCCCCCC/C=C/C(=O)O";"Activity";"'='";"91.0";"%";"";"";"";"UO_0000187";"";"";"";"";"0";"CHEMBL4373369";"Stimulation of human 20S proteasome at 25 uM using 11 amino acid FRET peptide as substrate measured every 2 mins over 1 hr by FRET assay relative to control";"B";"BAO_0000223";"protein complex format";"Homo sapiens";"None";"None";"None";"None";"";"";"";"CHEMBL3831201";"20S proteasome";"Homo sapiens";"PROTEIN COMPLEX GROUP";"CHEMBL4371088";"1";"Scientific Literature";"Bioorg Med Chem Lett";"2019";"None";"";"";"";"91.0"
"CHEMBL227806";"";"None";"263.38";"0";"4.47";"6";"CCCCCCCCCC(=O)Nc1ccc(O)cc1";"Activity";"'='";"0.0";"%";"";"";"";"UO_0000187";"";"";"";"";"0";"CHEMBL4373369";"Stimulation of human 20S proteasome at 25 uM using 11 amino acid FRET peptide as substrate measured every 2 mins over 1 hr by FRET assay relative to control";"B";"BAO_0000223";"protein complex format";"Homo sapiens";"None";"None";"None";"None";"";"";"";"CHEMBL3831201";"20S proteasome";"Homo sapiens";"PROTEIN COMPLEX GROUP";"CHEMBL4371088";"1";"Scientific Literature";"Bioorg Med Chem Lett";"2019";"None";"";"";"";"0.0"
"CHEMBL5193289";"";"None";"368.85";"1";"6.05";"7";"O=[N+]([O-])c1cccc(CN2c3ccccc3Sc3ccc(Cl)cc32)c1";"EC200";"'='";"1.2";"uM";"";"";"";"UO_0000064";"";"";"";"";"0";"CHEMBL5166185";"Activation of human 20S proteosome at caspase-like site assessed as substrate degradation using Z-LLE-AMC as flurogenic substrate preincubated for 15 mins followed by substrate addition and measured after 1 hr by spectrometric analysis";"B";"BAO_0000223";"protein complex format";"Homo sapiens";"None";"None";"None";"None";"";"";"";"CHEMBL3831201";"20S proteasome";"Homo sapiens";"PROTEIN COMPLEX GROUP";"CHEMBL5154893";"1";"Scientific Literature";"J Med Chem";"2022";"None";"TIME = 0.25 hr";"ACTIVATOR";"";"1.2"
"CHEMBL5574533";"";"None";"676.66";"None";"None";"42i";"CSCC[C@H](NC(=O)c1cc(Cc2n[nH]c(=O)c3ccccc23)ccc1F)C(=O)N[C@@H](CC(C)C)B1O[C@@H]2C[C@@H]3C[C@@H](C3(C)C)[C@]2(C)O1";"IC50";"'='";"82.3";"nM";"7.08";"";"";"UO_0000065";"10.47";"None";"None";"None";"0";"CHEMBL5528522";"Inhibition of 20S proteasome (unknown origin) using Suv-LLVY-AMC as substrate";"B";"BAO_0000223";"protein complex format";"Homo sapiens";"None";"None";"None";"None";"";"";"";"CHEMBL3831201";"20S proteasome";"Homo sapiens";"PROTEIN COMPLEX GROUP";"CHEMBL5528008";"1";"Scientific Literature";"Eur J Med Chem";"2024";"None";"";"INHIBITOR";"";"82.3"
"CHEMBL4574810";"";"None";"1272.48";"None";"None";"2";"C[C@H](NC(=O)[C@H](Cc1ccc(O)cc1)NC(=O)[C@H](Cc1ccc(O)cc1)NC(=O)[C@@H]1CCCN1C(=O)[C@@H]1CCCN1C(=O)[C@@H]1CCCN1C(=O)[C@@H]1CCCN1C(=O)[C@H](CCCNC(=N)N)NC(=O)[C@H](CCCNC(=N)N)NC(=O)[C@@H](N)CCCNC(=N)N)C(=O)O";"Activity";"'='";"36.0";"%";"";"";"";"UO_0000187";"";"";"";"";"0";"CHEMBL4371827";"Effect on alpha-face conformations of latent human erythrocytes 20S proteasome assessed as intermediate state conformation at 1 uM by atomic force microscopic method (Rvb = 22%)";"B";"BAO_0000019";"assay format";"Homo sapiens";"None";"None";"None";"None";"";"";"";"CHEMBL3831201";"20S proteasome";"Homo sapiens";"PROTEIN COMPLEX GROUP";"CHEMBL4371016";"1";"Scientific Literature";"J Med Chem";"2019";"None";"";"";"";"36.0"
"CHEMBL4522493";"";"None";"1707.03";"None";"None";"7";"CC(C)C[C@H](NC(=O)[C@H](Cc1ccc(O)cc1)NC(=O)[C@@H]1CCCN1C(=O)[C@@H]1CCCN1C(=O)[C@H](CCCNC(=N)N)NC(=O)[C@@H]1CCCN1C(=O)[C@H](CCCNC(=N)N)NC(=O)[C@H](CCCNC(=N)N)NC(=O)[C@@H](N)CCCNC(=N)N)C(=O)N1CCC[C@H]1C(=O)N[C@@H](CCCNC(=N)N)C(=O)N[C@@H](Cc1c[nH]c2ccccc12)C(=O)NCC(=O)O";"Activity";"'='";"57.0";"%";"";"";"";"UO_0000187";"";"";"";"";"0";"CHEMBL4371831";"Effect on alpha-face conformations of latent human erythrocytes 20S proteasome assessed as closed state conformation at 10 uM by atomic force microscopic method (Rvb = 70%)";"B";"BAO_0000019";"assay format";"Homo sapiens";"None";"None";"None";"None";"";"";"";"CHEMBL3831201";"20S proteasome";"Homo sapiens";"PROTEIN COMPLEX GROUP";"CHEMBL4371016";"1";"Scientific Literature";"J Med Chem";"2019";"None";"";"";"";"57.0"
"CHEMBL362804";"";"None";"609.72";"1";"3.89";"TP-109";"COc1ccc(C[C@H](NC(=O)Cc2cccc3ccccc23)C(=O)N[C@H](C(=O)NC(C=O)Cc2ccc(O)cc2)C(C)C)cc1";"IC50";"'='";"6000.0";"nM";"5.22";"";"";"UO_0000065";"";"";"";"";"0";"CHEMBL834792";"Inhibitory concentration to inhibit trypsin-like activity of 20S proteasome from human leukemia HL-60 cells was determined";"F";"BAO_0000220";"subcellular format";"Homo sapiens";"None";"None";"HL-60";"None";"";"";"";"CHEMBL3831201";"20S proteasome";"Homo sapiens";"PROTEIN COMPLEX GROUP";"CHEMBL1143504";"1";"Scientific Literature";"Bioorg Med Chem Lett";"2005";"CHEMBL3307654";"";"";"";"6.0"
"CHEMBL4281333";"";"None";"198.31";"0";"3.77";"S15";"CCCCCCCCC/C=C/C(=O)O";"Activity";"'='";"93.0";"%";"";"";"";"UO_0000187";"";"";"";"";"0";"CHEMBL4373369";"Stimulation of human 20S proteasome at 25 uM using 11 amino acid FRET peptide as substrate measured every 2 mins over 1 hr by FRET assay relative to control";"B";"BAO_0000223";"protein complex format";"Homo sapiens";"None";"None";"None";"None";"";"";"";"CHEMBL3831201";"20S proteasome";"Homo sapiens";"PROTEIN COMPLEX GROUP";"CHEMBL4371088";"1";"Scientific Literature";"Bioorg Med Chem Lett";"2019";"None";"";"";"";"93.0"
"CHEMBL4461933";"";"None";"233.31";"0";"3.30";"10";"O=C(CCC1CCCC1)Nc1ccc(O)cc1";"Activity";"'='";"0.0";"%";"";"";"";"UO_0000187";"";"";"";"";"0";"CHEMBL4373369";"Stimulation of human 20S proteasome at 25 uM using 11 amino acid FRET peptide as substrate measured every 2 mins over 1 hr by FRET assay relative to control";"B";"BAO_0000223";"protein complex format";"Homo sapiens";"None";"None";"None";"None";"";"";"";"CHEMBL3831201";"20S proteasome";"Homo sapiens";"PROTEIN COMPLEX GROUP";"CHEMBL4371088";"1";"Scientific Literature";"Bioorg Med Chem Lett";"2019";"None";"";"";"";"0.0"
"CHEMBL4541758";"";"None";"221.30";"0";"3.30";"4";"CCCCCCC(=O)Nc1ccc(O)cc1";"Activity";"'='";"8.0";"%";"";"";"";"UO_0000187";"";"";"";"";"0";"CHEMBL4373369";"Stimulation of human 20S proteasome at 25 uM using 11 amino acid FRET peptide as substrate measured every 2 mins over 1 hr by FRET assay relative to control";"B";"BAO_0000223";"protein complex format";"Homo sapiens";"None";"None";"None";"None";"";"";"";"CHEMBL3831201";"20S proteasome";"Homo sapiens";"PROTEIN COMPLEX GROUP";"CHEMBL4371088";"1";"Scientific Literature";"Bioorg Med Chem Lett";"2019";"None";"";"";"";"8.0"
"CHEMBL5189883";"";"None";"329.38";"0";"3.37";"13";"C/C=C/c1cnc(C(=O)NCCOC)cc1Nc1ccccc1F";"IC50";"'>'";"10000.0";"nM";"";"";"";"UO_0000065";"";"";"";"";"0";"CHEMBL5130423";"Inhibition of human 20s proteasome";"B";"BAO_0000223";"protein complex format";"Homo sapiens";"None";"None";"None";"None";"";"";"";"CHEMBL3831201";"20S proteasome";"Homo sapiens";"PROTEIN COMPLEX GROUP";"CHEMBL5126622";"1";"Scientific Literature";"J Med Chem";"2022";"None";"";"";"";"10000.0"
"CHEMBL5196715";"";"None";"369.40";"0";"2.51";"3";"Cc1ccc2nc(C(=O)NC[C@@H](O)CO)cc(Nc3ccccc3F)c2c1";"IC50";"'>'";"10000.0";"nM";"";"";"";"UO_0000065";"";"";"";"";"0";"CHEMBL5130423";"Inhibition of human 20s proteasome";"B";"BAO_0000223";"protein complex format";"Homo sapiens";"None";"None";"None";"None";"";"";"";"CHEMBL3831201";"20S proteasome";"Homo sapiens";"PROTEIN COMPLEX GROUP";"CHEMBL5126622";"1";"Scientific Literature";"J Med Chem";"2022";"None";"";"";"";"10000.0"
"CHEMBL5183805";"";"None";"711.91";"1";"4.38";"41";"C[C@@H](NC(=O)[C@H](CCc1ccccc1)NC(=O)[C@H](CC(=O)NCC(C)(C)C)NC(=O)N1CCC(C(=O)N(C)c2cccnc2)CC1)c1ccccc1";"IC50";"'='";"99.76";"nM";"7.00";"";"";"UO_0000065";"9.83";"0.18";"2.62";"4.58";"0";"CHEMBL5159800";"Inhibition of chymotrypsin-like activity of human 20S proteasome using Suc-Leu Leu-Val-Tyr-AMC as substrate preincubated for 15 mins followed by substrate addition measured by fluorescence assay";"B";"BAO_0000223";"protein complex format";"Homo sapiens";"None";"None";"None";"None";"";"";"";"CHEMBL3831201";"20S proteasome";"Homo sapiens";"PROTEIN COMPLEX GROUP";"CHEMBL5154760";"1";"Scientific Literature";"Eur J Med Chem";"2022";"None";"TIME = 0.25 hr";"INHIBITOR";"";"99.76"
"CHEMBL4102324";"";"None";"724.33";"1";"4.51";"A19";"CC(C)(C)CNC(=O)C[C@H](NC(=O)N1CCC(C(=O)Nc2nccs2)CC1)C(=O)N[C@@H](CCc1ccccc1)C(=O)NCc1ccccc1Cl";"IC50";"'='";"0.92";"nM";"9.04";"";"";"UO_0000065";"12.48";"0.25";"4.53";"5.59";"0";"CHEMBL5159800";"Inhibition of chymotrypsin-like activity of human 20S proteasome using Suc-Leu Leu-Val-Tyr-AMC as substrate preincubated for 15 mins followed by substrate addition measured by fluorescence assay";"B";"BAO_0000223";"protein complex format";"Homo sapiens";"None";"None";"None";"None";"";"";"";"CHEMBL3831201";"20S proteasome";"Homo sapiens";"PROTEIN COMPLEX GROUP";"CHEMBL5154760";"1";"Scientific Literature";"Eur J Med Chem";"2022";"None";"TIME = 0.25 hr";"INHIBITOR";"";"0.92"
"CHEMBL5179570";"";"None";"750.99";"2";"5.69";"43";"CCN(C(=O)C1CCN(C(=O)N[C@@H](CC(=O)NCC(C)(C)C)C(=O)N[C@@H](CCc2ccccc2)C(=O)N[C@@H]2CCCc3ccccc32)CC1)c1ccccc1";"IC50";"'='";"8.39";"nM";"8.08";"";"";"UO_0000065";"10.75";"0.20";"2.39";"5.77";"0";"CHEMBL5159800";"Inhibition of chymotrypsin-like activity of human 20S proteasome using Suc-Leu Leu-Val-Tyr-AMC as substrate preincubated for 15 mins followed by substrate addition measured by fluorescence assay";"B";"BAO_0000223";"protein complex format";"Homo sapiens";"None";"None";"None";"None";"";"";"";"CHEMBL3831201";"20S proteasome";"Homo sapiens";"PROTEIN COMPLEX GROUP";"CHEMBL5154760";"1";"Scientific Literature";"Eur J Med Chem";"2022";"None";"TIME = 0.25 hr";"INHIBITOR";"";"8.39"
"CHEMBL5189005";"";"None";"381.88";"1";"5.93";"5";"COC(=O)c1cccc(CN2c3ccccc3Sc3ccc(Cl)cc32)c1";"EC200";"'='";"1.9";"uM";"";"";"";"UO_0000064";"";"";"";"";"0";"CHEMBL5166187";"Activation of human 20S proteosome at trypsin-like site assessed as substrate degradation using Boc-LLR-AMC as flurogenic substrate preincubated for 15 mins followed by substrate addition and measured after 1 hr by spectrometric analysis";"B";"BAO_0000223";"protein complex format";"Homo sapiens";"None";"None";"None";"None";"";"";"";"CHEMBL3831201";"20S proteasome";"Homo sapiens";"PROTEIN COMPLEX GROUP";"CHEMBL5154893";"1";"Scientific Literature";"J Med Chem";"2022";"None";"TIME = 0.25 hr";"ACTIVATOR";"";"1.9"
"CHEMBL4451493";"";"None";"269.34";"0";"4.04";"S9";"CC(C)CC(=O)Nc1cc(-c2ccccc2)ccc1O";"Activity";"'='";"0.0";"%";"";"";"";"UO_0000187";"";"";"";"";"0";"CHEMBL4373369";"Stimulation of human 20S proteasome at 25 uM using 11 amino acid FRET peptide as substrate measured every 2 mins over 1 hr by FRET assay relative to control";"B";"BAO_0000223";"protein complex format";"Homo sapiens";"None";"None";"None";"None";"";"";"";"CHEMBL3831201";"20S proteasome";"Homo sapiens";"PROTEIN COMPLEX GROUP";"CHEMBL4371088";"1";"Scientific Literature";"Bioorg Med Chem Lett";"2019";"None";"";"";"";"0.0"
"CHEMBL4518259";"";"None";"252.40";"1";"5.10";"13";"CCCCCC/C=C\CCCCC/C=C/C(=O)O";"Activity";"'='";"191.0";"%";"";"";"";"UO_0000187";"";"";"";"";"0";"CHEMBL4373369";"Stimulation of human 20S proteasome at 25 uM using 11 amino acid FRET peptide as substrate measured every 2 mins over 1 hr by FRET assay relative to control";"B";"BAO_0000223";"protein complex format";"Homo sapiens";"None";"None";"None";"None";"";"";"";"CHEMBL3831201";"20S proteasome";"Homo sapiens";"PROTEIN COMPLEX GROUP";"CHEMBL4371088";"1";"Scientific Literature";"Bioorg Med Chem Lett";"2019";"None";"";"";"";"191.0"
"CHEMBL5178201";"";"None";"304.80";"0";"3.82";"15";"NC(=O)CCN1c2ccccc2Sc2ccc(Cl)cc21";"EC200";"'>'";"80.0";"uM";"";"";"";"UO_0000064";"";"";"";"";"0";"CHEMBL5166189";"Activation of human 20S proteosome at chymotrypsin like site assessed as substrate degradation using Suc-LLVY-AMC as flurogenic substrate preincubated for 15 mins followed by substrate addition and measured after 1 hr by spectrometric analysis";"B";"BAO_0000223";"protein complex format";"Homo sapiens";"None";"None";"None";"None";"";"";"";"CHEMBL3831201";"20S proteasome";"Homo sapiens";"PROTEIN COMPLEX GROUP";"CHEMBL5154893";"1";"Scientific Literature";"J Med Chem";"2022";"None";"TIME = 0.25 hr";"";"";"80.0"
"CHEMBL5189005";"";"None";"381.88";"1";"5.93";"5";"COC(=O)c1cccc(CN2c3ccccc3Sc3ccc(Cl)cc32)c1";"FC";"'='";"6.0";"";"";"";"";"";"";"";"";"";"0";"CHEMBL5166190";"Activation of human 20S proteosome at chymotrypsin like site assessed as maximum fold change in substrate degradation using Suc-LLVY-AMC as flurogenic substrate preincubated for 15 mins followed by substrate addition and measured after 1 hr by spectrometric analysis relative to control";"B";"BAO_0000223";"protein complex format";"Homo sapiens";"None";"None";"None";"None";"";"";"";"CHEMBL3831201";"20S proteasome";"Homo sapiens";"PROTEIN COMPLEX GROUP";"CHEMBL5154893";"1";"Scientific Literature";"J Med Chem";"2022";"None";"TIME = 0.25 hr";"ACTIVATOR";"";"6.0"
"CHEMBL15611";"OLEIC ACID ANILIDE";"None";"357.58";"1";"7.66";"1";"CCCCCCCC/C=C\CCCCCCCC(=O)Nc1ccccc1";"Activity";"'='";"159.0";"%";"";"";"";"UO_0000187";"";"";"";"";"0";"CHEMBL5107497";"Stimulation of human 20S proteasome assessed as increase in proteasome activity at 25 uM and measured upto 60 mins using FRET peptide as substrate by FRET assay relative to control";"B";"BAO_0000223";"protein complex format";"Homo sapiens";"None";"None";"None";"None";"";"";"";"CHEMBL3831201";"20S proteasome";"Homo sapiens";"PROTEIN COMPLEX GROUP";"CHEMBL5104206";"1";"Scientific Literature";"RSC Med Chem";"2022";"None";"Dose = 25.0 microM | TIME <= 1.0 hr";"ACTIVATOR";"";"159.0"
"CHEMBL5183532";"";"None";"349.60";"1";"7.08";"19";"CCCCCCCC/C=C\CCCCCCCC(=O)NC1CCCC1";"Activity";"'='";"218.0";"%";"";"";"";"UO_0000187";"";"";"";"";"0";"CHEMBL5107497";"Stimulation of human 20S proteasome assessed as increase in proteasome activity at 25 uM and measured upto 60 mins using FRET peptide as substrate by FRET assay relative to control";"B";"BAO_0000223";"protein complex format";"Homo sapiens";"None";"None";"None";"None";"";"";"";"CHEMBL3831201";"20S proteasome";"Homo sapiens";"PROTEIN COMPLEX GROUP";"CHEMBL5104206";"1";"Scientific Literature";"RSC Med Chem";"2022";"None";"Dose = 25.0 microM | TIME <= 1.0 hr";"ACTIVATOR";"";"218.0"
"CHEMBL5207153";"";"None";"377.66";"1";"7.72";"23";"CCCCCCCC/C=C\CCCCCCCC(=O)N[C@H]1CC[C@H](C)CC1";"Activity";"'='";"118.0";"%";"";"";"";"UO_0000187";"";"";"";"";"0";"CHEMBL5107497";"Stimulation of human 20S proteasome assessed as increase in proteasome activity at 25 uM and measured upto 60 mins using FRET peptide as substrate by FRET assay relative to control";"B";"BAO_0000223";"protein complex format";"Homo sapiens";"None";"None";"None";"None";"";"";"";"CHEMBL3831201";"20S proteasome";"Homo sapiens";"PROTEIN COMPLEX GROUP";"CHEMBL5104206";"1";"Scientific Literature";"RSC Med Chem";"2022";"None";"Dose = 25.0 microM | TIME <= 1.0 hr";"ACTIVATOR";"";"118.0"
"CHEMBL5183698";"";"None";"385.64";"1";"7.65";"16";"CCCCCCCC/C=C\CCCCCCCC(=O)NCc1cccc(C)c1";"Activity";"'='";"183.0";"%";"";"";"";"UO_0000187";"";"";"";"";"0";"CHEMBL5107497";"Stimulation of human 20S proteasome assessed as increase in proteasome activity at 25 uM and measured upto 60 mins using FRET peptide as substrate by FRET assay relative to control";"B";"BAO_0000223";"protein complex format";"Homo sapiens";"None";"None";"None";"None";"";"";"";"CHEMBL3831201";"20S proteasome";"Homo sapiens";"PROTEIN COMPLEX GROUP";"CHEMBL5104206";"1";"Scientific Literature";"RSC Med Chem";"2022";"None";"Dose = 25.0 microM | TIME <= 1.0 hr";"ACTIVATOR";"";"183.0"
"CHEMBL5193892";"";"None";"385.64";"1";"7.65";"15";"CCCCCCCC/C=C\CCCCCCCC(=O)NCc1ccccc1C";"Activity";"'='";"107.0";"%";"";"";"";"UO_0000187";"";"";"";"";"0";"CHEMBL5107497";"Stimulation of human 20S proteasome assessed as increase in proteasome activity at 25 uM and measured upto 60 mins using FRET peptide as substrate by FRET assay relative to control";"B";"BAO_0000223";"protein complex format";"Homo sapiens";"None";"None";"None";"None";"";"";"";"CHEMBL3831201";"20S proteasome";"Homo sapiens";"PROTEIN COMPLEX GROUP";"CHEMBL5104206";"1";"Scientific Literature";"RSC Med Chem";"2022";"None";"Dose = 25.0 microM | TIME <= 1.0 hr";"ACTIVATOR";"";"107.0"
"CHEMBL5180453";"";"None";"381.88";"1";"5.93";"2";"COC(=O)c1ccc(CN2c3ccccc3Sc3ccc(Cl)cc32)cc1";"EC200";"'='";"2.6";"uM";"";"";"";"UO_0000064";"";"";"";"";"0";"CHEMBL5166187";"Activation of human 20S proteosome at trypsin-like site assessed as substrate degradation using Boc-LLR-AMC as flurogenic substrate preincubated for 15 mins followed by substrate addition and measured after 1 hr by spectrometric analysis";"B";"BAO_0000223";"protein complex format";"Homo sapiens";"None";"None";"None";"None";"";"";"";"CHEMBL3831201";"20S proteasome";"Homo sapiens";"PROTEIN COMPLEX GROUP";"CHEMBL5154893";"1";"Scientific Literature";"J Med Chem";"2022";"None";"TIME = 0.25 hr";"ACTIVATOR";"";"2.6"
"CHEMBL4876920";"";"None";"384.25";"None";"None";"12e";"CCC[C@@H](NC(=O)c1cnccn1)C(=O)N[C@@H](CCc1ccccc1)B(O)O";"IC50";"'>'";"10000.0";"nM";"";"";"";"UO_0000065";"";"";"";"";"0";"CHEMBL4823872";"Inhibition of human erythrocytes 20S proteasome using QXL520-YRGITCSGRQK(5-FAM)-NH2 fluorogenic peptide as substrate preincubated for 10 mins followed by substrate addition and measured after 60 mins by HTRF assay";"B";"BAO_0000221";"tissue-based format";"Homo sapiens";"None";"None";"Erythrocyte";"None";"";"";"";"CHEMBL3831201";"20S proteasome";"Homo sapiens";"PROTEIN COMPLEX GROUP";"CHEMBL4823253";"1";"Scientific Literature";"J Med Chem";"2021";"None";"TIME = 1.167 hr";"";"";"10.0"
"CHEMBL4864108";"";"None";"432.29";"None";"None";"11e";"O=C(N[C@H](Cc1ccccc1)C(=O)N[C@@H](CCc1ccccc1)B(O)O)c1cnccn1";"IC50";"'='";"262.0";"nM";"6.58";"";"";"UO_0000065";"15.23";"None";"None";"None";"0";"CHEMBL4823872";"Inhibition of human erythrocytes 20S proteasome using QXL520-YRGITCSGRQK(5-FAM)-NH2 fluorogenic peptide as substrate preincubated for 10 mins followed by substrate addition and measured after 60 mins by HTRF assay";"B";"BAO_0000221";"tissue-based format";"Homo sapiens";"None";"None";"Erythrocyte";"None";"";"";"";"CHEMBL3831201";"20S proteasome";"Homo sapiens";"PROTEIN COMPLEX GROUP";"CHEMBL4823253";"1";"Scientific Literature";"J Med Chem";"2021";"None";"TIME = 1.167 hr";"INHIBITOR";"";"0.262"
"CHEMBL4460323";"";"None";"668.86";"1";"3.53";"11h";"CC(C)C[C@H](NC(=O)N1CCC(C(=O)Nc2nccs2)CC1)C(=O)N[C@@H](Cc1ccccc1)C(=O)N[C@@H](CC(C)C)C(=O)[C@@]1(C)CO1";"Inhibition";"";"";"%";"";"";"";"UO_0000187";"";"";"";"";"0";"CHEMBL4423880";"Inhibition of human 20S proteasome at 1 nM preincubated for 30 mins followed by substrate addition relative to control";"B";"BAO_0000223";"protein complex format";"Homo sapiens";"None";"None";"None";"None";"";"";"";"CHEMBL3831201";"20S proteasome";"Homo sapiens";"PROTEIN COMPLEX GROUP";"CHEMBL4422641";"1";"Scientific Literature";"Eur J Med Chem";"2019";"None";"";"";"Active";""
"CHEMBL451887";"CARFILZOMIB";"4.0";"719.92";"1";"2.58";"Carfilzomib";"CC(C)C[C@H](NC(=O)[C@H](CCc1ccccc1)NC(=O)CN1CCOCC1)C(=O)N[C@@H](Cc1ccccc1)C(=O)N[C@@H](CC(C)C)C(=O)[C@@]1(C)CO1";"Inhibition";"";"";"%";"";"";"";"UO_0000187";"";"";"";"";"0";"CHEMBL4423880";"Inhibition of human 20S proteasome at 1 nM preincubated for 30 mins followed by substrate addition relative to control";"B";"BAO_0000223";"protein complex format";"Homo sapiens";"None";"None";"None";"None";"";"";"";"CHEMBL3831201";"20S proteasome";"Homo sapiens";"PROTEIN COMPLEX GROUP";"CHEMBL4422641";"1";"Scientific Literature";"Eur J Med Chem";"2019";"None";"";"";"Active";""
"CHEMBL4443333";"";"None";"696.29";"1";"4.27";"6b";"CC(C)C[C@H](NC(=O)N1CCC(NC(=O)c2ccc(Cl)cc2)CC1)C(=O)N[C@@H](Cc1ccccc1)C(=O)N[C@@H](CC(C)C)C(=O)[C@@]1(C)CO1";"IC50";"'='";"14.5";"nM";"7.84";"";"";"UO_0000065";"11.26";"0.22";"3.57";"5.25";"0";"CHEMBL4423848";"Inhibition of human 20S proteasome preincubated for 15 mins followed by substrate addition";"B";"BAO_0000223";"protein complex format";"Homo sapiens";"None";"None";"None";"None";"";"";"";"CHEMBL3831201";"20S proteasome";"Homo sapiens";"PROTEIN COMPLEX GROUP";"CHEMBL4422641";"1";"Scientific Literature";"Eur J Med Chem";"2019";"None";"";"";"";"14.5"
"CHEMBL451887";"CARFILZOMIB";"4.0";"719.92";"1";"2.58";"CFZ; 18";"CC(C)C[C@H](NC(=O)[C@H](CCc1ccccc1)NC(=O)CN1CCOCC1)C(=O)N[C@@H](Cc1ccccc1)C(=O)N[C@@H](CC(C)C)C(=O)[C@@]1(C)CO1";"IC50";"'<'";"10.0";"nM";"";"";"";"UO_0000065";"";"";"";"";"0";"CHEMBL4199261";"Inhibition of 20S proteasome activity in human ANBL-6 cells";"B";"BAO_0000219";"cell-based format";"Homo sapiens";"None";"None";"None";"None";"";"";"";"CHEMBL3831201";"20S proteasome";"Homo sapiens";"PROTEIN COMPLEX GROUP";"CHEMBL4196096";"1";"Scientific Literature";"J Med Chem";"2018";"None";"";"";"";"10.0"
"CHEMBL4864661";"";"None";"578.58";"1";"3.19";"16";"CSC[C@H](NC(=O)c1cc(Cl)ccc1Cl)C(=O)N[C@@H](CSC)C(=O)N[C@@H](CC(C)C)C(=O)[C@@]1(C)CO1";"IC50";"'='";"15.8";"nM";"7.80";"";"";"UO_0000065";"13.48";"0.30";"4.61";"6.67";"0";"CHEMBL4822825";"Inhibition of chymotrypsin-like activity of human 20S proteasome using Suc-Leu-Leu-Val-Tyr-AMC as substrate preincubated for 10 mins followed by substrate addition measured after 1 hr by fluorescence based spectrofluorimeter assay";"B";"BAO_0000223";"protein complex format";"Homo sapiens";"None";"None";"None";"None";"";"";"";"CHEMBL3831201";"20S proteasome";"Homo sapiens";"PROTEIN COMPLEX GROUP";"CHEMBL4819132";"1";"Scientific Literature";"Bioorg Med Chem";"2021";"None";"TIME = 0.1667 hr";"INHIBITOR";"";"15.8"
"CHEMBL5193740";"";"None";"392.03";"1";"8.32";"4";"CCCCCCCC/C=C\CCCCCCCC(=O)Nc1ccc(Cl)cc1";"Activity";"'='";"144.0";"%";"";"";"";"UO_0000187";"";"";"";"";"0";"CHEMBL5107497";"Stimulation of human 20S proteasome assessed as increase in proteasome activity at 25 uM and measured upto 60 mins using FRET peptide as substrate by FRET assay relative to control";"B";"BAO_0000223";"protein complex format";"Homo sapiens";"None";"None";"None";"None";"";"";"";"CHEMBL3831201";"20S proteasome";"Homo sapiens";"PROTEIN COMPLEX GROUP";"CHEMBL5104206";"1";"Scientific Literature";"RSC Med Chem";"2022";"None";"Dose = 25.0 microM | TIME <= 1.0 hr";"ACTIVATOR";"";"144.0"
"CHEMBL1223510";"";"None";"371.61";"1";"7.34";"7";"CCCCCCCC/C=C\CCCCCCCC(=O)NCc1ccccc1";"Activity";"'='";"208.0";"%";"";"";"";"UO_0000187";"";"";"";"";"0";"CHEMBL5107497";"Stimulation of human 20S proteasome assessed as increase in proteasome activity at 25 uM and measured upto 60 mins using FRET peptide as substrate by FRET assay relative to control";"B";"BAO_0000223";"protein complex format";"Homo sapiens";"None";"None";"None";"None";"";"";"";"CHEMBL3831201";"20S proteasome";"Homo sapiens";"PROTEIN COMPLEX GROUP";"CHEMBL5104206";"1";"Scientific Literature";"RSC Med Chem";"2022";"None";"Dose = 25.0 microM | TIME <= 1.0 hr";"ACTIVATOR";"";"208.0"
"CHEMBL5207458";"";"None";"439.61";"1";"8.36";"14";"CCCCCCCC/C=C\CCCCCCCC(=O)NCc1ccc(C(F)(F)F)cc1";"Activity";"'='";"92.0";"%";"";"";"";"UO_0000187";"";"";"";"";"0";"CHEMBL5107497";"Stimulation of human 20S proteasome assessed as increase in proteasome activity at 25 uM and measured upto 60 mins using FRET peptide as substrate by FRET assay relative to control";"B";"BAO_0000223";"protein complex format";"Homo sapiens";"None";"None";"None";"None";"";"";"";"CHEMBL3831201";"20S proteasome";"Homo sapiens";"PROTEIN COMPLEX GROUP";"CHEMBL5104206";"1";"Scientific Literature";"RSC Med Chem";"2022";"None";"Dose = 25.0 microM | TIME <= 1.0 hr";"ACTIVATOR";"";"92.0"
"CHEMBL181025";"";"None";"595.70";"1";"3.59";"TP-103";"CC(C)[C@H](NC(=O)[C@H](Cc1ccc(O)cc1)NC(=O)Cc1ccc2ccccc2c1)C(=O)NC(C=O)Cc1ccc(O)cc1";"IC50";"'='";"4700.0";"nM";"5.33";"";"";"UO_0000065";"";"";"";"";"0";"CHEMBL837922";"Inhibitory concentration to inhibit the PGPH activity of 20S proteasome prepared from human leukemia HL-60 cells was determined";"F";"BAO_0000220";"subcellular format";"Homo sapiens";"None";"None";"HL-60";"None";"";"";"";"CHEMBL3831201";"20S proteasome";"Homo sapiens";"PROTEIN COMPLEX GROUP";"CHEMBL1143504";"1";"Scientific Literature";"Bioorg Med Chem Lett";"2005";"CHEMBL3307654";"";"";"";"4.7"
"CHEMBL178839";"";"None";"525.65";"1";"2.77";"TP-105";"CCCCCC(=O)N[C@@H](Cc1ccc(O)cc1)C(=O)N[C@H](C(=O)NC(C=O)Cc1ccc(O)cc1)C(C)C";"IC50";"'='";"20000.0";"nM";"4.70";"";"";"UO_0000065";"";"";"";"";"0";"CHEMBL837922";"Inhibitory concentration to inhibit the PGPH activity of 20S proteasome prepared from human leukemia HL-60 cells was determined";"F";"BAO_0000220";"subcellular format";"Homo sapiens";"None";"None";"HL-60";"None";"";"";"";"CHEMBL3831201";"20S proteasome";"Homo sapiens";"PROTEIN COMPLEX GROUP";"CHEMBL1143504";"1";"Scientific Literature";"Bioorg Med Chem Lett";"2005";"CHEMBL3307654";"";"";"";"20.0"
"CHEMBL4850826";"";"None";"370.22";"None";"None";"12f";"CCC[C@@H](NC(=O)c1cnccn1)C(=O)N[C@@H](Cc1ccccc1)B(O)O";"IC50";"'>'";"10000.0";"nM";"";"";"";"UO_0000065";"";"";"";"";"0";"CHEMBL4823872";"Inhibition of human erythrocytes 20S proteasome using QXL520-YRGITCSGRQK(5-FAM)-NH2 fluorogenic peptide as substrate preincubated for 10 mins followed by substrate addition and measured after 60 mins by HTRF assay";"B";"BAO_0000221";"tissue-based format";"Homo sapiens";"None";"None";"Erythrocyte";"None";"";"";"";"CHEMBL3831201";"20S proteasome";"Homo sapiens";"PROTEIN COMPLEX GROUP";"CHEMBL4823253";"1";"Scientific Literature";"J Med Chem";"2021";"None";"TIME = 1.167 hr";"";"";"10.0"
"CHEMBL2371767";"";"None";"540.66";"1";"1.36";"TP-111";"COc1ccc(C[C@@H](C=O)NC(=O)[C@@H](NC(=O)[C@H](Cc2ccc(OC)cc2)NC(=O)CN(C)C)C(C)C)cc1";"IC50";"'='";"1200.0";"nM";"5.92";"";"";"UO_0000065";"";"";"";"";"0";"CHEMBL874816";"Inhibitory concentration to inhibit chymotrypsin-like activity of 20S proteasome prepared from human leukemia HL-60 cells was determined";"F";"BAO_0000220";"subcellular format";"Homo sapiens";"None";"None";"HL-60";"None";"";"";"";"CHEMBL3831201";"20S proteasome";"Homo sapiens";"PROTEIN COMPLEX GROUP";"CHEMBL1143504";"1";"Scientific Literature";"Bioorg Med Chem Lett";"2005";"CHEMBL3307654";"";"";"";"1.2"
"CHEMBL5429067";"";"None";"734.81";"1";"2.78";"5";"CC(=O)N[C@H]1Cc2ccc([N+](=O)[O-])c(c2)Oc2ccc3c(c2)C(C[C@@H](C(=O)N[C@@H](CC(C)C)C(=O)[C@@]2(C)CO2)NC(=O)[C@H](CC(C)C)NC1=O)C(=O)N3";"IC50";"'='";"52500.0";"nM";"4.28";"";"";"UO_0000065";"5.82";"0.11";"1.50";"1.88";"0";"CHEMBL5338552";"Inhibition of human 20S proteasome PGPH-like activity using Cbz-LLE-AMC as a fluorogenic substrate measured every 20 seconds for 10 mins by fluorescence based assay";"B";"BAO_0000223";"protein complex format";"Homo sapiens";"None";"None";"None";"None";"";"";"";"CHEMBL3831201";"20S proteasome";"Homo sapiens";"PROTEIN COMPLEX GROUP";"CHEMBL5335865";"1";"Scientific Literature";"ACS Med Chem Lett";"2024";"None";"TIME = 0.1667 hr";"INHIBITOR";"";"52.5"
"CHEMBL169";"URSOLIC ACID";"2.0";"456.71";"1";"7.09";"15";"C[C@H]1[C@H](C)CC[C@]2(C(=O)O)CC[C@]3(C)C(=CC[C@@H]4[C@@]5(C)CC[C@H](O)C(C)(C)[C@@H]5CC[C@]43C)[C@H]12";"FC";"'='";"6.5";"";"";"";"";"";"";"";"";"";"0";"CHEMBL5345265";"Activation of human 20S proteasome chymotrypsin-like hydrolysis activity assessed as measuring fold increase in protein activity using SucLLVY-MCA as a fluorogenic substrate at 20 uM incubated for 1 hrs by fluorescence based assay relative to DMSO";"B";"BAO_0000223";"protein complex format";"Homo sapiens";"None";"None";"None";"None";"";"";"";"CHEMBL3831201";"20S proteasome";"Homo sapiens";"PROTEIN COMPLEX GROUP";"CHEMBL5344422";"1";"Scientific Literature";"J Nat Prod";"2024";"None";"DOSE = 20.0 microM | TIME = 1.0 hr";"ACTIVATOR";"";"6.5"
"CHEMBL493";"BROMOCRIPTINE";"4.0";"654.61";"1";"3.19";"6";"CC(C)C[C@H]1C(=O)N2CCC[C@H]2[C@]2(O)O[C@](NC(=O)[C@@H]3C=C4c5cccc6[nH]c(Br)c(c56)C[C@H]4N(C)C3)(C(C)C)C(=O)N12";"FC";"'='";"6.7";"";"";"";"";"";"";"";"";"";"0";"CHEMBL5345265";"Activation of human 20S proteasome chymotrypsin-like hydrolysis activity assessed as measuring fold increase in protein activity using SucLLVY-MCA as a fluorogenic substrate at 20 uM incubated for 1 hrs by fluorescence based assay relative to DMSO";"B";"BAO_0000223";"protein complex format";"Homo sapiens";"None";"None";"None";"None";"";"";"";"CHEMBL3831201";"20S proteasome";"Homo sapiens";"PROTEIN COMPLEX GROUP";"CHEMBL5344422";"1";"Scientific Literature";"J Nat Prod";"2024";"None";"DOSE = 20.0 microM | TIME = 1.0 hr";"ACTIVATOR";"";"6.7"
"CHEMBL4856395";"";"None";"470.62";"0";"0.92";"38";"CSC[C@H](NC(=O)c1cnc(C)s1)C(=O)NCC(=O)N[C@@H](CC(C)C)C(=O)[C@@]1(C)CO1";"IC50";"'='";"123.6";"nM";"6.91";"";"";"UO_0000065";"14.68";"0.30";"5.99";"5.32";"0";"CHEMBL4822825";"Inhibition of chymotrypsin-like activity of human 20S proteasome using Suc-Leu-Leu-Val-Tyr-AMC as substrate preincubated for 10 mins followed by substrate addition measured after 1 hr by fluorescence based spectrofluorimeter assay";"B";"BAO_0000223";"protein complex format";"Homo sapiens";"None";"None";"None";"None";"";"";"";"CHEMBL3831201";"20S proteasome";"Homo sapiens";"PROTEIN COMPLEX GROUP";"CHEMBL4819132";"1";"Scientific Literature";"Bioorg Med Chem";"2021";"None";"TIME = 0.1667 hr";"INHIBITOR";"";"123.6"
"CHEMBL2103884";"OPROZOMIB";"2.0";"532.62";"1";"0.41";"Oprozomib";"COC[C@H](NC(=O)c1cnc(C)s1)C(=O)N[C@@H](COC)C(=O)N[C@@H](Cc1ccccc1)C(=O)[C@@]1(C)CO1";"IC50";"'='";"23.5";"nM";"7.63";"";"";"UO_0000065";"14.32";"0.28";"7.22";"5.15";"0";"CHEMBL4822825";"Inhibition of chymotrypsin-like activity of human 20S proteasome using Suc-Leu-Leu-Val-Tyr-AMC as substrate preincubated for 10 mins followed by substrate addition measured after 1 hr by fluorescence based spectrofluorimeter assay";"B";"BAO_0000223";"protein complex format";"Homo sapiens";"None";"None";"None";"None";"";"";"";"CHEMBL3831201";"20S proteasome";"Homo sapiens";"PROTEIN COMPLEX GROUP";"CHEMBL4819132";"1";"Scientific Literature";"Bioorg Med Chem";"2021";"None";"TIME = 0.1667 hr";"INHIBITOR";"";"23.5"
"CHEMBL26702";"";"None";"856.03";"3";"4.76";"6";"COc1ccc(CNC(=O)[C@@H](NC(=O)[C@H](NCc2ccc(OC)c(OC)c2)[C@H](O)[C@H](Cc2ccccc2)NC(=O)[C@@H](NC(=O)OCc2ccccc2)C(C)(C)C)C(C)C)c(O)c1";"IC50";"'='";"150.0";"nM";"6.82";"";"";"UO_0000065";"7.97";"0.15";"2.06";"3.32";"0";"CHEMBL615352";"Tested in vitro for inhibition of chymotrypsin like activity of purified human 20S proteasome";"B";"BAO_0000220";"subcellular format";"Homo sapiens";"None";"None";"None";"None";"";"";"";"CHEMBL3831201";"20S proteasome";"Homo sapiens";"PROTEIN COMPLEX GROUP";"CHEMBL1136019";"1";"Scientific Literature";"Bioorg Med Chem Lett";"2002";"None";"";"";"";"0.15"
"CHEMBL287549";"";"None";"839.05";"2";"4.81";"14";"COc1ccc(CNC(=O)[C@@H](NC(=O)[C@H](NCc2ccc(N(C)C)cc2)[C@H](O)[C@H](Cc2ccccc2)NC(=O)[C@@H](NC(=O)OCc2ccccc2)C(C)(C)C)C(C)C)c(O)c1";"IC50";"'='";"600.0";"nM";"6.22";"";"";"UO_0000065";"7.42";"0.14";"1.41";"3.26";"0";"CHEMBL615352";"Tested in vitro for inhibition of chymotrypsin like activity of purified human 20S proteasome";"B";"BAO_0000220";"subcellular format";"Homo sapiens";"None";"None";"None";"None";"";"";"";"CHEMBL3831201";"20S proteasome";"Homo sapiens";"PROTEIN COMPLEX GROUP";"CHEMBL1136019";"1";"Scientific Literature";"Bioorg Med Chem Lett";"2002";"None";"";"";"";"0.6"
"CHEMBL362804";"";"None";"609.72";"1";"3.89";"TP-109";"COc1ccc(C[C@H](NC(=O)Cc2cccc3ccccc23)C(=O)N[C@H](C(=O)NC(C=O)Cc2ccc(O)cc2)C(C)C)cc1";"IC50";"'='";"20.0";"nM";"7.70";"";"";"UO_0000065";"";"";"";"";"0";"CHEMBL874816";"Inhibitory concentration to inhibit chymotrypsin-like activity of 20S proteasome prepared from human leukemia HL-60 cells was determined";"F";"BAO_0000220";"subcellular format";"Homo sapiens";"None";"None";"HL-60";"None";"";"";"";"CHEMBL3831201";"20S proteasome";"Homo sapiens";"PROTEIN COMPLEX GROUP";"CHEMBL1143504";"1";"Scientific Literature";"Bioorg Med Chem Lett";"2005";"CHEMBL3307654";"";"";"";"0.02"
"CHEMBL28320";"";"None";"920.12";"4";"5.36";"16";"COc1ccc(CNC(=O)[C@@H](NC(=O)[C@H](NCc2cc(OC)c(OC)cc2OC)[C@H](O)[C@H](Cc2ccccc2)NC(=O)[C@@H](NC(=O)Cc2cccc3ccccc23)C(C)(C)C)C(C)C)c(O)c1";"IC50";"'='";"29.0";"nM";"7.54";"";"";"UO_0000065";"8.19";"0.15";"2.18";"3.66";"0";"CHEMBL615352";"Tested in vitro for inhibition of chymotrypsin like activity of purified human 20S proteasome";"B";"BAO_0000220";"subcellular format";"Homo sapiens";"None";"None";"None";"None";"";"";"";"CHEMBL3831201";"20S proteasome";"Homo sapiens";"PROTEIN COMPLEX GROUP";"CHEMBL1136019";"1";"Scientific Literature";"Bioorg Med Chem Lett";"2002";"None";"";"";"";"0.029"
"CHEMBL5169805";"";"None";"711.91";"1";"4.70";"35";"C[C@@H](c1ccccc1)N(C)C(=O)[C@H](CCc1ccccc1)NC(=O)[C@H](CC(=O)NCC(C)(C)C)NC(=O)N1CCC(C(=O)Nc2cccnc2)CC1";"IC50";"'>'";"10000.0";"nM";"";"";"";"UO_0000065";"";"";"";"";"0";"CHEMBL5159800";"Inhibition of chymotrypsin-like activity of human 20S proteasome using Suc-Leu Leu-Val-Tyr-AMC as substrate preincubated for 15 mins followed by substrate addition measured by fluorescence assay";"B";"BAO_0000223";"protein complex format";"Homo sapiens";"None";"None";"None";"None";"";"";"";"CHEMBL3831201";"20S proteasome";"Homo sapiens";"PROTEIN COMPLEX GROUP";"CHEMBL5154760";"1";"Scientific Literature";"Eur J Med Chem";"2022";"None";"TIME = 0.25 hr";"";"";"10000.0"
"CHEMBL5173758";"";"None";"697.88";"1";"4.36";"40";"C[C@@H](NC(=O)[C@H](CCc1ccccc1)NC(=O)[C@H](CC(=O)NCC(C)(C)C)NC(=O)N1CCC(C(=O)Nc2cccnc2)CC1)c1ccccc1";"IC50";"'='";"20.32";"nM";"7.69";"";"";"UO_0000065";"11.02";"0.21";"3.33";"4.76";"0";"CHEMBL5159800";"Inhibition of chymotrypsin-like activity of human 20S proteasome using Suc-Leu Leu-Val-Tyr-AMC as substrate preincubated for 15 mins followed by substrate addition measured by fluorescence assay";"B";"BAO_0000223";"protein complex format";"Homo sapiens";"None";"None";"None";"None";"";"";"";"CHEMBL3831201";"20S proteasome";"Homo sapiens";"PROTEIN COMPLEX GROUP";"CHEMBL5154760";"1";"Scientific Literature";"Eur J Med Chem";"2022";"None";"TIME = 0.25 hr";"INHIBITOR";"";"20.32"
"CHEMBL5182408";"";"None";"771.40";"2";"5.96";"50";"CN(C(=O)C1CCN(C(=O)N[C@@H](CC(=O)NCC(C)(C)C)C(=O)N[C@@H](CCc2ccccc2)C(=O)N[C@@H]2CCCc3ccccc32)CC1)c1cccc(Cl)c1";"IC50";"'='";"22.63";"nM";"7.64";"";"";"UO_0000065";"9.91";"0.19";"1.69";"5.46";"0";"CHEMBL5159800";"Inhibition of chymotrypsin-like activity of human 20S proteasome using Suc-Leu Leu-Val-Tyr-AMC as substrate preincubated for 15 mins followed by substrate addition measured by fluorescence assay";"B";"BAO_0000223";"protein complex format";"Homo sapiens";"None";"None";"None";"None";"";"";"";"CHEMBL3831201";"20S proteasome";"Homo sapiens";"PROTEIN COMPLEX GROUP";"CHEMBL5154760";"1";"Scientific Literature";"Eur J Med Chem";"2022";"None";"TIME = 0.25 hr";"INHIBITOR";"";"22.63"
"CHEMBL5197285";"";"None";"743.97";"1";"4.76";"53";"CN(C(=O)C1CCN(C(=O)N[C@@H](CC(=O)NCC(C)(C)C)C(=O)N[C@@H](CCc2ccccc2)C(=O)N[C@@H]2CCCc3ccccc32)CC1)c1nccs1";"IC50";"'='";"3.43";"nM";"8.46";"";"";"UO_0000065";"11.38";"0.22";"3.70";"5.54";"0";"CHEMBL5159800";"Inhibition of chymotrypsin-like activity of human 20S proteasome using Suc-Leu Leu-Val-Tyr-AMC as substrate preincubated for 15 mins followed by substrate addition measured by fluorescence assay";"B";"BAO_0000223";"protein complex format";"Homo sapiens";"None";"None";"None";"None";"";"";"";"CHEMBL3831201";"20S proteasome";"Homo sapiens";"PROTEIN COMPLEX GROUP";"CHEMBL5154760";"1";"Scientific Literature";"Eur J Med Chem";"2022";"None";"TIME = 0.25 hr";"INHIBITOR";"";"3.43"
"CHEMBL5179570";"";"None";"750.99";"2";"5.69";"43";"CCN(C(=O)C1CCN(C(=O)N[C@@H](CC(=O)NCC(C)(C)C)C(=O)N[C@@H](CCc2ccccc2)C(=O)N[C@@H]2CCCc3ccccc32)CC1)c1ccccc1";"Inhibition";"";"";"%";"";"";"";"UO_0000187";"";"";"";"";"0";"CHEMBL5159804";"Inhibition of chymotrypsin-like activity of 20S proteasome in human MM1.S cells assessed as accumulation of polyubiquitinated proteins at 10 to 1000 nM and measured by Western blot analysis";"B";"BAO_0000219";"cell-based format";"Homo sapiens";"None";"None";"MM1.S";"None";"";"";"";"CHEMBL3831201";"20S proteasome";"Homo sapiens";"PROTEIN COMPLEX GROUP";"CHEMBL5154760";"1";"Scientific Literature";"Eur J Med Chem";"2022";"None";"Dose_Lower = 10.0 nM | Dose_Upper = 1000.0 nM";"INHIBITOR";"Active";""
"CHEMBL140";"CURCUMIN";"3.0";"368.39";"0";"3.37";"16";"COc1cc(/C=C/C(=O)CC(=O)/C=C/c2ccc(O)c(OC)c2)ccc1O";"FC";"'='";"5.4";"";"";"";"";"";"";"";"";"";"0";"CHEMBL5345265";"Activation of human 20S proteasome chymotrypsin-like hydrolysis activity assessed as measuring fold increase in protein activity using SucLLVY-MCA as a fluorogenic substrate at 20 uM incubated for 1 hrs by fluorescence based assay relative to DMSO";"B";"BAO_0000223";"protein complex format";"Homo sapiens";"None";"None";"None";"None";"";"";"";"CHEMBL3831201";"20S proteasome";"Homo sapiens";"PROTEIN COMPLEX GROUP";"CHEMBL5344422";"1";"Scientific Literature";"J Nat Prod";"2024";"None";"DOSE = 20.0 microM | TIME = 1.0 hr";"ACTIVATOR";"";"5.4"
"CHEMBL148824";"YOHIMBIC ACID";"2.0";"340.42";"0";"2.56";"9";"O=C(O)[C@@H]1[C@H]2C[C@H]3c4[nH]c5ccccc5c4CCN3C[C@@H]2CC[C@@H]1O";"FC";"'<'";"3.0";"";"";"";"";"";"";"";"";"";"0";"CHEMBL5345265";"Activation of human 20S proteasome chymotrypsin-like hydrolysis activity assessed as measuring fold increase in protein activity using SucLLVY-MCA as a fluorogenic substrate at 20 uM incubated for 1 hrs by fluorescence based assay relative to DMSO";"B";"BAO_0000223";"protein complex format";"Homo sapiens";"None";"None";"None";"None";"";"";"";"CHEMBL3831201";"20S proteasome";"Homo sapiens";"PROTEIN COMPLEX GROUP";"CHEMBL5344422";"1";"Scientific Literature";"J Nat Prod";"2024";"None";"DOSE = 20.0 microM | TIME = 1.0 hr";"";"";"3.0"
"CHEMBL148824";"YOHIMBIC ACID";"2.0";"340.42";"0";"2.56";"9";"O=C(O)[C@@H]1[C@H]2C[C@H]3c4[nH]c5ccccc5c4CCN3C[C@@H]2CC[C@@H]1O";"FC";"'='";"2.17";"";"";"";"";"";"";"";"";"";"0";"CHEMBL5345266";"Activation of human 20S proteasome chymotrypsin-like hydrolysis activity assessed as measuring fold increase in protein activity using SucLLVY-MCA as a fluorogenic substrate at 10 uM incubated for 20 mins by fluorescence based assay relative to DMSO";"B";"BAO_0000223";"protein complex format";"Homo sapiens";"None";"None";"None";"None";"";"";"";"CHEMBL3831201";"20S proteasome";"Homo sapiens";"PROTEIN COMPLEX GROUP";"CHEMBL5344422";"1";"Scientific Literature";"J Nat Prod";"2024";"None";"DOSE = 10.0 microM | TIME = 0.3333 hr";"ACTIVATOR";"";"2.17"
"CHEMBL5400570";"";"None";"367.45";"0";"3.12";"10";"COC(=O)[C@H]1/C(=N/O)CC[C@H]2CN3CCc4c([nH]c5ccccc45)[C@@H]3C[C@@H]21";"FC";"'='";"1.49";"";"";"";"";"";"";"";"";"";"0";"CHEMBL5345266";"Activation of human 20S proteasome chymotrypsin-like hydrolysis activity assessed as measuring fold increase in protein activity using SucLLVY-MCA as a fluorogenic substrate at 10 uM incubated for 20 mins by fluorescence based assay relative to DMSO";"B";"BAO_0000223";"protein complex format";"Homo sapiens";"None";"None";"None";"None";"";"";"";"CHEMBL3831201";"20S proteasome";"Homo sapiens";"PROTEIN COMPLEX GROUP";"CHEMBL5344422";"1";"Scientific Literature";"J Nat Prod";"2024";"None";"DOSE = 10.0 microM | TIME = 0.3333 hr";"ACTIVATOR";"";"1.49"
"CHEMBL15245";"YOHIMBINE";"3.0";"354.45";"0";"2.65";"14";"COC(=O)[C@@H]1[C@H]2C[C@H]3c4[nH]c5ccccc5c4CCN3C[C@@H]2CC[C@@H]1O";"FC";"'='";"0.82";"";"";"";"";"";"";"";"";"";"0";"CHEMBL5345266";"Activation of human 20S proteasome chymotrypsin-like hydrolysis activity assessed as measuring fold increase in protein activity using SucLLVY-MCA as a fluorogenic substrate at 10 uM incubated for 20 mins by fluorescence based assay relative to DMSO";"B";"BAO_0000223";"protein complex format";"Homo sapiens";"None";"None";"None";"None";"";"";"";"CHEMBL3831201";"20S proteasome";"Homo sapiens";"PROTEIN COMPLEX GROUP";"CHEMBL5344422";"1";"Scientific Literature";"J Nat Prod";"2024";"None";"DOSE = 10.0 microM | TIME = 0.3333 hr";"ACTIVATOR";"";"0.82"
"CHEMBL772";"RESERPINE";"4.0";"608.69";"1";"4.17";"2";"COC(=O)[C@H]1[C@H]2C[C@@H]3c4[nH]c5cc(OC)ccc5c4CCN3C[C@H]2C[C@@H](OC(=O)c2cc(OC)c(OC)c(OC)c2)[C@@H]1OC";"CD";"'='";"1.3";"uM";"";"";"";"UO_0000064";"";"";"";"";"0";"CHEMBL5345269";"Activation of human 20S proteasome trypsin-like hydrolysis activity assessed as concentration to doubling the protein activity using SucLLVY-MCA as a fluorogenic substrate measured after 1 hr by fluorescence based assay";"B";"BAO_0000223";"protein complex format";"Homo sapiens";"None";"None";"None";"None";"";"";"";"CHEMBL3831201";"20S proteasome";"Homo sapiens";"PROTEIN COMPLEX GROUP";"CHEMBL5344422";"1";"Scientific Literature";"J Nat Prod";"2024";"None";"TIME = 1.0 hr";"ACTIVATOR";"";"1.3"
"CHEMBL772";"RESERPINE";"4.0";"608.69";"1";"4.17";"2";"COC(=O)[C@H]1[C@H]2C[C@@H]3c4[nH]c5cc(OC)ccc5c4CCN3C[C@H]2C[C@@H](OC(=O)c2cc(OC)c(OC)c(OC)c2)[C@@H]1OC";"CD";"'='";"0.53";"uM";"";"";"";"UO_0000064";"";"";"";"";"0";"CHEMBL5345270";"Activation of human 20S proteasome caspase-like hydrolysis activity assessed as concentration to doubling the protein activity using SucLLVY-MCA as a fluorogenic substrate measured after 1 hr by fluorescence based assay";"B";"BAO_0000223";"protein complex format";"Homo sapiens";"None";"None";"None";"None";"";"";"";"CHEMBL3831201";"20S proteasome";"Homo sapiens";"PROTEIN COMPLEX GROUP";"CHEMBL5344422";"1";"Scientific Literature";"J Nat Prod";"2024";"None";"TIME = 1.0 hr";"ACTIVATOR";"";"0.53"
"CHEMBL71";"CHLORPROMAZINE";"4.0";"318.87";"0";"4.89";"CPZ";"CN(C)CCCN1c2ccccc2Sc2ccc(Cl)cc21";"Activity";"'='";"1.29";"";"";"";"";"";"";"";"";"";"0";"CHEMBL5345276";"Activation of 20S proteasome in human HeLa cells assessed as gate opening by measuring increase in membrane-permeable fluorescent probe signal pretreated for 20 hrs followed by treated with Me4BodipyFL-Ahx3Lue3VS probe for 2 hrs by flow cytometry relative to DMSO";"B";"BAO_0000219";"cell-based format";"Homo sapiens";"None";"None";"HeLa";"None";"";"";"";"CHEMBL3831201";"20S proteasome";"Homo sapiens";"PROTEIN COMPLEX GROUP";"CHEMBL5344422";"1";"Scientific Literature";"J Nat Prod";"2024";"None";"TIME = 22.0 hr";"ACTIVATOR";"";"1.29"
"CHEMBL4859597";"";"None";"488.57";"0";"0.65";"35";"CSC[C@H](NC(=O)c1cc(C)on1)C(=O)NCC(=O)N[C@@H](Cc1ccccc1)C(=O)[C@@]1(C)CO1";"IC50";"'='";"23.6";"nM";"7.63";"";"";"UO_0000065";"15.61";"0.31";"6.98";"5.34";"0";"CHEMBL4822825";"Inhibition of chymotrypsin-like activity of human 20S proteasome using Suc-Leu-Leu-Val-Tyr-AMC as substrate preincubated for 10 mins followed by substrate addition measured after 1 hr by fluorescence based spectrofluorimeter assay";"B";"BAO_0000223";"protein complex format";"Homo sapiens";"None";"None";"None";"None";"";"";"";"CHEMBL3831201";"20S proteasome";"Homo sapiens";"PROTEIN COMPLEX GROUP";"CHEMBL4819132";"1";"Scientific Literature";"Bioorg Med Chem";"2021";"None";"TIME = 0.1667 hr";"INHIBITOR";"";"23.6"
"CHEMBL4848723";"";"None";"495.60";"0";"-0.04";"18";"COC[C@H](NC(=O)c1cnccn1)C(=O)N[C@@H](CSC)C(=O)N[C@@H](CC(C)C)C(=O)[C@@]1(C)CO1";"IC50";"'='";"2797.0";"nM";"5.55";"";"";"UO_0000065";"11.21";"0.22";"5.59";"3.66";"0";"CHEMBL4822825";"Inhibition of chymotrypsin-like activity of human 20S proteasome using Suc-Leu-Leu-Val-Tyr-AMC as substrate preincubated for 10 mins followed by substrate addition measured after 1 hr by fluorescence based spectrofluorimeter assay";"B";"BAO_0000223";"protein complex format";"Homo sapiens";"None";"None";"None";"None";"";"";"";"CHEMBL3831201";"20S proteasome";"Homo sapiens";"PROTEIN COMPLEX GROUP";"CHEMBL4819132";"1";"Scientific Literature";"Bioorg Med Chem";"2021";"None";"TIME = 0.1667 hr";"INHIBITOR";"";"2797.0"
"CHEMBL4847265";"";"None";"472.50";"0";"-0.07";"33";"COC[C@H](NC(=O)CNC(=O)c1cc(C)on1)C(=O)N[C@@H](Cc1ccccc1)C(=O)[C@@]1(C)CO1";"IC50";"'='";"1319.0";"nM";"5.88";"";"";"UO_0000065";"12.44";"0.24";"5.95";"3.86";"0";"CHEMBL4822825";"Inhibition of chymotrypsin-like activity of human 20S proteasome using Suc-Leu-Leu-Val-Tyr-AMC as substrate preincubated for 10 mins followed by substrate addition measured after 1 hr by fluorescence based spectrofluorimeter assay";"B";"BAO_0000223";"protein complex format";"Homo sapiens";"None";"None";"None";"None";"";"";"";"CHEMBL3831201";"20S proteasome";"Homo sapiens";"PROTEIN COMPLEX GROUP";"CHEMBL4819132";"1";"Scientific Literature";"Bioorg Med Chem";"2021";"None";"TIME = 0.1667 hr";"INHIBITOR";"";"1319.0"
"CHEMBL4850612";"";"None";"424.31";"None";"None";"11a";"O=C(N[C@H](Cc1ccccc1)C(=O)N[C@@H](CC1CCCCC1)B(O)O)c1cnccn1";"IC50";"'='";"541.0";"nM";"6.27";"";"";"UO_0000065";"14.77";"None";"None";"None";"0";"CHEMBL4823872";"Inhibition of human erythrocytes 20S proteasome using QXL520-YRGITCSGRQK(5-FAM)-NH2 fluorogenic peptide as substrate preincubated for 10 mins followed by substrate addition and measured after 60 mins by HTRF assay";"B";"BAO_0000221";"tissue-based format";"Homo sapiens";"None";"None";"Erythrocyte";"None";"";"";"";"CHEMBL3831201";"20S proteasome";"Homo sapiens";"PROTEIN COMPLEX GROUP";"CHEMBL4823253";"1";"Scientific Literature";"J Med Chem";"2021";"None";"TIME = 1.167 hr";"INHIBITOR";"";"0.541"
"CHEMBL4860553";"";"None";"454.55";"0";"0.45";"34";"CSC[C@H](NC(=O)c1cc(C)on1)C(=O)NCC(=O)N[C@@H](CC(C)C)C(=O)[C@@]1(C)CO1";"IC50";"'='";"27.2";"nM";"7.57";"";"";"UO_0000065";"16.64";"0.33";"7.12";"5.29";"0";"CHEMBL4822825";"Inhibition of chymotrypsin-like activity of human 20S proteasome using Suc-Leu-Leu-Val-Tyr-AMC as substrate preincubated for 10 mins followed by substrate addition measured after 1 hr by fluorescence based spectrofluorimeter assay";"B";"BAO_0000223";"protein complex format";"Homo sapiens";"None";"None";"None";"None";"";"";"";"CHEMBL3831201";"20S proteasome";"Homo sapiens";"PROTEIN COMPLEX GROUP";"CHEMBL4819132";"1";"Scientific Literature";"Bioorg Med Chem";"2021";"None";"TIME = 0.1667 hr";"INHIBITOR";"";"27.2"
"CHEMBL28156";"";"None";"826.00";"2";"4.75";"3";"COc1ccc(CNC(=O)[C@@H](NC(=O)[C@H](NCc2ccccc2OC)[C@H](O)[C@H](Cc2ccccc2)NC(=O)[C@@H](NC(=O)OCc2ccccc2)C(C)(C)C)C(C)C)c(O)c1";"IC50";"'>'";"20000.0";"nM";"";"";"";"UO_0000065";"";"";"";"";"0";"CHEMBL615352";"Tested in vitro for inhibition of chymotrypsin like activity of purified human 20S proteasome";"B";"BAO_0000220";"subcellular format";"Homo sapiens";"None";"None";"None";"None";"";"";"";"CHEMBL3831201";"20S proteasome";"Homo sapiens";"PROTEIN COMPLEX GROUP";"CHEMBL1136019";"1";"Scientific Literature";"Bioorg Med Chem Lett";"2002";"None";"";"";"";"20.0"
"CHEMBL5180908";"";"None";"353.87";"1";"6.15";"4";"COc1cccc(CN2c3ccccc3Sc3ccc(Cl)cc32)c1";"FC";"'='";"2.0";"";"";"";"";"";"";"";"";"";"0";"CHEMBL5166188";"Activation of human 20S proteosome at trypsin-like site assessed as maximum fold change in substrate degradation using Boc-LLR-AMC as flurogenic substrate preincubated for 15 mins followed by substrate addition and measured after 1 hr by spectrometric analysis relative to control";"B";"BAO_0000223";"protein complex format";"Homo sapiens";"None";"None";"None";"None";"";"";"";"CHEMBL3831201";"20S proteasome";"Homo sapiens";"PROTEIN COMPLEX GROUP";"CHEMBL5154893";"1";"Scientific Literature";"J Med Chem";"2022";"None";"TIME = 0.25 hr";"ACTIVATOR";"";"2.0"
"CHEMBL5186597";"";"None";"412.92";"1";"6.13";"17";"CN(C(=O)CCN1c2ccccc2Sc2ccc(Cl)cc21)c1ccc(F)cc1";"EC200";"'>'";"80.0";"uM";"";"";"";"UO_0000064";"";"";"";"";"0";"CHEMBL5166183";"Activation of human 20S proteosome assessed as substrate degradation using Suc-LLVY-AMC/Z-LLE-AMC/Boc-LLR-AMC as flurogenic substrate preincubated for 15 mins followed by substrate addition and measured after 1 hr by spectrometric analysis";"B";"BAO_0000223";"protein complex format";"Homo sapiens";"None";"None";"None";"None";"";"";"";"CHEMBL3831201";"20S proteasome";"Homo sapiens";"PROTEIN COMPLEX GROUP";"CHEMBL5154893";"1";"Scientific Literature";"J Med Chem";"2022";"None";"TIME = 0.25 hr";"";"";"80.0"
"CHEMBL4760060";"";"None";"410.56";"1";"6.76";"21";"COc1ccc2c(c1)N=C(c1ccccc1)N(CC1CCCCC1)C2c1ccccc1";"FC";"'='";"8.2";"";"";"";"";"";"";"";"";"";"0";"CHEMBL4736898";"Activation of human 20S proteosome assessed as increase in 7-amino-4-methylcoumarin release at 30 uM using mixture of chymotrypsin-like Suc-LLVY-AMC, trypsin-like Boc-LRR-AMC and caspase-like Z-LLE-AM fluorogenic peptides as substrates preincubated for 15 mins followed by substrate mixture addition and measured for 1 hr by fluorescence assay relative to control";"B";"BAO_0000223";"protein complex format";"Homo sapiens";"None";"None";"None";"None";"";"";"";"CHEMBL3831201";"20S proteasome";"Homo sapiens";"PROTEIN COMPLEX GROUP";"CHEMBL4732168";"1";"Scientific Literature";"Bioorg Med Chem Lett";"2021";"None";"Dose = 30.0 microM | TIME = 1.25 hr";"ACTIVATOR";"";"8.2"
"CHEMBL4743874";"";"None";"441.53";"1";"6.93";"13";"COc1ccc2c(c1)N=C(c1ccccc1)N(c1cccc3cccnc13)C2c1ccccc1";"FC";"'='";"5.3";"";"";"";"";"";"";"";"";"";"0";"CHEMBL4736898";"Activation of human 20S proteosome assessed as increase in 7-amino-4-methylcoumarin release at 30 uM using mixture of chymotrypsin-like Suc-LLVY-AMC, trypsin-like Boc-LRR-AMC and caspase-like Z-LLE-AM fluorogenic peptides as substrates preincubated for 15 mins followed by substrate mixture addition and measured for 1 hr by fluorescence assay relative to control";"B";"BAO_0000223";"protein complex format";"Homo sapiens";"None";"None";"None";"None";"";"";"";"CHEMBL3831201";"20S proteasome";"Homo sapiens";"PROTEIN COMPLEX GROUP";"CHEMBL4732168";"1";"Scientific Literature";"Bioorg Med Chem Lett";"2021";"None";"Dose = 30.0 microM | TIME = 1.25 hr";"ACTIVATOR";"";"5.3"
"CHEMBL4762487";"";"None";"398.55";"1";"6.91";"8";"CCCCCC1=Nc2cc(OC)ccc2C(c2ccccc2)N1Cc1ccccc1";"FC";"'='";"2.8";"";"";"";"";"";"";"";"";"";"0";"CHEMBL4736898";"Activation of human 20S proteosome assessed as increase in 7-amino-4-methylcoumarin release at 30 uM using mixture of chymotrypsin-like Suc-LLVY-AMC, trypsin-like Boc-LRR-AMC and caspase-like Z-LLE-AM fluorogenic peptides as substrates preincubated for 15 mins followed by substrate mixture addition and measured for 1 hr by fluorescence assay relative to control";"B";"BAO_0000223";"protein complex format";"Homo sapiens";"None";"None";"None";"None";"";"";"";"CHEMBL3831201";"20S proteasome";"Homo sapiens";"PROTEIN COMPLEX GROUP";"CHEMBL4732168";"1";"Scientific Literature";"Bioorg Med Chem Lett";"2021";"None";"Dose = 30.0 microM | TIME = 1.25 hr";"ACTIVATOR";"";"2.8"
"CHEMBL5204673";"";"None";"725.94";"1";"4.72";"36";"C[C@@H](c1ccccc1)N(C)C(=O)[C@H](CCc1ccccc1)NC(=O)[C@H](CC(=O)NCC(C)(C)C)NC(=O)N1CCC(C(=O)N(C)c2cccnc2)CC1";"IC50";"'>'";"10000.0";"nM";"";"";"";"UO_0000065";"";"";"";"";"0";"CHEMBL5159800";"Inhibition of chymotrypsin-like activity of human 20S proteasome using Suc-Leu Leu-Val-Tyr-AMC as substrate preincubated for 15 mins followed by substrate addition measured by fluorescence assay";"B";"BAO_0000223";"protein complex format";"Homo sapiens";"None";"None";"None";"None";"";"";"";"CHEMBL3831201";"20S proteasome";"Homo sapiens";"PROTEIN COMPLEX GROUP";"CHEMBL5154760";"1";"Scientific Literature";"Eur J Med Chem";"2022";"None";"TIME = 0.25 hr";"";"";"10000.0"
"CHEMBL4762528";"";"None";"404.51";"1";"6.38";"2";"COc1ccc2c(c1)N=C(c1ccccc1)N(Cc1ccccc1)C2c1ccccc1";"FC";"'='";"11.7";"";"";"";"";"";"";"";"";"";"0";"CHEMBL4736913";"Activation of human 20S proteosome assessed as fold increase in proteosome activity at at 5 uM using trypsin-like Boc-LRR-AMC fluorogenic peptide as substrate by fluorescence assay relative to control";"B";"BAO_0000223";"protein complex format";"Homo sapiens";"None";"None";"None";"None";"";"";"";"CHEMBL3831201";"20S proteasome";"Homo sapiens";"PROTEIN COMPLEX GROUP";"CHEMBL4732168";"1";"Scientific Literature";"Bioorg Med Chem Lett";"2021";"None";"Dose = 5.0 microM";"ACTIVATOR";"";"11.7"
"CHEMBL4777320";"";"None";"487.65";"1";"6.84";"18";"COc1ccc2c(c1)N=C(c1ccccc1)N(C1CCN(Cc3ccccc3)CC1)C2c1ccccc1";"FC";"'='";"8.7";"";"";"";"";"";"";"";"";"";"0";"CHEMBL4736914";"Activation of human 20S proteosome assessed as fold increase in proteosome activity at at 1.7 uM using trypsin-like Boc-LRR-AMC fluorogenic peptide as substrate by fluorescence assay relative to control";"B";"BAO_0000223";"protein complex format";"Homo sapiens";"None";"None";"None";"None";"";"";"";"CHEMBL3831201";"20S proteasome";"Homo sapiens";"PROTEIN COMPLEX GROUP";"CHEMBL4732168";"1";"Scientific Literature";"Bioorg Med Chem Lett";"2021";"None";"Dose = 1.7 microM";"ACTIVATOR";"";"8.7"
"CHEMBL5434607";"";"None";"538.24";"None";"None";"18r";"CC(C)C[C@H](NC(=O)CNC(=O)c1cc(Cl)ccc1Cl)B1OC2(C)CC3C(=O)NC(=O)C3CC2(C)O1";"IC50";"'='";"8.4";"nM";"8.08";"";"";"UO_0000065";"15.00";"None";"None";"None";"0";"CHEMBL5388152";"Inhibition of human 20S proteasome chymotrypsin-like activity using Suc-Leu-Leu-Val-Tyr-AMC as fluorogenic peptide pre-incubated for 10 mins with compound followed by substrate addition for 60 mins by spectrofluorimetric analysis";"B";"BAO_0000223";"protein complex format";"Homo sapiens";"None";"None";"None";"None";"";"";"";"CHEMBL3831201";"20S proteasome";"Homo sapiens";"PROTEIN COMPLEX GROUP";"CHEMBL5385891";"1";"Scientific Literature";"Eur J Med Chem";"2023";"None";"TIME = 1.167 hr";"INHIBITOR";"";"8.4"
"CHEMBL5402052";"";"None";"538.19";"None";"None";"18s";"CC(C)C[C@H](NC(=O)CNC(=O)c1cc(Cl)ccc1Cl)B1OC2C3OC(C4C(=O)NC(=O)C34)C2(C)O1";"IC50";"'='";"22.4";"nM";"7.65";"";"";"UO_0000065";"14.21";"None";"None";"None";"0";"CHEMBL5388152";"Inhibition of human 20S proteasome chymotrypsin-like activity using Suc-Leu-Leu-Val-Tyr-AMC as fluorogenic peptide pre-incubated for 10 mins with compound followed by substrate addition for 60 mins by spectrofluorimetric analysis";"B";"BAO_0000223";"protein complex format";"Homo sapiens";"None";"None";"None";"None";"";"";"";"CHEMBL3831201";"20S proteasome";"Homo sapiens";"PROTEIN COMPLEX GROUP";"CHEMBL5385891";"1";"Scientific Literature";"Eur J Med Chem";"2023";"None";"TIME = 1.167 hr";"INHIBITOR";"";"22.4"
"CHEMBL4878782";"";"None";"545.69";"1";"0.87";"23";"CSC[C@H](NC(=O)c1cnccn1)C(=O)N[C@@H](CSC)C(=O)N[C@@H](Cc1ccccc1)C(=O)[C@@]1(C)CO1";"IC50";"";"";"";"";"";"";"";"";"";"";"";"0";"CHEMBL4822825";"Inhibition of chymotrypsin-like activity of human 20S proteasome using Suc-Leu-Leu-Val-Tyr-AMC as substrate preincubated for 10 mins followed by substrate addition measured after 1 hr by fluorescence based spectrofluorimeter assay";"B";"BAO_0000223";"protein complex format";"Homo sapiens";"None";"None";"None";"None";"";"";"";"CHEMBL3831201";"20S proteasome";"Homo sapiens";"PROTEIN COMPLEX GROUP";"CHEMBL4819132";"1";"Scientific Literature";"Bioorg Med Chem";"2021";"None";"TIME = 0.1667 hr";"";"Not active";""
"CHEMBL4877126";"";"None";"336.20";"None";"None";"12g";"CCCC[C@H](NC(=O)[C@@H](CCC)NC(=O)c1cnccn1)B(O)O";"IC50";"'>'";"10000.0";"nM";"";"";"";"UO_0000065";"";"";"";"";"0";"CHEMBL4823872";"Inhibition of human erythrocytes 20S proteasome using QXL520-YRGITCSGRQK(5-FAM)-NH2 fluorogenic peptide as substrate preincubated for 10 mins followed by substrate addition and measured after 60 mins by HTRF assay";"B";"BAO_0000221";"tissue-based format";"Homo sapiens";"None";"None";"Erythrocyte";"None";"";"";"";"CHEMBL3831201";"20S proteasome";"Homo sapiens";"PROTEIN COMPLEX GROUP";"CHEMBL4823253";"1";"Scientific Literature";"J Med Chem";"2021";"None";"TIME = 1.167 hr";"";"";"10.0"
"CHEMBL4863384";"";"None";"376.27";"None";"None";"12a";"CCC[C@@H](NC(=O)c1cnccn1)C(=O)N[C@@H](CC1CCCCC1)B(O)O";"IC50";"'>'";"10000.0";"nM";"";"";"";"UO_0000065";"";"";"";"";"0";"CHEMBL4823872";"Inhibition of human erythrocytes 20S proteasome using QXL520-YRGITCSGRQK(5-FAM)-NH2 fluorogenic peptide as substrate preincubated for 10 mins followed by substrate addition and measured after 60 mins by HTRF assay";"B";"BAO_0000221";"tissue-based format";"Homo sapiens";"None";"None";"Erythrocyte";"None";"";"";"";"CHEMBL3831201";"20S proteasome";"Homo sapiens";"PROTEIN COMPLEX GROUP";"CHEMBL4823253";"1";"Scientific Literature";"J Med Chem";"2021";"None";"TIME = 1.167 hr";"";"";"10.0"
"CHEMBL4856865";"";"None";"446.32";"None";"None";"11d";"O=C(N[C@H](Cc1ccccc1)C(=O)N[C@@H](CCCc1ccccc1)B(O)O)c1cnccn1";"IC50";"'='";"259.0";"nM";"6.59";"";"";"UO_0000065";"14.76";"None";"None";"None";"0";"CHEMBL4823872";"Inhibition of human erythrocytes 20S proteasome using QXL520-YRGITCSGRQK(5-FAM)-NH2 fluorogenic peptide as substrate preincubated for 10 mins followed by substrate addition and measured after 60 mins by HTRF assay";"B";"BAO_0000221";"tissue-based format";"Homo sapiens";"None";"None";"Erythrocyte";"None";"";"";"";"CHEMBL3831201";"20S proteasome";"Homo sapiens";"PROTEIN COMPLEX GROUP";"CHEMBL4823253";"1";"Scientific Literature";"J Med Chem";"2021";"None";"TIME = 1.167 hr";"INHIBITOR";"";"0.259"
"CHEMBL4847763";"";"None";"390.29";"None";"None";"9h";"CC(C)C[C@H](NC(=O)[C@@H](CC1CCCCC1)NC(=O)c1cnccn1)B(O)O";"IC50";"'='";"843.0";"nM";"6.07";"";"";"UO_0000065";"15.56";"None";"None";"None";"0";"CHEMBL4823872";"Inhibition of human erythrocytes 20S proteasome using QXL520-YRGITCSGRQK(5-FAM)-NH2 fluorogenic peptide as substrate preincubated for 10 mins followed by substrate addition and measured after 60 mins by HTRF assay";"B";"BAO_0000221";"tissue-based format";"Homo sapiens";"None";"None";"Erythrocyte";"None";"";"";"";"CHEMBL3831201";"20S proteasome";"Homo sapiens";"PROTEIN COMPLEX GROUP";"CHEMBL4823253";"1";"Scientific Literature";"J Med Chem";"2021";"None";"TIME = 1.167 hr";"INHIBITOR";"";"0.843"
"CHEMBL4859172";"";"None";"336.20";"None";"None";"9f";"CC(C)C[C@H](NC(=O)[C@H](NC(=O)c1cnccn1)C(C)C)B(O)O";"IC50";"'='";"3971.0";"nM";"5.40";"";"";"UO_0000065";"16.07";"None";"None";"None";"0";"CHEMBL4823872";"Inhibition of human erythrocytes 20S proteasome using QXL520-YRGITCSGRQK(5-FAM)-NH2 fluorogenic peptide as substrate preincubated for 10 mins followed by substrate addition and measured after 60 mins by HTRF assay";"B";"BAO_0000221";"tissue-based format";"Homo sapiens";"None";"None";"Erythrocyte";"None";"";"";"";"CHEMBL3831201";"20S proteasome";"Homo sapiens";"PROTEIN COMPLEX GROUP";"CHEMBL4823253";"1";"Scientific Literature";"J Med Chem";"2021";"None";"TIME = 1.167 hr";"INHIBITOR";"";"3.971"
"CHEMBL4742731";"";"None";"419.53";"1";"5.82";"15";"COc1ccc2c(c1)N=C(c1ccccc1)N(CCc1ccccn1)C2c1ccccc1";"FC";"'='";"2.8";"";"";"";"";"";"";"";"";"";"0";"CHEMBL4736898";"Activation of human 20S proteosome assessed as increase in 7-amino-4-methylcoumarin release at 30 uM using mixture of chymotrypsin-like Suc-LLVY-AMC, trypsin-like Boc-LRR-AMC and caspase-like Z-LLE-AM fluorogenic peptides as substrates preincubated for 15 mins followed by substrate mixture addition and measured for 1 hr by fluorescence assay relative to control";"B";"BAO_0000223";"protein complex format";"Homo sapiens";"None";"None";"None";"None";"";"";"";"CHEMBL3831201";"20S proteasome";"Homo sapiens";"PROTEIN COMPLEX GROUP";"CHEMBL4732168";"1";"Scientific Literature";"Bioorg Med Chem Lett";"2021";"None";"Dose = 30.0 microM | TIME = 1.25 hr";"ACTIVATOR";"";"2.8"
"CHEMBL4762832";"";"None";"353.43";"0";"4.70";"22";"COc1ccc2c(c1)N=C(c1ccccc1)N(CC#N)C2c1ccccc1";"FC";"'='";"2.7";"";"";"";"";"";"";"";"";"";"0";"CHEMBL4736898";"Activation of human 20S proteosome assessed as increase in 7-amino-4-methylcoumarin release at 30 uM using mixture of chymotrypsin-like Suc-LLVY-AMC, trypsin-like Boc-LRR-AMC and caspase-like Z-LLE-AM fluorogenic peptides as substrates preincubated for 15 mins followed by substrate mixture addition and measured for 1 hr by fluorescence assay relative to control";"B";"BAO_0000223";"protein complex format";"Homo sapiens";"None";"None";"None";"None";"";"";"";"CHEMBL3831201";"20S proteasome";"Homo sapiens";"PROTEIN COMPLEX GROUP";"CHEMBL4732168";"1";"Scientific Literature";"Bioorg Med Chem Lett";"2021";"None";"Dose = 30.0 microM | TIME = 1.25 hr";"ACTIVATOR";"";"2.7"
"CHEMBL4762528";"";"None";"404.51";"1";"6.38";"2";"COc1ccc2c(c1)N=C(c1ccccc1)N(Cc1ccccc1)C2c1ccccc1";"FC";"'='";"13.4";"";"";"";"";"";"";"";"";"";"0";"CHEMBL4736909";"Activation of human 20S proteosome assessed as fold increase in proteosome activity at 5.6 uM using caspase-like Z-LLE-AM fluorogenic peptide as substrate by fluorescence assay relative to control";"B";"BAO_0000223";"protein complex format";"Homo sapiens";"None";"None";"None";"None";"";"";"";"CHEMBL3831201";"20S proteasome";"Homo sapiens";"PROTEIN COMPLEX GROUP";"CHEMBL4732168";"1";"Scientific Literature";"Bioorg Med Chem Lett";"2021";"None";"Dose = 5.6 microM";"ACTIVATOR";"";"13.4"
"CHEMBL4777320";"";"None";"487.65";"1";"6.84";"18";"COc1ccc2c(c1)N=C(c1ccccc1)N(C1CCN(Cc3ccccc3)CC1)C2c1ccccc1";"Activity";"";"";"";"";"";"Dose-dependent effect";"";"";"";"";"";"0";"CHEMBL4736915";"Induction of human 20S proteosome mediated human alpha-synuclein degradation";"B";"BAO_0000223";"protein complex format";"Homo sapiens";"None";"None";"None";"None";"";"";"";"CHEMBL3831201";"20S proteasome";"Homo sapiens";"PROTEIN COMPLEX GROUP";"CHEMBL4732168";"1";"Scientific Literature";"Bioorg Med Chem Lett";"2021";"None";"Dose_Lower = 0.5 microM | Dose_Upper = 10.0 microM";"ACTIVATOR";"";""
"CHEMBL4762988";"";"None";"390.49";"1";"6.38";"10";"COc1ccc2c(c1)N=C(c1ccccc1)N(c1ccccc1)C2c1ccccc1";"Activity";"'>'";"200.0";"%";"";"";"";"UO_0000187";"";"";"";"";"0";"CHEMBL4736917";"Activation of human 20S proteosome assessed as increase in 7-amino-4-methylcoumarin release at 3 uM using mixture of chymotrypsin-like Suc-LLVY-AMC, trypsin-like Boc-LRR-AMC and caspase-like Z-LLE-AM fluorogenic peptides as substrates preincubated for 15 mins followed by substrate mixture addition and measured for 1 hr by fluorescence assay relative to control";"B";"BAO_0000223";"protein complex format";"Homo sapiens";"None";"None";"None";"None";"";"";"";"CHEMBL3831201";"20S proteasome";"Homo sapiens";"PROTEIN COMPLEX GROUP";"CHEMBL4732168";"1";"Scientific Literature";"Bioorg Med Chem Lett";"2021";"None";"Dose = 3.0 microM | TIME = 1.25 hr";"ACTIVATOR";"";"200.0"
"CHEMBL5433547";"";"None";"352.20";"None";"None";"18d";"COc1ccc(OC)c(C(=O)NCC(=O)N[C@@H](CC(C)C)B(O)O)c1";"IC50";"'='";"15.8";"nM";"7.80";"";"";"UO_0000065";"22.15";"None";"None";"None";"0";"CHEMBL5388152";"Inhibition of human 20S proteasome chymotrypsin-like activity using Suc-Leu-Leu-Val-Tyr-AMC as fluorogenic peptide pre-incubated for 10 mins with compound followed by substrate addition for 60 mins by spectrofluorimetric analysis";"B";"BAO_0000223";"protein complex format";"Homo sapiens";"None";"None";"None";"None";"";"";"";"CHEMBL3831201";"20S proteasome";"Homo sapiens";"PROTEIN COMPLEX GROUP";"CHEMBL5385891";"1";"Scientific Literature";"Eur J Med Chem";"2023";"None";"TIME = 1.167 hr";"INHIBITOR";"";"15.8"
"CHEMBL5403296";"";"None";"503.19";"None";"None";"18p";"CC(C)C[C@H](NC(=O)CNC(=O)c1cc(Cl)ccc1Cl)B1OC2C3OC(c4ccccc43)C2O1";"IC50";"'='";"7.7";"nM";"8.11";"";"";"UO_0000065";"16.12";"None";"None";"None";"0";"CHEMBL5388152";"Inhibition of human 20S proteasome chymotrypsin-like activity using Suc-Leu-Leu-Val-Tyr-AMC as fluorogenic peptide pre-incubated for 10 mins with compound followed by substrate addition for 60 mins by spectrofluorimetric analysis";"B";"BAO_0000223";"protein complex format";"Homo sapiens";"None";"None";"None";"None";"";"";"";"CHEMBL3831201";"20S proteasome";"Homo sapiens";"PROTEIN COMPLEX GROUP";"CHEMBL5385891";"1";"Scientific Literature";"Eur J Med Chem";"2023";"None";"TIME = 1.167 hr";"INHIBITOR";"";"7.7"
"CHEMBL4777320";"";"None";"487.65";"1";"6.84";"18";"COc1ccc2c(c1)N=C(c1ccccc1)N(C1CCN(Cc3ccccc3)CC1)C2c1ccccc1";"AC200";"'='";"1.7";"uM";"";"";"";"UO_0000064";"";"";"";"";"0";"CHEMBL4736911";"Activation of human 20S proteosome assessed as concentration required to cause double the proteosome activity using trypsin-like Boc-LRR-AMC fluorogenic peptide as substrate";"B";"BAO_0000223";"protein complex format";"Homo sapiens";"None";"None";"None";"None";"";"";"";"CHEMBL3831201";"20S proteasome";"Homo sapiens";"PROTEIN COMPLEX GROUP";"CHEMBL4732168";"1";"Scientific Literature";"Bioorg Med Chem Lett";"2021";"None";"";"ACTIVATOR";"";"1.7"
"CHEMBL4547405";"";"None";"718.92";"1";"4.69";"11j";"CC(C)C[C@H](NC(=O)N1CCC(C(=O)Nc2nc3ccccc3s2)CC1)C(=O)N[C@@H](Cc1ccccc1)C(=O)N[C@@H](CC(C)C)C(=O)[C@@]1(C)CO1";"IC50";"'='";"3.9";"nM";"8.41";"";"";"UO_0000065";"11.70";"0.23";"3.72";"5.19";"0";"CHEMBL4423848";"Inhibition of human 20S proteasome preincubated for 15 mins followed by substrate addition";"B";"BAO_0000223";"protein complex format";"Homo sapiens";"None";"None";"None";"None";"";"";"";"CHEMBL3831201";"20S proteasome";"Homo sapiens";"PROTEIN COMPLEX GROUP";"CHEMBL4422641";"1";"Scientific Literature";"Eur J Med Chem";"2019";"None";"";"";"";"3.9"
"CHEMBL4572638";"";"None";"737.94";"2";"5.74";"11f";"CC(C)C[C@H](NC(=O)N1CCC(C(=O)Nc2ccc(-c3ccccc3)cc2)CC1)C(=O)N[C@@H](Cc1ccccc1)C(=O)N[C@@H](CC(C)C)C(=O)[C@@]1(C)CO1";"IC50";"'='";"9.4";"nM";"8.03";"";"";"UO_0000065";"10.88";"0.20";"2.29";"5.38";"0";"CHEMBL4423848";"Inhibition of human 20S proteasome preincubated for 15 mins followed by substrate addition";"B";"BAO_0000223";"protein complex format";"Homo sapiens";"None";"None";"None";"None";"";"";"";"CHEMBL3831201";"20S proteasome";"Homo sapiens";"PROTEIN COMPLEX GROUP";"CHEMBL4422641";"1";"Scientific Literature";"Eur J Med Chem";"2019";"None";"";"";"";"9.4"
"CHEMBL5423091";"";"None";"693.80";"1";"3.29";"15b";"CC(=O)N[C@H]1Cc2ccc([N+](=O)[O-])c(c2)Oc2ccc(cc2)CC[C@@H](C(=O)N[C@@H](CC(C)C)C(=O)[C@@]2(C)CO2)NC(=O)[C@H](CC(C)C)NC1=O";"Inhibition";"";"";"%";"";"";"";"UO_0000187";"";"";"";"";"0";"CHEMBL5338553";"Inhibition of human 20S proteasome PGPH-like activity using Cbz-LLE-AMC as a fluorogenic substrate at 130 uM measured every 20 seconds for 10 mins by fluorescence based assay";"B";"BAO_0000223";"protein complex format";"Homo sapiens";"None";"None";"None";"None";"";"";"";"CHEMBL3831201";"20S proteasome";"Homo sapiens";"PROTEIN COMPLEX GROUP";"CHEMBL5335865";"1";"Scientific Literature";"ACS Med Chem Lett";"2024";"None";"DOSE = 130.0 microM | TIME = 0.1667 hr";"";"Not active";""
"CHEMBL5180908";"";"None";"353.87";"1";"6.15";"4";"COc1cccc(CN2c3ccccc3Sc3ccc(Cl)cc32)c1";"EC200";"'>'";"80.0";"uM";"";"";"";"UO_0000064";"";"";"";"";"0";"CHEMBL5166189";"Activation of human 20S proteosome at chymotrypsin like site assessed as substrate degradation using Suc-LLVY-AMC as flurogenic substrate preincubated for 15 mins followed by substrate addition and measured after 1 hr by spectrometric analysis";"B";"BAO_0000223";"protein complex format";"Homo sapiens";"None";"None";"None";"None";"";"";"";"CHEMBL3831201";"20S proteasome";"Homo sapiens";"PROTEIN COMPLEX GROUP";"CHEMBL5154893";"1";"Scientific Literature";"J Med Chem";"2022";"None";"TIME = 0.25 hr";"";"";"80.0"
"CHEMBL16344";"";"None";"323.57";"1";"6.55";"25";"CCCCCCCC/C=C\CCCCCCCC(=O)NCCC";"Activity";"";"";"";"";"";"";"";"";"";"";"";"0";"CHEMBL5107500";"Activation of human 20S proteasome mediated degradation of alpha-synuclein assessed as amount of alpha-synuclein remaining at 25 uM and incubated for 2 hrs by Coomassie staining based SDS-PAGE analysis";"B";"BAO_0000223";"protein complex format";"Homo sapiens";"None";"None";"None";"None";"";"";"";"CHEMBL3831201";"20S proteasome";"Homo sapiens";"PROTEIN COMPLEX GROUP";"CHEMBL5104206";"1";"Scientific Literature";"RSC Med Chem";"2022";"None";"Dose = 25.0 microM | TIME = 2.0 hr";"ACTIVATOR";"Active";""
"CHEMBL4561568";"";"None";"373.58";"1";"7.37";"6";"CCCCCCCC/C=C\CCCCCCCC(=O)Nc1ccc(O)cc1";"Activity";"'='";"247.0";"%";"";"";"";"UO_0000187";"";"";"";"";"0";"CHEMBL5107497";"Stimulation of human 20S proteasome assessed as increase in proteasome activity at 25 uM and measured upto 60 mins using FRET peptide as substrate by FRET assay relative to control";"B";"BAO_0000223";"protein complex format";"Homo sapiens";"None";"None";"None";"None";"";"";"";"CHEMBL3831201";"20S proteasome";"Homo sapiens";"PROTEIN COMPLEX GROUP";"CHEMBL5104206";"1";"Scientific Literature";"RSC Med Chem";"2022";"None";"Dose = 25.0 microM | TIME <= 1.0 hr";"ACTIVATOR";"";"247.0"
"CHEMBL5173843";"";"None";"387.61";"1";"7.05";"17";"CCCCCCCC/C=C\CCCCCCCC(=O)NCc1ccc(O)cc1";"Activity";"'='";"361.0";"%";"";"";"";"UO_0000187";"";"";"";"";"0";"CHEMBL5107497";"Stimulation of human 20S proteasome assessed as increase in proteasome activity at 25 uM and measured upto 60 mins using FRET peptide as substrate by FRET assay relative to control";"B";"BAO_0000223";"protein complex format";"Homo sapiens";"None";"None";"None";"None";"";"";"";"CHEMBL3831201";"20S proteasome";"Homo sapiens";"PROTEIN COMPLEX GROUP";"CHEMBL5104206";"1";"Scientific Literature";"RSC Med Chem";"2022";"None";"Dose = 25.0 microM | TIME <= 1.0 hr";"ACTIVATOR";"";"361.0"
"CHEMBL4780958";"";"None";"354.45";"1";"5.36";"23";"C=CCN1C(c2ccccc2)=Nc2cc(OC)ccc2C1c1ccccc1";"FC";"'='";"2.3";"";"";"";"";"";"";"";"";"";"0";"CHEMBL4736898";"Activation of human 20S proteosome assessed as increase in 7-amino-4-methylcoumarin release at 30 uM using mixture of chymotrypsin-like Suc-LLVY-AMC, trypsin-like Boc-LRR-AMC and caspase-like Z-LLE-AM fluorogenic peptides as substrates preincubated for 15 mins followed by substrate mixture addition and measured for 1 hr by fluorescence assay relative to control";"B";"BAO_0000223";"protein complex format";"Homo sapiens";"None";"None";"None";"None";"";"";"";"CHEMBL3831201";"20S proteasome";"Homo sapiens";"PROTEIN COMPLEX GROUP";"CHEMBL4732168";"1";"Scientific Literature";"Bioorg Med Chem Lett";"2021";"None";"Dose = 30.0 microM | TIME = 1.25 hr";"ACTIVATOR";"";"2.3"
"CHEMBL4762528";"";"None";"404.51";"1";"6.38";"2";"COc1ccc2c(c1)N=C(c1ccccc1)N(Cc1ccccc1)C2c1ccccc1";"AC200";"'='";"12.9";"uM";"";"";"";"UO_0000064";"";"";"";"";"0";"CHEMBL4736903";"Activation of human 20S proteosome assessed as concentration required to cause double the proteosome activity using chymotrypsin-like Suc-LLVY-AMC fluorogenic peptide as substrate";"B";"BAO_0000223";"protein complex format";"Homo sapiens";"None";"None";"None";"None";"";"";"";"CHEMBL3831201";"20S proteasome";"Homo sapiens";"PROTEIN COMPLEX GROUP";"CHEMBL4732168";"1";"Scientific Literature";"Bioorg Med Chem Lett";"2021";"None";"";"ACTIVATOR";"";"12.9"
"CHEMBL5182340";"";"None";"590.65";"2";"5.55";"2c";"O=C(NCc1ccccc1C(=O)N[C@H](/C=C/S(=O)(=O)Oc1ccccc1)CCc1ccccc1)c1cc(F)cc(F)c1";"Inhibition";"";"";"%";"";"";"NA";"UO_0000187";"";"";"";"";"0";"CHEMBL5115913";"Inhibition of human 20S proteasome trypsin-like activity at 11 uM using Boc-Leu-Arg-Arg-AMC as fluorogenic substrate by fluorometric assay";"B";"BAO_0000223";"protein complex format";"Homo sapiens";"None";"None";"None";"None";"";"";"";"CHEMBL3831201";"20S proteasome";"Homo sapiens";"PROTEIN COMPLEX GROUP";"CHEMBL5113413";"1";"Scientific Literature";"Eur J Med Chem";"2022";"None";"Dose = 11.0 microM";"";"";""
"CHEMBL4558648";"";"None";"696.29";"1";"4.73";"11b";"CC(C)C[C@H](NC(=O)N1CCC(C(=O)Nc2ccc(Cl)cc2)CC1)C(=O)N[C@@H](Cc1ccccc1)C(=O)N[C@@H](CC(C)C)C(=O)[C@@]1(C)CO1";"IC50";"'='";"4.6";"nM";"8.34";"";"";"UO_0000065";"11.97";"0.23";"3.61";"5.59";"0";"CHEMBL4423848";"Inhibition of human 20S proteasome preincubated for 15 mins followed by substrate addition";"B";"BAO_0000223";"protein complex format";"Homo sapiens";"None";"None";"None";"None";"";"";"";"CHEMBL3831201";"20S proteasome";"Homo sapiens";"PROTEIN COMPLEX GROUP";"CHEMBL4422641";"1";"Scientific Literature";"Eur J Med Chem";"2019";"None";"";"";"";"4.6"
"CHEMBL4464750";"";"None";"691.87";"1";"4.09";"10c";"COc1ccc(NC(=O)C2CCCN(C(=O)N[C@@H](CC(C)C)C(=O)N[C@@H](Cc3ccccc3)C(=O)N[C@@H](CC(C)C)C(=O)[C@@]3(C)CO3)C2)cc1";"IC50";"'='";"743.1";"nM";"6.13";"";"";"UO_0000065";"8.86";"0.17";"2.04";"3.87";"0";"CHEMBL4423848";"Inhibition of human 20S proteasome preincubated for 15 mins followed by substrate addition";"B";"BAO_0000223";"protein complex format";"Homo sapiens";"None";"None";"None";"None";"";"";"";"CHEMBL3831201";"20S proteasome";"Homo sapiens";"PROTEIN COMPLEX GROUP";"CHEMBL4422641";"1";"Scientific Literature";"Eur J Med Chem";"2019";"None";"";"";"";"743.1"
"CHEMBL4452330";"";"None";"692.86";"1";"3.59";"8b";"COc1ccc(NC(=O)N2CCN(C(=O)N[C@@H](CC(C)C)C(=O)N[C@@H](Cc3ccccc3)C(=O)N[C@@H](CC(C)C)C(=O)[C@@]3(C)CO3)CC2)cc1";"IC50";"'='";"31.6";"nM";"7.50";"";"";"UO_0000065";"10.83";"0.20";"3.91";"4.64";"0";"CHEMBL4423848";"Inhibition of human 20S proteasome preincubated for 15 mins followed by substrate addition";"B";"BAO_0000223";"protein complex format";"Homo sapiens";"None";"None";"None";"None";"";"";"";"CHEMBL3831201";"20S proteasome";"Homo sapiens";"PROTEIN COMPLEX GROUP";"CHEMBL4422641";"1";"Scientific Literature";"Eur J Med Chem";"2019";"None";"";"";"";"31.6"
"CHEMBL4545717";"";"None";"649.79";"1";"1.98";"3";"CC(C)C[C@H](NC(=O)[C@H](Cc1ccccc1)NC(=O)N1CCN(C(=O)c2cnccn2)CC1)C(=O)N[C@@H](CC(C)C)C(=O)[C@@]1(C)CO1";"Inhibition";"'='";"27.0";"%";"";"";"";"UO_0000187";"";"";"";"";"0";"CHEMBL4423847";"Inhibition of human 20S proteasome at 100 ng/mL preincubated for 15 mins followed by substrate addition relative to control";"B";"BAO_0000223";"protein complex format";"Homo sapiens";"None";"None";"None";"None";"";"";"";"CHEMBL3831201";"20S proteasome";"Homo sapiens";"PROTEIN COMPLEX GROUP";"CHEMBL4422641";"1";"Scientific Literature";"Eur J Med Chem";"2019";"None";"";"";"";"27.0"
"CHEMBL1403281";"ERGOCRYPTINE";"None";"575.71";"1";"2.43";"3";"CC(C)C[C@H]1C(=O)N2CCC[C@H]2[C@]2(O)O[C@](NC(=O)[C@@H]3C=C4c5cccc6[nH]cc(c56)C[C@H]4N(C)C3)(C(C)C)C(=O)N12";"FC";"'='";"8.9";"";"";"";"";"";"";"";"";"";"0";"CHEMBL5345265";"Activation of human 20S proteasome chymotrypsin-like hydrolysis activity assessed as measuring fold increase in protein activity using SucLLVY-MCA as a fluorogenic substrate at 20 uM incubated for 1 hrs by fluorescence based assay relative to DMSO";"B";"BAO_0000223";"protein complex format";"Homo sapiens";"None";"None";"None";"None";"";"";"";"CHEMBL3831201";"20S proteasome";"Homo sapiens";"PROTEIN COMPLEX GROUP";"CHEMBL5344422";"1";"Scientific Literature";"J Nat Prod";"2024";"None";"DOSE = 20.0 microM | TIME = 1.0 hr";"ACTIVATOR";"";"8.9"
"CHEMBL1399124";"SYROSINGOPINE";"2.0";"666.72";"2";"4.70";"1";"CCOC(=O)Oc1c(OC)cc(C(=O)O[C@@H]2C[C@@H]3CN4CCc5c([nH]c6cc(OC)ccc56)[C@H]4C[C@@H]3[C@H](C(=O)OC)[C@H]2OC)cc1OC";"FC";"'='";"13.0";"";"";"";"";"";"";"";"";"";"0";"CHEMBL5345265";"Activation of human 20S proteasome chymotrypsin-like hydrolysis activity assessed as measuring fold increase in protein activity using SucLLVY-MCA as a fluorogenic substrate at 20 uM incubated for 1 hrs by fluorescence based assay relative to DMSO";"B";"BAO_0000223";"protein complex format";"Homo sapiens";"None";"None";"None";"None";"";"";"";"CHEMBL3831201";"20S proteasome";"Homo sapiens";"PROTEIN COMPLEX GROUP";"CHEMBL5344422";"1";"Scientific Literature";"J Nat Prod";"2024";"None";"DOSE = 20.0 microM | TIME = 1.0 hr";"ACTIVATOR";"";"13.0"
"CHEMBL1399124";"SYROSINGOPINE";"2.0";"666.72";"2";"4.70";"1";"CCOC(=O)Oc1c(OC)cc(C(=O)O[C@@H]2C[C@@H]3CN4CCc5c([nH]c6cc(OC)ccc56)[C@H]4C[C@@H]3[C@H](C(=O)OC)[C@H]2OC)cc1OC";"FC";"'='";"9.8";"";"";"";"";"";"";"";"";"";"0";"CHEMBL5345271";"Activation of human 20S proteasome mediated chymotrypsin-like proteolytic activity assessed as maximal fold increase in protein activity using SucLLVY-MCA as a fluorogenic substrate incubated for 1 hr by fluorescence based assay";"B";"BAO_0000223";"protein complex format";"Homo sapiens";"None";"None";"None";"None";"";"";"";"CHEMBL3831201";"20S proteasome";"Homo sapiens";"PROTEIN COMPLEX GROUP";"CHEMBL5344422";"1";"Scientific Literature";"J Nat Prod";"2024";"None";"TIME = 1.0 hr";"ACTIVATOR";"";"9.8"
"CHEMBL1399124";"SYROSINGOPINE";"2.0";"666.72";"2";"4.70";"1";"CCOC(=O)Oc1c(OC)cc(C(=O)O[C@@H]2C[C@@H]3CN4CCc5c([nH]c6cc(OC)ccc56)[C@H]4C[C@@H]3[C@H](C(=O)OC)[C@H]2OC)cc1OC";"Activity";"";"";"";"";"";"";"";"";"";"";"";"0";"CHEMBL5345275";"Activation of human 20S proteasome assessed as alpha-synuclein degradation in presence of MG132 incubated for 20 mins by Western blot analysis";"B";"BAO_0000223";"protein complex format";"Homo sapiens";"None";"None";"None";"None";"";"";"";"CHEMBL3831201";"20S proteasome";"Homo sapiens";"PROTEIN COMPLEX GROUP";"CHEMBL5344422";"1";"Scientific Literature";"J Nat Prod";"2024";"None";"TIME = 0.3333 hr";"ACTIVATOR";"Active";""
"CHEMBL5428008";"";"None";"480.50";"0";"2.60";"19";"COc1ccc(Cn2nc(C(=O)Nc3ccc(F)c(C(=O)N[C@H]4C[C@H](OC)C4)c3)ccc2=O)cc1";"IC50";"'>'";"100000.0";"nM";"";"";"";"UO_0000065";"";"";"";"";"0";"CHEMBL5352349";"Inhibition of chymotrypsin like activity in human proteasome using Suc-LLVY-Rho-110-D-Proline peptide as substrate preincubated for 10 mins followed by substrate addition and measured for 30 mins by fluorescence based microplate reader analysis";"B";"BAO_0000223";"protein complex format";"Homo sapiens";"None";"None";"None";"None";"";"";"";"CHEMBL3831201";"20S proteasome";"Homo sapiens";"PROTEIN COMPLEX GROUP";"CHEMBL5346981";"1";"Scientific Literature";"J Med Chem";"2023";"None";"TIME = 0.6667 hr";"";"";"4.0"
"CHEMBL5429087";"";"None";"498.49";"0";"2.74";"20";"COc1ccc(Cn2nc(C(=O)Nc3ccc(F)c(C(=O)N[C@H]4C[C@H](OC)C4)c3)ccc2=O)cc1F";"IC50";"'>'";"100000.0";"nM";"";"";"";"UO_0000065";"";"";"";"";"0";"CHEMBL5352349";"Inhibition of chymotrypsin like activity in human proteasome using Suc-LLVY-Rho-110-D-Proline peptide as substrate preincubated for 10 mins followed by substrate addition and measured for 30 mins by fluorescence based microplate reader analysis";"B";"BAO_0000223";"protein complex format";"Homo sapiens";"None";"None";"None";"None";"";"";"";"CHEMBL3831201";"20S proteasome";"Homo sapiens";"PROTEIN COMPLEX GROUP";"CHEMBL5346981";"1";"Scientific Literature";"J Med Chem";"2023";"None";"TIME = 0.6667 hr";"";"";"4.0"
"CHEMBL5403130";"";"None";"509.54";"1";"1.75";"21";"COc1ccc(Cn2nc(C(=O)Nc3ccc(F)c(C(=O)NCCN4CCOCC4)c3)ccc2=O)cc1";"IC50";"'>'";"100000.0";"nM";"";"";"";"UO_0000065";"";"";"";"";"0";"CHEMBL5352349";"Inhibition of chymotrypsin like activity in human proteasome using Suc-LLVY-Rho-110-D-Proline peptide as substrate preincubated for 10 mins followed by substrate addition and measured for 30 mins by fluorescence based microplate reader analysis";"B";"BAO_0000223";"protein complex format";"Homo sapiens";"None";"None";"None";"None";"";"";"";"CHEMBL3831201";"20S proteasome";"Homo sapiens";"PROTEIN COMPLEX GROUP";"CHEMBL5346981";"1";"Scientific Literature";"J Med Chem";"2023";"None";"TIME = 0.6667 hr";"";"";"4.0"
"CHEMBL5400093";"";"None";"410.41";"0";"2.05";"26";"CNC(=O)c1cc(NC(=O)c2ccc(=O)n(Cc3ccc(OC)cc3)n2)ccc1F";"IC50";"'>'";"100000.0";"nM";"";"";"";"UO_0000065";"";"";"";"";"0";"CHEMBL5352349";"Inhibition of chymotrypsin like activity in human proteasome using Suc-LLVY-Rho-110-D-Proline peptide as substrate preincubated for 10 mins followed by substrate addition and measured for 30 mins by fluorescence based microplate reader analysis";"B";"BAO_0000223";"protein complex format";"Homo sapiens";"None";"None";"None";"None";"";"";"";"CHEMBL3831201";"20S proteasome";"Homo sapiens";"PROTEIN COMPLEX GROUP";"CHEMBL5346981";"1";"Scientific Literature";"J Med Chem";"2023";"None";"TIME = 0.6667 hr";"";"";"4.0"
"CHEMBL4762528";"";"None";"404.51";"1";"6.38";"2";"COc1ccc2c(c1)N=C(c1ccccc1)N(Cc1ccccc1)C2c1ccccc1";"Activity";"'>'";"200.0";"%";"";"";"";"UO_0000187";"";"";"";"";"0";"CHEMBL4736917";"Activation of human 20S proteosome assessed as increase in 7-amino-4-methylcoumarin release at 3 uM using mixture of chymotrypsin-like Suc-LLVY-AMC, trypsin-like Boc-LRR-AMC and caspase-like Z-LLE-AM fluorogenic peptides as substrates preincubated for 15 mins followed by substrate mixture addition and measured for 1 hr by fluorescence assay relative to control";"B";"BAO_0000223";"protein complex format";"Homo sapiens";"None";"None";"None";"None";"";"";"";"CHEMBL3831201";"20S proteasome";"Homo sapiens";"PROTEIN COMPLEX GROUP";"CHEMBL4732168";"1";"Scientific Literature";"Bioorg Med Chem Lett";"2021";"None";"Dose = 3.0 microM | TIME = 1.25 hr";"ACTIVATOR";"";"200.0"
"CHEMBL5590443";"";"None";"508.55";"1";"2.27";"41b";"CC(C)C[C@H](NC(=O)CNC(=O)c1cc(Cc2n[nH]c(=O)c3ccccc23)ccc1F)C(=O)[C@@]1(C)CO1";"IC50";"'>'";"10000.0";"nM";"";"";"";"UO_0000065";"";"";"";"";"0";"CHEMBL5528522";"Inhibition of 20S proteasome (unknown origin) using Suv-LLVY-AMC as substrate";"B";"BAO_0000223";"protein complex format";"Homo sapiens";"None";"None";"None";"None";"";"";"";"CHEMBL3831201";"20S proteasome";"Homo sapiens";"PROTEIN COMPLEX GROUP";"CHEMBL5528008";"1";"Scientific Literature";"Eur J Med Chem";"2024";"None";"";"";"";"10000.0"
"CHEMBL5565652";"";"None";"616.54";"None";"None";"42k";"CC(C)C[C@H](NC(=O)[C@H](C)NC(=O)c1cc(Cc2n[nH]c(=O)c3ccccc23)ccc1F)B1O[C@@H]2C[C@@H]3C[C@@H](C3(C)C)[C@]2(C)O1";"IC50";"'='";"132.0";"nM";"6.88";"";"";"UO_0000065";"11.16";"None";"None";"None";"0";"CHEMBL5528522";"Inhibition of 20S proteasome (unknown origin) using Suv-LLVY-AMC as substrate";"B";"BAO_0000223";"protein complex format";"Homo sapiens";"None";"None";"None";"None";"";"";"";"CHEMBL3831201";"20S proteasome";"Homo sapiens";"PROTEIN COMPLEX GROUP";"CHEMBL5528008";"1";"Scientific Literature";"Eur J Med Chem";"2024";"None";"";"INHIBITOR";"";"132.0"
"CHEMBL5575779";"";"None";"658.62";"None";"None";"42d";"CC(C)C[C@H](NC(=O)[C@H](CC(C)C)NC(=O)c1cc(Cc2n[nH]c(=O)c3ccccc23)ccc1F)B1O[C@@H]2C[C@@H]3C[C@@H](C3(C)C)[C@]2(C)O1";"IC50";"'='";"60.9";"nM";"7.21";"";"";"UO_0000065";"10.96";"None";"None";"None";"0";"CHEMBL5528522";"Inhibition of 20S proteasome (unknown origin) using Suv-LLVY-AMC as substrate";"B";"BAO_0000223";"protein complex format";"Homo sapiens";"None";"None";"None";"None";"";"";"";"CHEMBL3831201";"20S proteasome";"Homo sapiens";"PROTEIN COMPLEX GROUP";"CHEMBL5528008";"1";"Scientific Literature";"Eur J Med Chem";"2024";"None";"";"INHIBITOR";"";"60.9"
"CHEMBL5206894";"";"None";"323.85";"1";"6.14";"1";"Clc1ccc2c(c1)N(Cc1ccccc1)c1ccccc1S2";"EC200";"'='";"1.5";"uM";"";"";"";"UO_0000064";"";"";"";"";"0";"CHEMBL5166183";"Activation of human 20S proteosome assessed as substrate degradation using Suc-LLVY-AMC/Z-LLE-AMC/Boc-LLR-AMC as flurogenic substrate preincubated for 15 mins followed by substrate addition and measured after 1 hr by spectrometric analysis";"B";"BAO_0000223";"protein complex format";"Homo sapiens";"None";"None";"None";"None";"";"";"";"CHEMBL3831201";"20S proteasome";"Homo sapiens";"PROTEIN COMPLEX GROUP";"CHEMBL5154893";"1";"Scientific Literature";"J Med Chem";"2022";"None";"TIME = 0.25 hr";"ACTIVATOR";"";"1.5"
"CHEMBL5180908";"";"None";"353.87";"1";"6.15";"4";"COc1cccc(CN2c3ccccc3Sc3ccc(Cl)cc32)c1";"EC200";"'='";"1.5";"uM";"";"";"";"UO_0000064";"";"";"";"";"0";"CHEMBL5166183";"Activation of human 20S proteosome assessed as substrate degradation using Suc-LLVY-AMC/Z-LLE-AMC/Boc-LLR-AMC as flurogenic substrate preincubated for 15 mins followed by substrate addition and measured after 1 hr by spectrometric analysis";"B";"BAO_0000223";"protein complex format";"Homo sapiens";"None";"None";"None";"None";"";"";"";"CHEMBL3831201";"20S proteasome";"Homo sapiens";"PROTEIN COMPLEX GROUP";"CHEMBL5154893";"1";"Scientific Literature";"J Med Chem";"2022";"None";"TIME = 0.25 hr";"ACTIVATOR";"";"1.5"
"CHEMBL5193289";"";"None";"368.85";"1";"6.05";"7";"O=[N+]([O-])c1cccc(CN2c3ccccc3Sc3ccc(Cl)cc32)c1";"FC";"'='";"8.0";"";"";"";"";"";"";"";"";"";"0";"CHEMBL5166184";"Activation of human 20S proteosome assessed as maximum fold change in substrate degradation using Suc-LLVY-AMC/Z-LLE-AMC/Boc-LLR-AMC as flurogenic substrate preincubated for 15 mins followed by substrate addition and measured after 1 hr by spectrometric analysis relative to control";"B";"BAO_0000223";"protein complex format";"Homo sapiens";"None";"None";"None";"None";"";"";"";"CHEMBL3831201";"20S proteasome";"Homo sapiens";"PROTEIN COMPLEX GROUP";"CHEMBL5154893";"1";"Scientific Literature";"J Med Chem";"2022";"None";"TIME = 0.25 hr";"ACTIVATOR";"";"8.0"
"CHEMBL5405358";"";"None";"297.12";"None";"None";"18f";"Cc1cc(C(=O)NCC(=O)N[C@@H](CC(C)C)B(O)O)no1";"IC50";"'='";"124.2";"nM";"6.91";"";"";"UO_0000065";"23.24";"None";"None";"None";"0";"CHEMBL5388152";"Inhibition of human 20S proteasome chymotrypsin-like activity using Suc-Leu-Leu-Val-Tyr-AMC as fluorogenic peptide pre-incubated for 10 mins with compound followed by substrate addition for 60 mins by spectrofluorimetric analysis";"B";"BAO_0000223";"protein complex format";"Homo sapiens";"None";"None";"None";"None";"";"";"";"CHEMBL3831201";"20S proteasome";"Homo sapiens";"PROTEIN COMPLEX GROUP";"CHEMBL5385891";"1";"Scientific Literature";"Eur J Med Chem";"2023";"None";"TIME = 1.167 hr";"INHIBITOR";"";"124.2"
"CHEMBL5394365";"";"None";"620.35";"None";"None";"18t";"CC(C)C[C@H](NC(=O)C(NC(=O)c1cc(C(F)(F)F)ccc1C(F)(F)F)C1CC1)B1OC2C3OC(CC3C(=O)O)C2(C)O1";"IC50";"'='";"2.7";"nM";"8.57";"";"";"UO_0000065";"13.81";"None";"None";"None";"0";"CHEMBL5388152";"Inhibition of human 20S proteasome chymotrypsin-like activity using Suc-Leu-Leu-Val-Tyr-AMC as fluorogenic peptide pre-incubated for 10 mins with compound followed by substrate addition for 60 mins by spectrofluorimetric analysis";"B";"BAO_0000223";"protein complex format";"Homo sapiens";"None";"None";"None";"None";"";"";"";"CHEMBL3831201";"20S proteasome";"Homo sapiens";"PROTEIN COMPLEX GROUP";"CHEMBL5385891";"1";"Scientific Literature";"Eur J Med Chem";"2023";"None";"TIME = 1.167 hr";"INHIBITOR";"";"2.7"
"CHEMBL5200556";"";"None";"423.97";"1";"7.10";"3";"CC(C)(C)OC(=O)c1ccc(CN2c3ccccc3Sc3ccc(Cl)cc32)cc1";"EC200";"'>'";"80.0";"uM";"";"";"";"UO_0000064";"";"";"";"";"0";"CHEMBL5166187";"Activation of human 20S proteosome at trypsin-like site assessed as substrate degradation using Boc-LLR-AMC as flurogenic substrate preincubated for 15 mins followed by substrate addition and measured after 1 hr by spectrometric analysis";"B";"BAO_0000223";"protein complex format";"Homo sapiens";"None";"None";"None";"None";"";"";"";"CHEMBL3831201";"20S proteasome";"Homo sapiens";"PROTEIN COMPLEX GROUP";"CHEMBL5154893";"1";"Scientific Literature";"J Med Chem";"2022";"None";"TIME = 0.25 hr";"";"";"80.0"
"CHEMBL5186597";"";"None";"412.92";"1";"6.13";"17";"CN(C(=O)CCN1c2ccccc2Sc2ccc(Cl)cc21)c1ccc(F)cc1";"EC200";"'>'";"80.0";"uM";"";"";"";"UO_0000064";"";"";"";"";"0";"CHEMBL5166187";"Activation of human 20S proteosome at trypsin-like site assessed as substrate degradation using Boc-LLR-AMC as flurogenic substrate preincubated for 15 mins followed by substrate addition and measured after 1 hr by spectrometric analysis";"B";"BAO_0000223";"protein complex format";"Homo sapiens";"None";"None";"None";"None";"";"";"";"CHEMBL3831201";"20S proteasome";"Homo sapiens";"PROTEIN COMPLEX GROUP";"CHEMBL5154893";"1";"Scientific Literature";"J Med Chem";"2022";"None";"TIME = 0.25 hr";"";"";"80.0"
"CHEMBL5206894";"";"None";"323.85";"1";"6.14";"1";"Clc1ccc2c(c1)N(Cc1ccccc1)c1ccccc1S2";"FC";"'='";"2.0";"";"";"";"";"";"";"";"";"";"0";"CHEMBL5166188";"Activation of human 20S proteosome at trypsin-like site assessed as maximum fold change in substrate degradation using Boc-LLR-AMC as flurogenic substrate preincubated for 15 mins followed by substrate addition and measured after 1 hr by spectrometric analysis relative to control";"B";"BAO_0000223";"protein complex format";"Homo sapiens";"None";"None";"None";"None";"";"";"";"CHEMBL3831201";"20S proteasome";"Homo sapiens";"PROTEIN COMPLEX GROUP";"CHEMBL5154893";"1";"Scientific Literature";"J Med Chem";"2022";"None";"TIME = 0.25 hr";"ACTIVATOR";"";"2.0"
"CHEMBL5180453";"";"None";"381.88";"1";"5.93";"2";"COC(=O)c1ccc(CN2c3ccccc3Sc3ccc(Cl)cc32)cc1";"FC";"'='";"15.0";"";"";"";"";"";"";"";"";"";"0";"CHEMBL5166188";"Activation of human 20S proteosome at trypsin-like site assessed as maximum fold change in substrate degradation using Boc-LLR-AMC as flurogenic substrate preincubated for 15 mins followed by substrate addition and measured after 1 hr by spectrometric analysis relative to control";"B";"BAO_0000223";"protein complex format";"Homo sapiens";"None";"None";"None";"None";"";"";"";"CHEMBL3831201";"20S proteasome";"Homo sapiens";"PROTEIN COMPLEX GROUP";"CHEMBL5154893";"1";"Scientific Literature";"J Med Chem";"2022";"None";"TIME = 0.25 hr";"ACTIVATOR";"";"15.0"
"CHEMBL5200556";"";"None";"423.97";"1";"7.10";"3";"CC(C)(C)OC(=O)c1ccc(CN2c3ccccc3Sc3ccc(Cl)cc32)cc1";"EC200";"'>'";"80.0";"uM";"";"";"";"UO_0000064";"";"";"";"";"0";"CHEMBL5166185";"Activation of human 20S proteosome at caspase-like site assessed as substrate degradation using Z-LLE-AMC as flurogenic substrate preincubated for 15 mins followed by substrate addition and measured after 1 hr by spectrometric analysis";"B";"BAO_0000223";"protein complex format";"Homo sapiens";"None";"None";"None";"None";"";"";"";"CHEMBL3831201";"20S proteasome";"Homo sapiens";"PROTEIN COMPLEX GROUP";"CHEMBL5154893";"1";"Scientific Literature";"J Med Chem";"2022";"None";"TIME = 0.25 hr";"";"";"80.0"
"CHEMBL5198457";"";"None";"338.86";"1";"5.73";"9";"Nc1cccc(CN2c3ccccc3Sc3ccc(Cl)cc32)c1";"FC";"'='";"10.0";"";"";"";"";"";"";"";"";"";"0";"CHEMBL5166188";"Activation of human 20S proteosome at trypsin-like site assessed as maximum fold change in substrate degradation using Boc-LLR-AMC as flurogenic substrate preincubated for 15 mins followed by substrate addition and measured after 1 hr by spectrometric analysis relative to control";"B";"BAO_0000223";"protein complex format";"Homo sapiens";"None";"None";"None";"None";"";"";"";"CHEMBL3831201";"20S proteasome";"Homo sapiens";"PROTEIN COMPLEX GROUP";"CHEMBL5154893";"1";"Scientific Literature";"J Med Chem";"2022";"None";"TIME = 0.25 hr";"ACTIVATOR";"";"10.0"
"CHEMBL5198457";"";"None";"338.86";"1";"5.73";"9";"Nc1cccc(CN2c3ccccc3Sc3ccc(Cl)cc32)c1";"EC200";"'='";"6.5";"uM";"";"";"";"UO_0000064";"";"";"";"";"0";"CHEMBL5166189";"Activation of human 20S proteosome at chymotrypsin like site assessed as substrate degradation using Suc-LLVY-AMC as flurogenic substrate preincubated for 15 mins followed by substrate addition and measured after 1 hr by spectrometric analysis";"B";"BAO_0000223";"protein complex format";"Homo sapiens";"None";"None";"None";"None";"";"";"";"CHEMBL3831201";"20S proteasome";"Homo sapiens";"PROTEIN COMPLEX GROUP";"CHEMBL5154893";"1";"Scientific Literature";"J Med Chem";"2022";"None";"TIME = 0.25 hr";"ACTIVATOR";"";"6.5"
"CHEMBL5195093";"";"None";"339.85";"1";"5.85";"8";"Oc1ccc(CN2c3ccccc3Sc3ccc(Cl)cc32)cc1";"EC200";"'>'";"80.0";"uM";"";"";"";"UO_0000064";"";"";"";"";"0";"CHEMBL5166183";"Activation of human 20S proteosome assessed as substrate degradation using Suc-LLVY-AMC/Z-LLE-AMC/Boc-LLR-AMC as flurogenic substrate preincubated for 15 mins followed by substrate addition and measured after 1 hr by spectrometric analysis";"B";"BAO_0000223";"protein complex format";"Homo sapiens";"None";"None";"None";"None";"";"";"";"CHEMBL3831201";"20S proteasome";"Homo sapiens";"PROTEIN COMPLEX GROUP";"CHEMBL5154893";"1";"Scientific Literature";"J Med Chem";"2022";"None";"TIME = 0.25 hr";"";"";"80.0"
"CHEMBL5206894";"";"None";"323.85";"1";"6.14";"1";"Clc1ccc2c(c1)N(Cc1ccccc1)c1ccccc1S2";"FC";"'='";"2.0";"";"";"";"";"";"";"";"";"";"0";"CHEMBL5166184";"Activation of human 20S proteosome assessed as maximum fold change in substrate degradation using Suc-LLVY-AMC/Z-LLE-AMC/Boc-LLR-AMC as flurogenic substrate preincubated for 15 mins followed by substrate addition and measured after 1 hr by spectrometric analysis relative to control";"B";"BAO_0000223";"protein complex format";"Homo sapiens";"None";"None";"None";"None";"";"";"";"CHEMBL3831201";"20S proteasome";"Homo sapiens";"PROTEIN COMPLEX GROUP";"CHEMBL5154893";"1";"Scientific Literature";"J Med Chem";"2022";"None";"TIME = 0.25 hr";"ACTIVATOR";"";"2.0"
"CHEMBL4522493";"";"None";"1707.03";"None";"None";"7";"CC(C)C[C@H](NC(=O)[C@H](Cc1ccc(O)cc1)NC(=O)[C@@H]1CCCN1C(=O)[C@@H]1CCCN1C(=O)[C@H](CCCNC(=N)N)NC(=O)[C@@H]1CCCN1C(=O)[C@H](CCCNC(=N)N)NC(=O)[C@H](CCCNC(=N)N)NC(=O)[C@@H](N)CCCNC(=N)N)C(=O)N1CCC[C@H]1C(=O)N[C@@H](CCCNC(=N)N)C(=O)N[C@@H](Cc1c[nH]c2ccccc12)C(=O)NCC(=O)O";"Activity";"";"";"";"";"";"";"";"";"";"";"";"0";"CHEMBL4371818";"Negative allosteric modulation of SDS-activated human erythrocytes 20S proteasome assessed as reduction in human alpha-synuclein degradation at 1 uM after 1 hr by SDS-PAGE analysis";"B";"BAO_0000019";"assay format";"Homo sapiens";"None";"None";"None";"None";"";"";"";"CHEMBL3831201";"20S proteasome";"Homo sapiens";"PROTEIN COMPLEX GROUP";"CHEMBL4371016";"1";"Scientific Literature";"J Med Chem";"2019";"None";"";"";"Active";""
"CHEMBL4453411";"";"None";"1222.46";"None";"None";"1";"CC(C)C[C@H](NC(=O)[C@@H]1CCCN1C(=O)[C@@H]1CCCN1C(=O)[C@@H]1CCCN1C(=O)[C@@H]1CCCN1C(=O)[C@H](CCCNC(=N)N)NC(=O)[C@H](CCCNC(=N)N)NC(=O)[C@@H](N)CCCNC(=N)N)C(=O)N[C@@H](Cc1ccc(O)cc1)C(=O)N[C@@H](C)C(=O)O";"Activity";"";"";"";"";"";"";"";"";"";"";"";"0";"CHEMBL4371819";"Negative allosteric modulation of SDS-activated human erythrocytes 20S proteasome assessed as reduction in human alpha-synuclein degradation at 10 uM after 1 hr by SDS-PAGE analysis";"B";"BAO_0000019";"assay format";"Homo sapiens";"None";"None";"None";"None";"";"";"";"CHEMBL3831201";"20S proteasome";"Homo sapiens";"PROTEIN COMPLEX GROUP";"CHEMBL4371016";"1";"Scientific Literature";"J Med Chem";"2019";"None";"";"";"Active";""
"CHEMBL4587036";"";"None";"2096.53";"None";"None";"Tat-A";"CC(=O)N[C@@H](Cc1ccc(O)cc1)C(=O)NCC(=O)N[C@@H](CCCNC(=N)N)C(=O)N[C@@H](CCCCN)C(=O)N[C@@H](CCCCN)C(=O)N[C@@H](CCCNC(=N)N)C(=O)N[C@@H](CCCNC(=N)N)C(=O)N[C@@H](CCC(N)=O)C(=O)N[C@@H](CCCNC(=N)N)C(=O)N[C@@H](CCCNC(=N)N)C(=O)N[C@@H](CCCNC(=N)N)C(=O)NCC(=O)NCC(=O)NCC(=O)N[C@@H](CC(C)C)C(=O)N[C@@H](CC(C)C)C(=O)N[C@H](C=O)CC(C)C";"IC50";"'='";"2.5";"nM";"8.60";"";"";"UO_0000065";"4.10";"None";"None";"None";"0";"CHEMBL4357205";"Inhibition of human 20S proteasome using Suc-LLVY-AMC as substrate measured every 5 mins for 120 mins by fluorescence based assay";"B";"BAO_0000223";"protein complex format";"Homo sapiens";"None";"None";"None";"None";"";"";"";"CHEMBL3831201";"20S proteasome";"Homo sapiens";"PROTEIN COMPLEX GROUP";"CHEMBL4354831";"1";"Scientific Literature";"J Med Chem";"2020";"None";"";"";"";"2.5"
"CHEMBL4581126";"";"None";"2293.72";"None";"None";"Tat-B";"CC(=O)N[C@@H](Cc1ccc(O)cc1)C(=O)NCC(=O)N[C@@H](CCCNC(=N)N)C(=O)N[C@@H](CCCCN)C(=O)N[C@@H](CCCCN)C(=O)N[C@@H](CCCNC(=N)N)C(=O)N[C@@H](CCCNC(=N)N)C(=O)N[C@@H](CCC(N)=O)C(=O)N[C@@H](CCCNC(=N)N)C(=O)N[C@@H](CCCNC(=N)N)C(=O)N[C@@H](CCCNC(=N)N)C(=O)NCC(=O)NCC(=O)NCC(=O)N[C@@H](Cc1ccc(O)cc1)C(=O)N[C@@H](CC(C)C)C(=O)N[C@@H](Cc1ccccc1)C(=O)N[C@H](C=O)CC(C)C";"Inhibition";"";"";"%";"";"";"";"UO_0000187";"";"";"";"";"0";"CHEMBL4357207";"Inhibition of 20S proteasome in human BE(2)-C cells at 2xIC50 using LLVY-R110 peptide as substrate measured up to 36 hrs by fluorescence based assay";"B";"BAO_0000219";"cell-based format";"Homo sapiens";"None";"None";"None";"None";"";"";"";"CHEMBL3831201";"20S proteasome";"Homo sapiens";"PROTEIN COMPLEX GROUP";"CHEMBL4354831";"1";"Scientific Literature";"J Med Chem";"2020";"None";"";"";"Active";""
"CHEMBL4522493";"";"None";"1707.03";"None";"None";"7";"CC(C)C[C@H](NC(=O)[C@H](Cc1ccc(O)cc1)NC(=O)[C@@H]1CCCN1C(=O)[C@@H]1CCCN1C(=O)[C@H](CCCNC(=N)N)NC(=O)[C@@H]1CCCN1C(=O)[C@H](CCCNC(=N)N)NC(=O)[C@H](CCCNC(=N)N)NC(=O)[C@@H](N)CCCNC(=N)N)C(=O)N1CCC[C@H]1C(=O)N[C@@H](CCCNC(=N)N)C(=O)N[C@@H](Cc1c[nH]c2ccccc12)C(=O)NCC(=O)O";"Activity";"";"";"";"";"";"";"";"";"";"";"";"0";"CHEMBL4371819";"Negative allosteric modulation of SDS-activated human erythrocytes 20S proteasome assessed as reduction in human alpha-synuclein degradation at 10 uM after 1 hr by SDS-PAGE analysis";"B";"BAO_0000019";"assay format";"Homo sapiens";"None";"None";"None";"None";"";"";"";"CHEMBL3831201";"20S proteasome";"Homo sapiens";"PROTEIN COMPLEX GROUP";"CHEMBL4371016";"1";"Scientific Literature";"J Med Chem";"2019";"None";"";"";"Active";""
"CHEMBL4542373";"";"None";"669.85";"1";"2.93";"11i";"CC(C)C[C@H](NC(=O)N1CCC(C(=O)Nc2nncs2)CC1)C(=O)N[C@@H](Cc1ccccc1)C(=O)N[C@@H](CC(C)C)C(=O)[C@@]1(C)CO1";"IC50";"'='";"4.6";"nM";"8.34";"";"";"UO_0000065";"12.45";"0.24";"5.41";"4.76";"0";"CHEMBL4423848";"Inhibition of human 20S proteasome preincubated for 15 mins followed by substrate addition";"B";"BAO_0000223";"protein complex format";"Homo sapiens";"None";"None";"None";"None";"";"";"";"CHEMBL3831201";"20S proteasome";"Homo sapiens";"PROTEIN COMPLEX GROUP";"CHEMBL4422641";"1";"Scientific Literature";"Eur J Med Chem";"2019";"None";"";"";"";"4.6"
"CHEMBL5184789";"";"None";"710.88";"1";"3.46";"26";"CC(C)(C)CNC(=O)C[C@H](NC(=O)N1CCC(C(=O)Nc2cnccn2)CC1)C(=O)N[C@@H](CCc1ccccc1)C(=O)N1CCc2ccccc2C1";"IC50";"'>'";"10000.0";"nM";"";"";"";"UO_0000065";"";"";"";"";"0";"CHEMBL5159800";"Inhibition of chymotrypsin-like activity of human 20S proteasome using Suc-Leu Leu-Val-Tyr-AMC as substrate preincubated for 15 mins followed by substrate addition measured by fluorescence assay";"B";"BAO_0000223";"protein complex format";"Homo sapiens";"None";"None";"None";"None";"";"";"";"CHEMBL3831201";"20S proteasome";"Homo sapiens";"PROTEIN COMPLEX GROUP";"CHEMBL5154760";"1";"Scientific Literature";"Eur J Med Chem";"2022";"None";"TIME = 0.25 hr";"";"";"10000.0"
"CHEMBL5172645";"";"None";"763.00";"2";"5.62";"47";"CC(C)(C)CNC(=O)C[C@H](NC(=O)N1CCC(C(=O)N2CCCc3ccccc32)CC1)C(=O)N[C@@H](CCc1ccccc1)C(=O)N[C@@H]1CCCc2ccccc21";"IC50";"'='";"8.09";"nM";"8.09";"";"";"UO_0000065";"10.61";"0.20";"2.47";"5.78";"0";"CHEMBL5159800";"Inhibition of chymotrypsin-like activity of human 20S proteasome using Suc-Leu Leu-Val-Tyr-AMC as substrate preincubated for 15 mins followed by substrate addition measured by fluorescence assay";"B";"BAO_0000223";"protein complex format";"Homo sapiens";"None";"None";"None";"None";"";"";"";"CHEMBL3831201";"20S proteasome";"Homo sapiens";"PROTEIN COMPLEX GROUP";"CHEMBL5154760";"1";"Scientific Literature";"Eur J Med Chem";"2022";"None";"TIME = 0.25 hr";"INHIBITOR";"";"8.09"
"CHEMBL5413290";"";"None";"402.45";"0";"2.46";"6";"CN(C(=O)c1ccc(=O)n(Cc2ccccc2)n1)c1cccc(C(=O)NC2CC2)c1";"IC50";"'>'";"100000.0";"nM";"";"";"";"UO_0000065";"";"";"";"";"0";"CHEMBL5352349";"Inhibition of chymotrypsin like activity in human proteasome using Suc-LLVY-Rho-110-D-Proline peptide as substrate preincubated for 10 mins followed by substrate addition and measured for 30 mins by fluorescence based microplate reader analysis";"B";"BAO_0000223";"protein complex format";"Homo sapiens";"None";"None";"None";"None";"";"";"";"CHEMBL3831201";"20S proteasome";"Homo sapiens";"PROTEIN COMPLEX GROUP";"CHEMBL5346981";"1";"Scientific Literature";"J Med Chem";"2023";"None";"TIME = 0.6667 hr";"";"";"4.0"
"CHEMBL5435525";"";"None";"406.42";"0";"2.58";"9";"O=C(Nc1ccc(F)c(C(=O)NC2CC2)c1)c1ccc(=O)n(Cc2ccccc2)n1";"IC50";"'>'";"100000.0";"nM";"";"";"";"UO_0000065";"";"";"";"";"0";"CHEMBL5352349";"Inhibition of chymotrypsin like activity in human proteasome using Suc-LLVY-Rho-110-D-Proline peptide as substrate preincubated for 10 mins followed by substrate addition and measured for 30 mins by fluorescence based microplate reader analysis";"B";"BAO_0000223";"protein complex format";"Homo sapiens";"None";"None";"None";"None";"";"";"";"CHEMBL3831201";"20S proteasome";"Homo sapiens";"PROTEIN COMPLEX GROUP";"CHEMBL5346981";"1";"Scientific Literature";"J Med Chem";"2023";"None";"TIME = 0.6667 hr";"";"";"4.0"
"CHEMBL5416558";"";"None";"406.42";"0";"2.58";"10";"O=C(NC1CC1)c1ccc(F)c(NC(=O)c2ccc(=O)n(Cc3ccccc3)n2)c1";"IC50";"'>'";"100000.0";"nM";"";"";"";"UO_0000065";"";"";"";"";"0";"CHEMBL5352349";"Inhibition of chymotrypsin like activity in human proteasome using Suc-LLVY-Rho-110-D-Proline peptide as substrate preincubated for 10 mins followed by substrate addition and measured for 30 mins by fluorescence based microplate reader analysis";"B";"BAO_0000223";"protein complex format";"Homo sapiens";"None";"None";"None";"None";"";"";"";"CHEMBL3831201";"20S proteasome";"Homo sapiens";"PROTEIN COMPLEX GROUP";"CHEMBL5346981";"1";"Scientific Literature";"J Med Chem";"2023";"None";"TIME = 0.6667 hr";"";"";"4.0"
"CHEMBL5416934";"";"None";"436.44";"0";"2.58";"13";"COc1cccc(Cn2nc(C(=O)Nc3ccc(F)c(C(=O)NC4CC4)c3)ccc2=O)c1";"IC50";"'>'";"100000.0";"nM";"";"";"";"UO_0000065";"";"";"";"";"0";"CHEMBL5352349";"Inhibition of chymotrypsin like activity in human proteasome using Suc-LLVY-Rho-110-D-Proline peptide as substrate preincubated for 10 mins followed by substrate addition and measured for 30 mins by fluorescence based microplate reader analysis";"B";"BAO_0000223";"protein complex format";"Homo sapiens";"None";"None";"None";"None";"";"";"";"CHEMBL3831201";"20S proteasome";"Homo sapiens";"PROTEIN COMPLEX GROUP";"CHEMBL5346981";"1";"Scientific Literature";"J Med Chem";"2023";"None";"TIME = 0.6667 hr";"";"";"4.0"
"CHEMBL71";"CHLORPROMAZINE";"4.0";"318.87";"0";"4.89";"CPZ";"CN(C)CCCN1c2ccccc2Sc2ccc(Cl)cc21";"FC";"'='";"8.0";"";"";"";"";"";"";"";"";"";"0";"CHEMBL5166190";"Activation of human 20S proteosome at chymotrypsin like site assessed as maximum fold change in substrate degradation using Suc-LLVY-AMC as flurogenic substrate preincubated for 15 mins followed by substrate addition and measured after 1 hr by spectrometric analysis relative to control";"B";"BAO_0000223";"protein complex format";"Homo sapiens";"None";"None";"None";"None";"";"";"";"CHEMBL3831201";"20S proteasome";"Homo sapiens";"PROTEIN COMPLEX GROUP";"CHEMBL5154893";"1";"Scientific Literature";"J Med Chem";"2022";"None";"TIME = 0.25 hr";"ACTIVATOR";"";"8.0"
"CHEMBL71";"CHLORPROMAZINE";"4.0";"318.87";"0";"4.89";"CPZ";"CN(C)CCCN1c2ccccc2Sc2ccc(Cl)cc21";"EC200";"'>'";"80.0";"uM";"";"";"";"UO_0000064";"";"";"";"";"0";"CHEMBL5166185";"Activation of human 20S proteosome at caspase-like site assessed as substrate degradation using Z-LLE-AMC as flurogenic substrate preincubated for 15 mins followed by substrate addition and measured after 1 hr by spectrometric analysis";"B";"BAO_0000223";"protein complex format";"Homo sapiens";"None";"None";"None";"None";"";"";"";"CHEMBL3831201";"20S proteasome";"Homo sapiens";"PROTEIN COMPLEX GROUP";"CHEMBL5154893";"1";"Scientific Literature";"J Med Chem";"2022";"None";"TIME = 0.25 hr";"";"";"80.0"
"CHEMBL5195093";"";"None";"339.85";"1";"5.85";"8";"Oc1ccc(CN2c3ccccc3Sc3ccc(Cl)cc32)cc1";"EC200";"'>'";"80.0";"uM";"";"";"";"UO_0000064";"";"";"";"";"0";"CHEMBL5166185";"Activation of human 20S proteosome at caspase-like site assessed as substrate degradation using Z-LLE-AMC as flurogenic substrate preincubated for 15 mins followed by substrate addition and measured after 1 hr by spectrometric analysis";"B";"BAO_0000223";"protein complex format";"Homo sapiens";"None";"None";"None";"None";"";"";"";"CHEMBL3831201";"20S proteasome";"Homo sapiens";"PROTEIN COMPLEX GROUP";"CHEMBL5154893";"1";"Scientific Literature";"J Med Chem";"2022";"None";"TIME = 0.25 hr";"";"";"80.0"
"CHEMBL5193289";"";"None";"368.85";"1";"6.05";"7";"O=[N+]([O-])c1cccc(CN2c3ccccc3Sc3ccc(Cl)cc32)c1";"FC";"'='";"12.0";"";"";"";"";"";"";"";"";"";"0";"CHEMBL5166186";"Activation of human 20S proteosome at caspase-like site assessed as maximum fold change in substrate degradation using Z-LLE-AMC as flurogenic substrate preincubated for 15 mins followed by substrate addition and measured after 1 hr by spectrometric analysis relative to control";"B";"BAO_0000223";"protein complex format";"Homo sapiens";"None";"None";"None";"None";"";"";"";"CHEMBL3831201";"20S proteasome";"Homo sapiens";"PROTEIN COMPLEX GROUP";"CHEMBL5154893";"1";"Scientific Literature";"J Med Chem";"2022";"None";"TIME = 0.25 hr";"ACTIVATOR";"";"12.0"
"CHEMBL5198457";"";"None";"338.86";"1";"5.73";"9";"Nc1cccc(CN2c3ccccc3Sc3ccc(Cl)cc32)c1";"FC";"'='";"10.0";"";"";"";"";"";"";"";"";"";"0";"CHEMBL5166186";"Activation of human 20S proteosome at caspase-like site assessed as maximum fold change in substrate degradation using Z-LLE-AMC as flurogenic substrate preincubated for 15 mins followed by substrate addition and measured after 1 hr by spectrometric analysis relative to control";"B";"BAO_0000223";"protein complex format";"Homo sapiens";"None";"None";"None";"None";"";"";"";"CHEMBL3831201";"20S proteasome";"Homo sapiens";"PROTEIN COMPLEX GROUP";"CHEMBL5154893";"1";"Scientific Literature";"J Med Chem";"2022";"None";"TIME = 0.25 hr";"ACTIVATOR";"";"10.0"
"CHEMBL5406440";"";"None";"449.94";"None";"None";"18c";"CC(C)C[C@H](NC(=O)CNC(=O)c1cc(Br)ccc1Br)B(O)O";"IC50";"'='";"4.0";"nM";"8.40";"";"";"UO_0000065";"18.66";"None";"None";"None";"0";"CHEMBL5388152";"Inhibition of human 20S proteasome chymotrypsin-like activity using Suc-Leu-Leu-Val-Tyr-AMC as fluorogenic peptide pre-incubated for 10 mins with compound followed by substrate addition for 60 mins by spectrofluorimetric analysis";"B";"BAO_0000223";"protein complex format";"Homo sapiens";"None";"None";"None";"None";"";"";"";"CHEMBL3831201";"20S proteasome";"Homo sapiens";"PROTEIN COMPLEX GROUP";"CHEMBL5385891";"1";"Scientific Literature";"Eur J Med Chem";"2023";"None";"TIME = 1.167 hr";"INHIBITOR";"";"4.0"
"CHEMBL5429323";"";"None";"428.14";"None";"None";"18e";"CC(C)C[C@H](NC(=O)CNC(=O)c1cc(C(F)(F)F)ccc1C(F)(F)F)B(O)O";"IC50";"'='";"5.2";"nM";"8.28";"";"";"UO_0000065";"19.35";"None";"None";"None";"0";"CHEMBL5388152";"Inhibition of human 20S proteasome chymotrypsin-like activity using Suc-Leu-Leu-Val-Tyr-AMC as fluorogenic peptide pre-incubated for 10 mins with compound followed by substrate addition for 60 mins by spectrofluorimetric analysis";"B";"BAO_0000223";"protein complex format";"Homo sapiens";"None";"None";"None";"None";"";"";"";"CHEMBL3831201";"20S proteasome";"Homo sapiens";"PROTEIN COMPLEX GROUP";"CHEMBL5385891";"1";"Scientific Literature";"Eur J Med Chem";"2023";"None";"TIME = 1.167 hr";"INHIBITOR";"";"5.2"
"CHEMBL5419917";"";"None";"634.38";"None";"None";"18u";"CC(C)C[C@H](NC(=O)C(CC1CC1)NC(=O)c1cc(C(F)(F)F)ccc1C(F)(F)F)B1OC2C3OC(CC3C(=O)O)C2(C)O1";"IC50";"'='";"2.2";"nM";"8.66";"";"";"UO_0000065";"13.65";"None";"None";"None";"0";"CHEMBL5388152";"Inhibition of human 20S proteasome chymotrypsin-like activity using Suc-Leu-Leu-Val-Tyr-AMC as fluorogenic peptide pre-incubated for 10 mins with compound followed by substrate addition for 60 mins by spectrofluorimetric analysis";"B";"BAO_0000223";"protein complex format";"Homo sapiens";"None";"None";"None";"None";"";"";"";"CHEMBL3831201";"20S proteasome";"Homo sapiens";"PROTEIN COMPLEX GROUP";"CHEMBL5385891";"1";"Scientific Literature";"Eur J Med Chem";"2023";"None";"TIME = 1.167 hr";"INHIBITOR";"";"2.2"
"CHEMBL10347";"RAUWOLSCINE";"None";"354.45";"0";"2.65";"11";"COC(=O)[C@H]1[C@H]2C[C@H]3c4[nH]c5ccccc5c4CCN3C[C@H]2CC[C@@H]1O";"FC";"'<'";"3.0";"";"";"";"";"";"";"";"";"";"0";"CHEMBL5345265";"Activation of human 20S proteasome chymotrypsin-like hydrolysis activity assessed as measuring fold increase in protein activity using SucLLVY-MCA as a fluorogenic substrate at 20 uM incubated for 1 hrs by fluorescence based assay relative to DMSO";"B";"BAO_0000223";"protein complex format";"Homo sapiens";"None";"None";"None";"None";"";"";"";"CHEMBL3831201";"20S proteasome";"Homo sapiens";"PROTEIN COMPLEX GROUP";"CHEMBL5344422";"1";"Scientific Literature";"J Nat Prod";"2024";"None";"DOSE = 20.0 microM | TIME = 1.0 hr";"";"";"3.0"
"CHEMBL1399124";"SYROSINGOPINE";"2.0";"666.72";"2";"4.70";"1";"CCOC(=O)Oc1c(OC)cc(C(=O)O[C@@H]2C[C@@H]3CN4CCc5c([nH]c6cc(OC)ccc56)[C@H]4C[C@@H]3[C@H](C(=O)OC)[C@H]2OC)cc1OC";"CD";"'='";"1.0";"uM";"";"";"";"UO_0000064";"";"";"";"";"0";"CHEMBL5345268";"Activation of human 20S proteasome chymotrypsin-like hydrolysis activity assessed as concentration to doubling the protein activity using SucLLVY-MCA as a fluorogenic substrate measured after 1 hr by fluorescence based assay";"B";"BAO_0000223";"protein complex format";"Homo sapiens";"None";"None";"None";"None";"";"";"";"CHEMBL3831201";"20S proteasome";"Homo sapiens";"PROTEIN COMPLEX GROUP";"CHEMBL5344422";"1";"Scientific Literature";"J Nat Prod";"2024";"None";"TIME = 1.0 hr";"ACTIVATOR";"";"1.0"
"CHEMBL1399124";"SYROSINGOPINE";"2.0";"666.72";"2";"4.70";"1";"CCOC(=O)Oc1c(OC)cc(C(=O)O[C@@H]2C[C@@H]3CN4CCc5c([nH]c6cc(OC)ccc56)[C@H]4C[C@@H]3[C@H](C(=O)OC)[C@H]2OC)cc1OC";"FC";"'='";"9.4";"";"";"";"";"";"";"";"";"";"0";"CHEMBL5345273";"Activation of human 20S proteasome mediated caspase-like proteolytic activity assessed as maximal fold increase in protein activity using SucLLVY-MCA as a fluorogenic substrate incubated for 1 hr by fluorescence based assay";"B";"BAO_0000223";"protein complex format";"Homo sapiens";"None";"None";"None";"None";"";"";"";"CHEMBL3831201";"20S proteasome";"Homo sapiens";"PROTEIN COMPLEX GROUP";"CHEMBL5344422";"1";"Scientific Literature";"J Nat Prod";"2024";"None";"TIME = 1.0 hr";"ACTIVATOR";"";"9.4"
"CHEMBL5180908";"";"None";"353.87";"1";"6.15";"4";"COc1cccc(CN2c3ccccc3Sc3ccc(Cl)cc32)c1";"FC";"'='";"4.0";"";"";"";"";"";"";"";"";"";"0";"CHEMBL5166186";"Activation of human 20S proteosome at caspase-like site assessed as maximum fold change in substrate degradation using Z-LLE-AMC as flurogenic substrate preincubated for 15 mins followed by substrate addition and measured after 1 hr by spectrometric analysis relative to control";"B";"BAO_0000223";"protein complex format";"Homo sapiens";"None";"None";"None";"None";"";"";"";"CHEMBL3831201";"20S proteasome";"Homo sapiens";"PROTEIN COMPLEX GROUP";"CHEMBL5154893";"1";"Scientific Literature";"J Med Chem";"2022";"None";"TIME = 0.25 hr";"ACTIVATOR";"";"4.0"
"CHEMBL4574810";"";"None";"1272.48";"None";"None";"2";"C[C@H](NC(=O)[C@H](Cc1ccc(O)cc1)NC(=O)[C@H](Cc1ccc(O)cc1)NC(=O)[C@@H]1CCCN1C(=O)[C@@H]1CCCN1C(=O)[C@@H]1CCCN1C(=O)[C@@H]1CCCN1C(=O)[C@H](CCCNC(=N)N)NC(=O)[C@H](CCCNC(=N)N)NC(=O)[C@@H](N)CCCNC(=N)N)C(=O)O";"Activity";"";"";"";"";"";"";"";"";"";"";"";"0";"CHEMBL4371819";"Negative allosteric modulation of SDS-activated human erythrocytes 20S proteasome assessed as reduction in human alpha-synuclein degradation at 10 uM after 1 hr by SDS-PAGE analysis";"B";"BAO_0000019";"assay format";"Homo sapiens";"None";"None";"None";"None";"";"";"";"CHEMBL3831201";"20S proteasome";"Homo sapiens";"PROTEIN COMPLEX GROUP";"CHEMBL4371016";"1";"Scientific Literature";"J Med Chem";"2019";"None";"";"";"Active";""
"CHEMBL5393752";"";"None";"472.45";"0";"1.94";"25";"COc1ccc(Cn2nc(C(=O)Nc3ccc(F)c(C(=O)N[C@H](C)CO)c3)ccc2=O)cc1F";"IC50";"'>'";"100000.0";"nM";"";"";"";"UO_0000065";"";"";"";"";"0";"CHEMBL5352349";"Inhibition of chymotrypsin like activity in human proteasome using Suc-LLVY-Rho-110-D-Proline peptide as substrate preincubated for 10 mins followed by substrate addition and measured for 30 mins by fluorescence based microplate reader analysis";"B";"BAO_0000223";"protein complex format";"Homo sapiens";"None";"None";"None";"None";"";"";"";"CHEMBL3831201";"20S proteasome";"Homo sapiens";"PROTEIN COMPLEX GROUP";"CHEMBL5346981";"1";"Scientific Literature";"J Med Chem";"2023";"None";"TIME = 0.6667 hr";"";"";"4.0"
"CHEMBL5402894";"";"None";"436.44";"0";"2.58";"12";"COc1ccc(Cn2nc(C(=O)Nc3ccc(F)c(C(=O)NC4CC4)c3)ccc2=O)cc1";"IC50";"'>'";"100000.0";"nM";"";"";"";"UO_0000065";"";"";"";"";"0";"CHEMBL5352349";"Inhibition of chymotrypsin like activity in human proteasome using Suc-LLVY-Rho-110-D-Proline peptide as substrate preincubated for 10 mins followed by substrate addition and measured for 30 mins by fluorescence based microplate reader analysis";"B";"BAO_0000223";"protein complex format";"Homo sapiens";"None";"None";"None";"None";"";"";"";"CHEMBL3831201";"20S proteasome";"Homo sapiens";"PROTEIN COMPLEX GROUP";"CHEMBL5346981";"1";"Scientific Literature";"J Med Chem";"2023";"None";"TIME = 0.6667 hr";"";"";"4.0"
"CHEMBL5397342";"";"None";"455.42";"0";"2.12";"18";"COc1ncc(Cn2nc(C(=O)Nc3ccc(F)c(C(=O)NC4CC4)c3)ccc2=O)cc1F";"IC50";"'>'";"100000.0";"nM";"";"";"";"UO_0000065";"";"";"";"";"0";"CHEMBL5352349";"Inhibition of chymotrypsin like activity in human proteasome using Suc-LLVY-Rho-110-D-Proline peptide as substrate preincubated for 10 mins followed by substrate addition and measured for 30 mins by fluorescence based microplate reader analysis";"B";"BAO_0000223";"protein complex format";"Homo sapiens";"None";"None";"None";"None";"";"";"";"CHEMBL3831201";"20S proteasome";"Homo sapiens";"PROTEIN COMPLEX GROUP";"CHEMBL5346981";"1";"Scientific Literature";"J Med Chem";"2023";"None";"TIME = 0.6667 hr";"";"";"4.0"
"CHEMBL5416688";"";"None";"527.53";"1";"1.89";"22";"COc1ccc(Cn2nc(C(=O)Nc3ccc(F)c(C(=O)NCCN4CCOCC4)c3)ccc2=O)cc1F";"IC50";"'>'";"100000.0";"nM";"";"";"";"UO_0000065";"";"";"";"";"0";"CHEMBL5352349";"Inhibition of chymotrypsin like activity in human proteasome using Suc-LLVY-Rho-110-D-Proline peptide as substrate preincubated for 10 mins followed by substrate addition and measured for 30 mins by fluorescence based microplate reader analysis";"B";"BAO_0000223";"protein complex format";"Homo sapiens";"None";"None";"None";"None";"";"";"";"CHEMBL3831201";"20S proteasome";"Homo sapiens";"PROTEIN COMPLEX GROUP";"CHEMBL5346981";"1";"Scientific Literature";"J Med Chem";"2023";"None";"TIME = 0.6667 hr";"";"";"4.0"
"CHEMBL5411272";"";"None";"428.40";"0";"2.19";"27";"CNC(=O)c1cc(NC(=O)c2ccc(=O)n(Cc3ccc(OC)c(F)c3)n2)ccc1F";"IC50";"'>'";"100000.0";"nM";"";"";"";"UO_0000065";"";"";"";"";"0";"CHEMBL5352349";"Inhibition of chymotrypsin like activity in human proteasome using Suc-LLVY-Rho-110-D-Proline peptide as substrate preincubated for 10 mins followed by substrate addition and measured for 30 mins by fluorescence based microplate reader analysis";"B";"BAO_0000223";"protein complex format";"Homo sapiens";"None";"None";"None";"None";"";"";"";"CHEMBL3831201";"20S proteasome";"Homo sapiens";"PROTEIN COMPLEX GROUP";"CHEMBL5346981";"1";"Scientific Literature";"J Med Chem";"2023";"None";"TIME = 0.6667 hr";"";"";"4.0"
"CHEMBL5178201";"";"None";"304.80";"0";"3.82";"15";"NC(=O)CCN1c2ccccc2Sc2ccc(Cl)cc21";"EC200";"'>'";"80.0";"uM";"";"";"";"UO_0000064";"";"";"";"";"0";"CHEMBL5166183";"Activation of human 20S proteosome assessed as substrate degradation using Suc-LLVY-AMC/Z-LLE-AMC/Boc-LLR-AMC as flurogenic substrate preincubated for 15 mins followed by substrate addition and measured after 1 hr by spectrometric analysis";"B";"BAO_0000223";"protein complex format";"Homo sapiens";"None";"None";"None";"None";"";"";"";"CHEMBL3831201";"20S proteasome";"Homo sapiens";"PROTEIN COMPLEX GROUP";"CHEMBL5154893";"1";"Scientific Literature";"J Med Chem";"2022";"None";"TIME = 0.25 hr";"";"";"80.0"
"CHEMBL5177125";"";"None";"332.86";"0";"4.60";"11";"NC(=O)CCCCN1c2ccccc2Sc2ccc(Cl)cc21";"EC200";"'>'";"80.0";"uM";"";"";"";"UO_0000064";"";"";"";"";"0";"CHEMBL5166185";"Activation of human 20S proteosome at caspase-like site assessed as substrate degradation using Z-LLE-AMC as flurogenic substrate preincubated for 15 mins followed by substrate addition and measured after 1 hr by spectrometric analysis";"B";"BAO_0000223";"protein complex format";"Homo sapiens";"None";"None";"None";"None";"";"";"";"CHEMBL3831201";"20S proteasome";"Homo sapiens";"PROTEIN COMPLEX GROUP";"CHEMBL5154893";"1";"Scientific Literature";"J Med Chem";"2022";"None";"TIME = 0.25 hr";"";"";"80.0"
"CHEMBL5189747";"";"None";"314.84";"1";"5.64";"10";"N#CCCCCN1c2ccccc2Sc2ccc(Cl)cc21";"EC200";"'>'";"80.0";"uM";"";"";"";"UO_0000064";"";"";"";"";"0";"CHEMBL5166189";"Activation of human 20S proteosome at chymotrypsin like site assessed as substrate degradation using Suc-LLVY-AMC as flurogenic substrate preincubated for 15 mins followed by substrate addition and measured after 1 hr by spectrometric analysis";"B";"BAO_0000223";"protein complex format";"Homo sapiens";"None";"None";"None";"None";"";"";"";"CHEMBL3831201";"20S proteasome";"Homo sapiens";"PROTEIN COMPLEX GROUP";"CHEMBL5154893";"1";"Scientific Literature";"J Med Chem";"2022";"None";"TIME = 0.25 hr";"";"";"80.0"
"CHEMBL5193289";"";"None";"368.85";"1";"6.05";"7";"O=[N+]([O-])c1cccc(CN2c3ccccc3Sc3ccc(Cl)cc32)c1";"FC";"'='";"9.0";"";"";"";"";"";"";"";"";"";"0";"CHEMBL5166190";"Activation of human 20S proteosome at chymotrypsin like site assessed as maximum fold change in substrate degradation using Suc-LLVY-AMC as flurogenic substrate preincubated for 15 mins followed by substrate addition and measured after 1 hr by spectrometric analysis relative to control";"B";"BAO_0000223";"protein complex format";"Homo sapiens";"None";"None";"None";"None";"";"";"";"CHEMBL3831201";"20S proteasome";"Homo sapiens";"PROTEIN COMPLEX GROUP";"CHEMBL5154893";"1";"Scientific Literature";"J Med Chem";"2022";"None";"TIME = 0.25 hr";"ACTIVATOR";"";"9.0"
"CHEMBL451887";"CARFILZOMIB";"4.0";"719.92";"1";"2.58";"Carfilzomib";"CC(C)C[C@H](NC(=O)[C@H](CCc1ccccc1)NC(=O)CN1CCOCC1)C(=O)N[C@@H](Cc1ccccc1)C(=O)N[C@@H](CC(C)C)C(=O)[C@@]1(C)CO1";"Inhibition";"";"";"%";"";"";"";"UO_0000187";"";"";"";"";"0";"CHEMBL4423879";"Inhibition of human 20S proteasome at 100 nM preincubated for 30 mins followed by substrate addition relative to control";"B";"BAO_0000223";"protein complex format";"Homo sapiens";"None";"None";"None";"None";"";"";"";"CHEMBL3831201";"20S proteasome";"Homo sapiens";"PROTEIN COMPLEX GROUP";"CHEMBL4422641";"1";"Scientific Literature";"Eur J Med Chem";"2019";"None";"";"";"Active";""
"CHEMBL4541610";"";"None";"663.82";"1";"2.87";"4";"CC(C)C[C@H](NC(=O)[C@H](Cc1ccccc1)NC(=O)N1CCC(C(=O)Nc2cnccn2)CC1)C(=O)N[C@@H](CC(C)C)C(=O)[C@@]1(C)CO1";"IC50";"'='";"40.1";"nM";"7.40";"";"";"UO_0000065";"11.14";"0.21";"4.53";"4.23";"0";"CHEMBL4423848";"Inhibition of human 20S proteasome preincubated for 15 mins followed by substrate addition";"B";"BAO_0000223";"protein complex format";"Homo sapiens";"None";"None";"None";"None";"";"";"";"CHEMBL3831201";"20S proteasome";"Homo sapiens";"PROTEIN COMPLEX GROUP";"CHEMBL4422641";"1";"Scientific Literature";"Eur J Med Chem";"2019";"None";"";"";"";"40.1"
"CHEMBL4452589";"";"None";"1667.99";"None";"None";"6";"CC(C)C[C@H](NC(=O)[C@H](Cc1ccc(O)cc1)NC(=O)[C@@H]1CCCN1C(=O)[C@@H]1CCCN1C(=O)[C@H](CCCNC(=N)N)NC(=O)[C@@H]1CCCN1C(=O)[C@H](CCCNC(=N)N)NC(=O)[C@H](CCCNC(=N)N)NC(=O)[C@@H](N)CCCNC(=N)N)C(=O)N1CCC[C@H]1C(=O)N[C@@H](CCCNC(=N)N)C(=O)N[C@@H](Cc1ccccc1)C(=O)NCC(=O)O";"Activity";"";"";"";"";"";"";"";"";"";"";"";"0";"CHEMBL4371819";"Negative allosteric modulation of SDS-activated human erythrocytes 20S proteasome assessed as reduction in human alpha-synuclein degradation at 10 uM after 1 hr by SDS-PAGE analysis";"B";"BAO_0000019";"assay format";"Homo sapiens";"None";"None";"None";"None";"";"";"";"CHEMBL3831201";"20S proteasome";"Homo sapiens";"PROTEIN COMPLEX GROUP";"CHEMBL4371016";"1";"Scientific Literature";"J Med Chem";"2019";"None";"";"";"Active";""
"CHEMBL4445118";"";"None";"1249.49";"None";"None";"12";"CC(C)C[C@H](NC(=O)[C@H](Cc1ccc(O)cc1)NC(=O)[C@H](CCCNC(=N)N)NC(=O)[C@H](CCCNC(=N)N)NC(=O)[C@@H](N)CCCNC(=N)N)C(=O)N1CCC[C@H]1C(=O)N[C@@H](CCCNC(=N)N)C(=O)N[C@@H](Cc1ccc(O)cc1)C(=O)N[C@@H](C)C(N)=O";"Activity";"";"";"";"";"";"";"";"";"";"";"";"0";"CHEMBL4371820";"Negative allosteric modulation of SDS-activated human erythrocytes 20S proteasome assessed as reduction in yeast enolase degradation at 1 uM after 1 hr by SDS-PAGE analysis";"B";"BAO_0000019";"assay format";"Homo sapiens";"None";"None";"None";"None";"";"";"";"CHEMBL3831201";"20S proteasome";"Homo sapiens";"PROTEIN COMPLEX GROUP";"CHEMBL4371016";"1";"Scientific Literature";"J Med Chem";"2019";"None";"";"";"Not active";""
"CHEMBL4453411";"";"None";"1222.46";"None";"None";"1";"CC(C)C[C@H](NC(=O)[C@@H]1CCCN1C(=O)[C@@H]1CCCN1C(=O)[C@@H]1CCCN1C(=O)[C@@H]1CCCN1C(=O)[C@H](CCCNC(=N)N)NC(=O)[C@H](CCCNC(=N)N)NC(=O)[C@@H](N)CCCNC(=N)N)C(=O)N[C@@H](Cc1ccc(O)cc1)C(=O)N[C@@H](C)C(=O)O";"Activity";"";"";"";"";"";"";"";"";"";"";"";"0";"CHEMBL4371832";"Positive allosteric modulation of SDS-activated human erythrocytes 20S proteasome assessed as increase in human alpha-synuclein degradation at 1 uM after 1 hr by SDS-PAGE analysis";"B";"BAO_0000019";"assay format";"Homo sapiens";"None";"None";"None";"None";"";"";"";"CHEMBL3831201";"20S proteasome";"Homo sapiens";"PROTEIN COMPLEX GROUP";"CHEMBL4371016";"1";"Scientific Literature";"J Med Chem";"2019";"None";"";"";"Active";""
"CHEMBL4536802";"";"None";"412.30";"None";"None";"24Qf";"COc1ccc(C(=O)N[C@@H](Cc2ccccc2)C(=O)N[C@@H](CC(C)C)B(O)O)cc1";"Inhibition";"";"";"%";"";"";"";"UO_0000187";"";"";"";"";"0";"CHEMBL4404302";"Inhibition of 20S proteasome (unknown origin) pre-incubated before Suc-LLVY-AM addition and measured after 1 hr by fluorescence based assay";"B";"BAO_0000223";"protein complex format";"Homo sapiens";"None";"None";"None";"None";"";"";"";"CHEMBL3831201";"20S proteasome";"Homo sapiens";"PROTEIN COMPLEX GROUP";"CHEMBL4402562";"1";"Scientific Literature";"J Med Chem";"2020";"None";"";"";"Active";""
"CHEMBL5574128";"";"None";"658.62";"None";"None";"42l";"CC(C)C[C@H](NC(=O)[C@@H](NC(=O)c1cc(Cc2n[nH]c(=O)c3ccccc23)ccc1F)C(C)(C)C)B1O[C@@H]2C[C@@H]3C[C@@H](C3(C)C)[C@]2(C)O1";"IC50";"'='";"65.6";"nM";"7.18";"";"";"UO_0000065";"10.91";"None";"None";"None";"0";"CHEMBL5528522";"Inhibition of 20S proteasome (unknown origin) using Suv-LLVY-AMC as substrate";"B";"BAO_0000223";"protein complex format";"Homo sapiens";"None";"None";"None";"None";"";"";"";"CHEMBL3831201";"20S proteasome";"Homo sapiens";"PROTEIN COMPLEX GROUP";"CHEMBL5528008";"1";"Scientific Literature";"Eur J Med Chem";"2024";"None";"";"INHIBITOR";"";"65.6"
"CHEMBL4799057";"";"None";"374.49";"1";"6.37";"1";"c1ccc(CN2C(c3ccccc3)=Nc3ccccc3C2c2ccccc2)cc1";"FC";"'='";"4.0";"";"";"";"";"";"";"";"";"";"0";"CHEMBL4736898";"Activation of human 20S proteosome assessed as increase in 7-amino-4-methylcoumarin release at 30 uM using mixture of chymotrypsin-like Suc-LLVY-AMC, trypsin-like Boc-LRR-AMC and caspase-like Z-LLE-AM fluorogenic peptides as substrates preincubated for 15 mins followed by substrate mixture addition and measured for 1 hr by fluorescence assay relative to control";"B";"BAO_0000223";"protein complex format";"Homo sapiens";"None";"None";"None";"None";"";"";"";"CHEMBL3831201";"20S proteasome";"Homo sapiens";"PROTEIN COMPLEX GROUP";"CHEMBL4732168";"1";"Scientific Literature";"Bioorg Med Chem Lett";"2021";"None";"Dose = 30.0 microM | TIME = 1.25 hr";"ACTIVATOR";"";"4.0"
"CHEMBL4764178";"";"None";"398.55";"1";"6.76";"24";"CCCCCCN1C(c2ccccc2)=Nc2cc(OC)ccc2C1c1ccccc1";"FC";"'='";"1.6";"";"";"";"";"";"";"";"";"";"0";"CHEMBL4736898";"Activation of human 20S proteosome assessed as increase in 7-amino-4-methylcoumarin release at 30 uM using mixture of chymotrypsin-like Suc-LLVY-AMC, trypsin-like Boc-LRR-AMC and caspase-like Z-LLE-AM fluorogenic peptides as substrates preincubated for 15 mins followed by substrate mixture addition and measured for 1 hr by fluorescence assay relative to control";"B";"BAO_0000223";"protein complex format";"Homo sapiens";"None";"None";"None";"None";"";"";"";"CHEMBL3831201";"20S proteasome";"Homo sapiens";"PROTEIN COMPLEX GROUP";"CHEMBL4732168";"1";"Scientific Literature";"Bioorg Med Chem Lett";"2021";"None";"Dose = 30.0 microM | TIME = 1.25 hr";"ACTIVATOR";"";"1.6"
"CHEMBL4756982";"";"None";"425.58";"1";"5.52";"19";"COc1ccc2c(c1)N=C(c1ccccc1)N(CC1CCN(C)CC1)C2c1ccccc1";"FC";"'='";"1.2";"";"";"";"";"";"";"";"";"";"0";"CHEMBL4736898";"Activation of human 20S proteosome assessed as increase in 7-amino-4-methylcoumarin release at 30 uM using mixture of chymotrypsin-like Suc-LLVY-AMC, trypsin-like Boc-LRR-AMC and caspase-like Z-LLE-AM fluorogenic peptides as substrates preincubated for 15 mins followed by substrate mixture addition and measured for 1 hr by fluorescence assay relative to control";"B";"BAO_0000223";"protein complex format";"Homo sapiens";"None";"None";"None";"None";"";"";"";"CHEMBL3831201";"20S proteasome";"Homo sapiens";"PROTEIN COMPLEX GROUP";"CHEMBL4732168";"1";"Scientific Literature";"Bioorg Med Chem Lett";"2021";"None";"Dose = 30.0 microM | TIME = 1.25 hr";"ACTIVATOR";"";"1.2"
"CHEMBL4762988";"";"None";"390.49";"1";"6.38";"10";"COc1ccc2c(c1)N=C(c1ccccc1)N(c1ccccc1)C2c1ccccc1";"AC200";"'='";"8.1";"uM";"";"";"";"UO_0000064";"";"";"";"";"0";"CHEMBL4736903";"Activation of human 20S proteosome assessed as concentration required to cause double the proteosome activity using chymotrypsin-like Suc-LLVY-AMC fluorogenic peptide as substrate";"B";"BAO_0000223";"protein complex format";"Homo sapiens";"None";"None";"None";"None";"";"";"";"CHEMBL3831201";"20S proteasome";"Homo sapiens";"PROTEIN COMPLEX GROUP";"CHEMBL4732168";"1";"Scientific Literature";"Bioorg Med Chem Lett";"2021";"None";"";"ACTIVATOR";"";"8.1"
"CHEMBL4762988";"";"None";"390.49";"1";"6.38";"10";"COc1ccc2c(c1)N=C(c1ccccc1)N(c1ccccc1)C2c1ccccc1";"FC";"'='";"6.7";"";"";"";"";"";"";"";"";"";"0";"CHEMBL4736904";"Activation of human 20S proteosome assessed as fold increase in proteosome activity at 8.1 uM using chymotrypsin-like Suc-LLVY-AMC fluorogenic peptide as substrate by fluorescence assay relative to control";"B";"BAO_0000223";"protein complex format";"Homo sapiens";"None";"None";"None";"None";"";"";"";"CHEMBL3831201";"20S proteasome";"Homo sapiens";"PROTEIN COMPLEX GROUP";"CHEMBL4732168";"1";"Scientific Literature";"Bioorg Med Chem Lett";"2021";"None";"Dose = 8.1 microM";"ACTIVATOR";"";"6.7"
"CHEMBL4762988";"";"None";"390.49";"1";"6.38";"10";"COc1ccc2c(c1)N=C(c1ccccc1)N(c1ccccc1)C2c1ccccc1";"AC200";"'='";"2.5";"uM";"";"";"";"UO_0000064";"";"";"";"";"0";"CHEMBL4736911";"Activation of human 20S proteosome assessed as concentration required to cause double the proteosome activity using trypsin-like Boc-LRR-AMC fluorogenic peptide as substrate";"B";"BAO_0000223";"protein complex format";"Homo sapiens";"None";"None";"None";"None";"";"";"";"CHEMBL3831201";"20S proteasome";"Homo sapiens";"PROTEIN COMPLEX GROUP";"CHEMBL4732168";"1";"Scientific Literature";"Bioorg Med Chem Lett";"2021";"None";"";"ACTIVATOR";"";"2.5"
"CHEMBL325041";"BORTEZOMIB";"4.0";"384.25";"None";"None";"Bortezomib";"CC(C)C[C@H](NC(=O)[C@H](Cc1ccccc1)NC(=O)c1cnccn1)B(O)O";"Activity";"";"";"";"";"";"";"";"";"";"";"";"0";"CHEMBL4736916";"Induction of human 20S proteosome mediated human alpha-synuclein degradation at 10 uM";"B";"BAO_0000223";"protein complex format";"Homo sapiens";"None";"None";"None";"None";"";"";"";"CHEMBL3831201";"20S proteasome";"Homo sapiens";"PROTEIN COMPLEX GROUP";"CHEMBL4732168";"1";"Scientific Literature";"Bioorg Med Chem Lett";"2021";"None";"Dose = 10.0 microM";"";"Not active";""
"CHEMBL4531582";"";"None";"711.30";"1";"4.67";"9a";"CC(C)C[C@H](NC(=O)N1CCC(NC(=O)Nc2ccc(Cl)cc2)CC1)C(=O)N[C@@H](Cc1ccccc1)C(=O)N[C@@H](CC(C)C)C(=O)[C@@]1(C)CO1";"IC50";"'='";"59.9";"nM";"7.22";"";"";"UO_0000065";"10.15";"0.20";"2.55";"4.48";"0";"CHEMBL4423848";"Inhibition of human 20S proteasome preincubated for 15 mins followed by substrate addition";"B";"BAO_0000223";"protein complex format";"Homo sapiens";"None";"None";"None";"None";"";"";"";"CHEMBL3831201";"20S proteasome";"Homo sapiens";"PROTEIN COMPLEX GROUP";"CHEMBL4422641";"1";"Scientific Literature";"Eur J Med Chem";"2019";"None";"";"";"";"59.9"
"CHEMBL4580845";"";"None";"691.87";"1";"3.63";"6c";"COc1ccc(C(=O)NC2CCN(C(=O)N[C@@H](CC(C)C)C(=O)N[C@@H](Cc3ccccc3)C(=O)N[C@@H](CC(C)C)C(=O)[C@@]3(C)CO3)CC2)cc1";"IC50";"'='";"24.1";"nM";"7.62";"";"";"UO_0000065";"11.01";"0.21";"3.99";"4.81";"0";"CHEMBL4423848";"Inhibition of human 20S proteasome preincubated for 15 mins followed by substrate addition";"B";"BAO_0000223";"protein complex format";"Homo sapiens";"None";"None";"None";"None";"";"";"";"CHEMBL3831201";"20S proteasome";"Homo sapiens";"PROTEIN COMPLEX GROUP";"CHEMBL4422641";"1";"Scientific Literature";"Eur J Med Chem";"2019";"None";"";"";"";"24.1"
"CHEMBL4569571";"";"None";"663.82";"1";"2.41";"6a";"CC(C)C[C@H](NC(=O)N1CCC(NC(=O)c2cnccn2)CC1)C(=O)N[C@@H](Cc1ccccc1)C(=O)N[C@@H](CC(C)C)C(=O)[C@@]1(C)CO1";"IC50";"'='";"29.8";"nM";"7.53";"";"";"UO_0000065";"11.34";"0.21";"5.12";"4.30";"0";"CHEMBL4423848";"Inhibition of human 20S proteasome preincubated for 15 mins followed by substrate addition";"B";"BAO_0000223";"protein complex format";"Homo sapiens";"None";"None";"None";"None";"";"";"";"CHEMBL3831201";"20S proteasome";"Homo sapiens";"PROTEIN COMPLEX GROUP";"CHEMBL4422641";"1";"Scientific Literature";"Eur J Med Chem";"2019";"None";"";"";"";"29.8"
"CHEMBL4528925";"";"None";"663.82";"1";"2.87";"5";"CC(C)C[C@H](NC(=O)C1CCN(C(=O)Nc2cnccn2)CC1)C(=O)N[C@@H](Cc1ccccc1)C(=O)N[C@@H](CC(C)C)C(=O)[C@@]1(C)CO1";"IC50";"'='";"75.8";"nM";"7.12";"";"";"UO_0000065";"10.73";"0.20";"4.25";"4.07";"0";"CHEMBL4423848";"Inhibition of human 20S proteasome preincubated for 15 mins followed by substrate addition";"B";"BAO_0000223";"protein complex format";"Homo sapiens";"None";"None";"None";"None";"";"";"";"CHEMBL3831201";"20S proteasome";"Homo sapiens";"PROTEIN COMPLEX GROUP";"CHEMBL4422641";"1";"Scientific Literature";"Eur J Med Chem";"2019";"None";"";"";"";"75.8"
"CHEMBL4448845";"";"None";"648.81";"1";"2.48";"2";"CC(C)C[C@H](NC(=O)[C@H](Cc1ccccc1)NC(=O)C1CCN(C(=O)c2cnccn2)CC1)C(=O)N[C@@H](CC(C)C)C(=O)[C@@]1(C)CO1";"IC50";"";"";"";"";"";"Not Determined";"";"";"";"";"";"0";"CHEMBL4423848";"Inhibition of human 20S proteasome preincubated for 15 mins followed by substrate addition";"B";"BAO_0000223";"protein complex format";"Homo sapiens";"None";"None";"None";"None";"";"";"";"CHEMBL3831201";"20S proteasome";"Homo sapiens";"PROTEIN COMPLEX GROUP";"CHEMBL4422641";"1";"Scientific Literature";"Eur J Med Chem";"2019";"None";"";"";"";""
"CHEMBL5429067";"";"None";"734.81";"1";"2.78";"5";"CC(=O)N[C@H]1Cc2ccc([N+](=O)[O-])c(c2)Oc2ccc3c(c2)C(C[C@@H](C(=O)N[C@@H](CC(C)C)C(=O)[C@@]2(C)CO2)NC(=O)[C@H](CC(C)C)NC1=O)C(=O)N3";"Inhibition";"";"";"%";"";"";"";"UO_0000187";"";"";"";"";"0";"CHEMBL5338551";"Inhibition of human 20S proteasome trypsin-like activity using Ac-RLR-AMC as a fluorogenic substrate at 130 uM measured every 20 seconds for 10 mins by fluorescence based assay";"B";"BAO_0000223";"protein complex format";"Homo sapiens";"None";"None";"None";"None";"";"";"";"CHEMBL3831201";"20S proteasome";"Homo sapiens";"PROTEIN COMPLEX GROUP";"CHEMBL5335865";"1";"Scientific Literature";"ACS Med Chem Lett";"2024";"None";"DOSE = 130.0 microM | TIME = 0.1667 hr";"";"Not active";""
"CHEMBL5192898";"";"None";"492.98";"1";"7.98";"19";"O=C(CCN1c2ccccc2Sc2ccc(Cl)cc21)N(c1ccc(F)cc1)c1ccc(F)cc1";"FC";"'='";"9.4";"";"";"";"";"";"";"";"";"";"0";"CHEMBL5166190";"Activation of human 20S proteosome at chymotrypsin like site assessed as maximum fold change in substrate degradation using Suc-LLVY-AMC as flurogenic substrate preincubated for 15 mins followed by substrate addition and measured after 1 hr by spectrometric analysis relative to control";"B";"BAO_0000223";"protein complex format";"Homo sapiens";"None";"None";"None";"None";"";"";"";"CHEMBL3831201";"20S proteasome";"Homo sapiens";"PROTEIN COMPLEX GROUP";"CHEMBL5154893";"1";"Scientific Literature";"J Med Chem";"2022";"None";"TIME = 0.25 hr";"ACTIVATOR";"";"9.4"
"CHEMBL5170778";"";"None";"345.45";"0";"4.96";"2";"Cc1ccc2nc(C(=O)NC3CCCC3)cc(Nc3ccccc3)c2c1";"IC50";"'>'";"10000.0";"nM";"";"";"";"UO_0000065";"";"";"";"";"0";"CHEMBL5130423";"Inhibition of human 20s proteasome";"B";"BAO_0000223";"protein complex format";"Homo sapiens";"None";"None";"None";"None";"";"";"";"CHEMBL3831201";"20S proteasome";"Homo sapiens";"PROTEIN COMPLEX GROUP";"CHEMBL5126622";"1";"Scientific Literature";"J Med Chem";"2022";"None";"";"";"";"10000.0"
"CHEMBL4874606";"";"None";"529.62";"1";"0.15";"19";"COC[C@H](NC(=O)c1cnccn1)C(=O)N[C@@H](CSC)C(=O)N[C@@H](Cc1ccccc1)C(=O)[C@@]1(C)CO1";"IC50";"'='";"1275.0";"nM";"5.89";"";"";"UO_0000065";"11.13";"0.22";"5.74";"3.88";"0";"CHEMBL4822825";"Inhibition of chymotrypsin-like activity of human 20S proteasome using Suc-Leu-Leu-Val-Tyr-AMC as substrate preincubated for 10 mins followed by substrate addition measured after 1 hr by fluorescence based spectrofluorimeter assay";"B";"BAO_0000223";"protein complex format";"Homo sapiens";"None";"None";"None";"None";"";"";"";"CHEMBL3831201";"20S proteasome";"Homo sapiens";"PROTEIN COMPLEX GROUP";"CHEMBL4819132";"1";"Scientific Literature";"Bioorg Med Chem";"2021";"None";"TIME = 0.1667 hr";"INHIBITOR";"";"1275.0"
"CHEMBL4762528";"";"None";"404.51";"1";"6.38";"2";"COc1ccc2c(c1)N=C(c1ccccc1)N(Cc1ccccc1)C2c1ccccc1";"AC200";"'='";"5.6";"uM";"";"";"";"UO_0000064";"";"";"";"";"0";"CHEMBL4736907";"Activation of human 20S proteosome assessed as concentration required to cause double the proteosome activity using caspase-like Z-LLE-AM fluorogenic peptide as substrate";"B";"BAO_0000223";"protein complex format";"Homo sapiens";"None";"None";"None";"None";"";"";"";"CHEMBL3831201";"20S proteasome";"Homo sapiens";"PROTEIN COMPLEX GROUP";"CHEMBL4732168";"1";"Scientific Literature";"Bioorg Med Chem Lett";"2021";"None";"";"ACTIVATOR";"";"5.6"
"CHEMBL5182203";"";"None";"381.88";"1";"6.07";"6";"CC(=O)Oc1ccc(CN2c3ccccc3Sc3ccc(Cl)cc32)cc1";"EC200";"'>'";"80.0";"uM";"";"";"";"UO_0000064";"";"";"";"";"0";"CHEMBL5166185";"Activation of human 20S proteosome at caspase-like site assessed as substrate degradation using Z-LLE-AMC as flurogenic substrate preincubated for 15 mins followed by substrate addition and measured after 1 hr by spectrometric analysis";"B";"BAO_0000223";"protein complex format";"Homo sapiens";"None";"None";"None";"None";"";"";"";"CHEMBL3831201";"20S proteasome";"Homo sapiens";"PROTEIN COMPLEX GROUP";"CHEMBL5154893";"1";"Scientific Literature";"J Med Chem";"2022";"None";"TIME = 0.25 hr";"";"";"80.0"
"CHEMBL4581126";"";"None";"2293.72";"None";"None";"Tat-B";"CC(=O)N[C@@H](Cc1ccc(O)cc1)C(=O)NCC(=O)N[C@@H](CCCNC(=N)N)C(=O)N[C@@H](CCCCN)C(=O)N[C@@H](CCCCN)C(=O)N[C@@H](CCCNC(=N)N)C(=O)N[C@@H](CCCNC(=N)N)C(=O)N[C@@H](CCC(N)=O)C(=O)N[C@@H](CCCNC(=N)N)C(=O)N[C@@H](CCCNC(=N)N)C(=O)N[C@@H](CCCNC(=N)N)C(=O)NCC(=O)NCC(=O)NCC(=O)N[C@@H](Cc1ccc(O)cc1)C(=O)N[C@@H](CC(C)C)C(=O)N[C@@H](Cc1ccccc1)C(=O)N[C@H](C=O)CC(C)C";"Inhibition";"";"";"%";"";"";"";"UO_0000187";"";"";"";"";"0";"CHEMBL4357206";"Inhibition of 20S proteasome in human HeLa cells at 2xIC50 using LLVY-R110 peptide as substrate measured up to 36 hrs by fluorescence based assay";"B";"BAO_0000219";"cell-based format";"Homo sapiens";"None";"None";"HeLa";"None";"";"";"";"CHEMBL3831201";"20S proteasome";"Homo sapiens";"PROTEIN COMPLEX GROUP";"CHEMBL4354831";"1";"Scientific Literature";"J Med Chem";"2020";"CHEMBL3308376";"";"";"Active";""
"CHEMBL4435814";"";"None";"652.79";"1";"3.07";"11g";"CC(C)C[C@H](NC(=O)N1CCC(C(=O)Nc2ccon2)CC1)C(=O)N[C@@H](Cc1ccccc1)C(=O)N[C@@H](CC(C)C)C(=O)[C@@]1(C)CO1";"IC50";"'='";"6.4";"nM";"8.19";"";"";"UO_0000065";"12.55";"0.24";"5.12";"4.67";"0";"CHEMBL4423848";"Inhibition of human 20S proteasome preincubated for 15 mins followed by substrate addition";"B";"BAO_0000223";"protein complex format";"Homo sapiens";"None";"None";"None";"None";"";"";"";"CHEMBL3831201";"20S proteasome";"Homo sapiens";"PROTEIN COMPLEX GROUP";"CHEMBL4422641";"1";"Scientific Literature";"Eur J Med Chem";"2019";"None";"";"";"";"6.4"
"CHEMBL4557130";"";"None";"691.87";"1";"4.09";"7b";"COc1ccc(NC(=O)N2CCC(C(=O)N[C@@H](CC(C)C)C(=O)N[C@@H](Cc3ccccc3)C(=O)N[C@@H](CC(C)C)C(=O)[C@@]3(C)CO3)CC2)cc1";"IC50";"'='";"16.7";"nM";"7.78";"";"";"UO_0000065";"11.24";"0.21";"3.69";"4.91";"0";"CHEMBL4423848";"Inhibition of human 20S proteasome preincubated for 15 mins followed by substrate addition";"B";"BAO_0000223";"protein complex format";"Homo sapiens";"None";"None";"None";"None";"";"";"";"CHEMBL3831201";"20S proteasome";"Homo sapiens";"PROTEIN COMPLEX GROUP";"CHEMBL4422641";"1";"Scientific Literature";"Eur J Med Chem";"2019";"None";"";"";"";"16.7"
"CHEMBL4578081";"";"None";"696.29";"1";"4.73";"7a";"CC(C)C[C@H](NC(=O)C1CCN(C(=O)Nc2ccc(Cl)cc2)CC1)C(=O)N[C@@H](Cc1ccccc1)C(=O)N[C@@H](CC(C)C)C(=O)[C@@]1(C)CO1";"IC50";"'='";"13.7";"nM";"7.86";"";"";"UO_0000065";"11.29";"0.22";"3.13";"5.27";"0";"CHEMBL4423848";"Inhibition of human 20S proteasome preincubated for 15 mins followed by substrate addition";"B";"BAO_0000223";"protein complex format";"Homo sapiens";"None";"None";"None";"None";"";"";"";"CHEMBL3831201";"20S proteasome";"Homo sapiens";"PROTEIN COMPLEX GROUP";"CHEMBL4422641";"1";"Scientific Literature";"Eur J Med Chem";"2019";"None";"";"";"";"13.7"
"CHEMBL4545717";"";"None";"649.79";"1";"1.98";"3";"CC(C)C[C@H](NC(=O)[C@H](Cc1ccccc1)NC(=O)N1CCN(C(=O)c2cnccn2)CC1)C(=O)N[C@@H](CC(C)C)C(=O)[C@@]1(C)CO1";"IC50";"";"";"";"";"";"Not Determined";"";"";"";"";"";"0";"CHEMBL4423848";"Inhibition of human 20S proteasome preincubated for 15 mins followed by substrate addition";"B";"BAO_0000223";"protein complex format";"Homo sapiens";"None";"None";"None";"None";"";"";"";"CHEMBL3831201";"20S proteasome";"Homo sapiens";"PROTEIN COMPLEX GROUP";"CHEMBL4422641";"1";"Scientific Literature";"Eur J Med Chem";"2019";"None";"";"";"";""
"CHEMBL5171225";"";"None";"723.92";"1";"4.67";"31";"CC(C)(C)CNC(=O)C[C@H](NC(=O)N1CCC(C(=O)Nc2cccnc2)CC1)C(=O)N[C@@H](CCc1ccccc1)C(=O)N[C@@H]1CCCc2ccccc21";"IC50";"'='";"4.03";"nM";"8.39";"";"";"UO_0000065";"11.60";"0.22";"3.72";"5.19";"0";"CHEMBL5159800";"Inhibition of chymotrypsin-like activity of human 20S proteasome using Suc-Leu Leu-Val-Tyr-AMC as substrate preincubated for 15 mins followed by substrate addition measured by fluorescence assay";"B";"BAO_0000223";"protein complex format";"Homo sapiens";"None";"None";"None";"None";"";"";"";"CHEMBL3831201";"20S proteasome";"Homo sapiens";"PROTEIN COMPLEX GROUP";"CHEMBL5154760";"1";"Scientific Literature";"Eur J Med Chem";"2022";"None";"TIME = 0.25 hr";"INHIBITOR";"";"4.03"
"CHEMBL5173174";"";"None";"772.39";"3";"5.87";"55";"CC(C)(C)CNC(=O)C[C@H](NC(=O)N1CCC(NC(=O)Nc2ccc(Cl)cc2)CC1)C(=O)N[C@@H](CCc1ccccc1)C(=O)N[C@@H]1CCCc2ccccc21";"IC50";"'='";"41.23";"nM";"7.38";"";"";"UO_0000065";"9.56";"0.18";"1.51";"4.59";"0";"CHEMBL5159800";"Inhibition of chymotrypsin-like activity of human 20S proteasome using Suc-Leu Leu-Val-Tyr-AMC as substrate preincubated for 15 mins followed by substrate addition measured by fluorescence assay";"B";"BAO_0000223";"protein complex format";"Homo sapiens";"None";"None";"None";"None";"";"";"";"CHEMBL3831201";"20S proteasome";"Homo sapiens";"PROTEIN COMPLEX GROUP";"CHEMBL5154760";"1";"Scientific Literature";"Eur J Med Chem";"2022";"None";"TIME = 0.25 hr";"INHIBITOR";"";"41.23"
"CHEMBL5573619";"";"None";"552.46";"None";"None";"31a";"CC(C)C[C@H](NC(=O)CNC(=O)c1cc(Cc2ccc(=O)[nH]n2)ccc1F)B1O[C@@H]2C[C@@H]3C[C@@H](C3(C)C)[C@]2(C)O1";"IC50";"'='";"2150.0";"nM";"5.67";"";"";"UO_0000065";"10.26";"None";"None";"None";"0";"CHEMBL5528522";"Inhibition of 20S proteasome (unknown origin) using Suv-LLVY-AMC as substrate";"B";"BAO_0000223";"protein complex format";"Homo sapiens";"None";"None";"None";"None";"";"";"";"CHEMBL3831201";"20S proteasome";"Homo sapiens";"PROTEIN COMPLEX GROUP";"CHEMBL5528008";"1";"Scientific Literature";"Eur J Med Chem";"2024";"None";"";"INHIBITOR";"";"2150.0"
"CHEMBL5565731";"";"None";"644.60";"None";"None";"41m";"CCC[C@H](NC(=O)c1cc(Cc2n[nH]c(=O)c3ccccc23)ccc1F)C(=O)N[C@@H](CC(C)C)B1O[C@@H]2C[C@@H]3C[C@@H](C3(C)C)[C@]2(C)O1";"IC50";"'='";"103.3";"nM";"6.99";"";"";"UO_0000065";"10.84";"None";"None";"None";"0";"CHEMBL5528522";"Inhibition of 20S proteasome (unknown origin) using Suv-LLVY-AMC as substrate";"B";"BAO_0000223";"protein complex format";"Homo sapiens";"None";"None";"None";"None";"";"";"";"CHEMBL3831201";"20S proteasome";"Homo sapiens";"PROTEIN COMPLEX GROUP";"CHEMBL5528008";"1";"Scientific Literature";"Eur J Med Chem";"2024";"None";"";"INHIBITOR";"";"103.3"
"CHEMBL5423091";"";"None";"693.80";"1";"3.29";"15b";"CC(=O)N[C@H]1Cc2ccc([N+](=O)[O-])c(c2)Oc2ccc(cc2)CC[C@@H](C(=O)N[C@@H](CC(C)C)C(=O)[C@@]2(C)CO2)NC(=O)[C@H](CC(C)C)NC1=O";"Inhibition";"";"";"%";"";"";"";"UO_0000187";"";"";"";"";"0";"CHEMBL5338551";"Inhibition of human 20S proteasome trypsin-like activity using Ac-RLR-AMC as a fluorogenic substrate at 130 uM measured every 20 seconds for 10 mins by fluorescence based assay";"B";"BAO_0000223";"protein complex format";"Homo sapiens";"None";"None";"None";"None";"";"";"";"CHEMBL3831201";"20S proteasome";"Homo sapiens";"PROTEIN COMPLEX GROUP";"CHEMBL5335865";"1";"Scientific Literature";"ACS Med Chem Lett";"2024";"None";"DOSE = 130.0 microM | TIME = 0.1667 hr";"";"Not active";""
"CHEMBL451887";"CARFILZOMIB";"4.0";"719.92";"1";"2.58";"Carfilzomib";"CC(C)C[C@H](NC(=O)[C@H](CCc1ccccc1)NC(=O)CN1CCOCC1)C(=O)N[C@@H](Cc1ccccc1)C(=O)N[C@@H](CC(C)C)C(=O)[C@@]1(C)CO1";"IC50";"'='";"1050.0";"nM";"5.98";"";"";"UO_0000065";"8.30";"0.16";"3.40";"3.77";"0";"CHEMBL5338552";"Inhibition of human 20S proteasome PGPH-like activity using Cbz-LLE-AMC as a fluorogenic substrate measured every 20 seconds for 10 mins by fluorescence based assay";"B";"BAO_0000223";"protein complex format";"Homo sapiens";"None";"None";"None";"None";"";"";"";"CHEMBL3831201";"20S proteasome";"Homo sapiens";"PROTEIN COMPLEX GROUP";"CHEMBL5335865";"1";"Scientific Literature";"ACS Med Chem Lett";"2024";"None";"TIME = 0.1667 hr";"INHIBITOR";"";"1.05"
"CHEMBL4866590";"";"None";"495.60";"0";"-0.04";"20";"COC[C@H](NC(=O)[C@H](CSC)NC(=O)c1cnccn1)C(=O)N[C@@H](CC(C)C)C(=O)[C@@]1(C)CO1";"IC50";"";"";"";"";"";"";"";"";"";"";"";"0";"CHEMBL4822825";"Inhibition of chymotrypsin-like activity of human 20S proteasome using Suc-Leu-Leu-Val-Tyr-AMC as substrate preincubated for 10 mins followed by substrate addition measured after 1 hr by fluorescence based spectrofluorimeter assay";"B";"BAO_0000223";"protein complex format";"Homo sapiens";"None";"None";"None";"None";"";"";"";"CHEMBL3831201";"20S proteasome";"Homo sapiens";"PROTEIN COMPLEX GROUP";"CHEMBL4819132";"1";"Scientific Literature";"Bioorg Med Chem";"2021";"None";"TIME = 0.1667 hr";"";"Not active";""
"CHEMBL4864045";"";"None";"308.15";"None";"None";"9b";"CC(C)C[C@H](NC(=O)[C@@H](C)NC(=O)c1cnccn1)B(O)O";"IC50";"'='";"2676.0";"nM";"5.57";"";"";"UO_0000065";"18.08";"None";"None";"None";"0";"CHEMBL4823872";"Inhibition of human erythrocytes 20S proteasome using QXL520-YRGITCSGRQK(5-FAM)-NH2 fluorogenic peptide as substrate preincubated for 10 mins followed by substrate addition and measured after 60 mins by HTRF assay";"B";"BAO_0000221";"tissue-based format";"Homo sapiens";"None";"None";"Erythrocyte";"None";"";"";"";"CHEMBL3831201";"20S proteasome";"Homo sapiens";"PROTEIN COMPLEX GROUP";"CHEMBL4823253";"1";"Scientific Literature";"J Med Chem";"2021";"None";"TIME = 1.167 hr";"INHIBITOR";"";"2.676"
"CHEMBL4858320";"";"None";"384.25";"None";"None";"9a";"CC(C)C[C@H](NC(=O)[C@@H](Cc1ccccc1)NC(=O)c1cnccn1)B(O)O";"IC50";"'>'";"10000.0";"nM";"";"";"";"UO_0000065";"";"";"";"";"0";"CHEMBL4823872";"Inhibition of human erythrocytes 20S proteasome using QXL520-YRGITCSGRQK(5-FAM)-NH2 fluorogenic peptide as substrate preincubated for 10 mins followed by substrate addition and measured after 60 mins by HTRF assay";"B";"BAO_0000221";"tissue-based format";"Homo sapiens";"None";"None";"Erythrocyte";"None";"";"";"";"CHEMBL3831201";"20S proteasome";"Homo sapiens";"PROTEIN COMPLEX GROUP";"CHEMBL4823253";"1";"Scientific Literature";"J Med Chem";"2021";"None";"TIME = 1.167 hr";"";"";"10.0"
"CHEMBL325041";"BORTEZOMIB";"4.0";"384.25";"None";"None";"Bortezomib";"CC(C)C[C@H](NC(=O)[C@H](Cc1ccccc1)NC(=O)c1cnccn1)B(O)O";"IC50";"'='";"97.0";"nM";"7.01";"";"";"UO_0000065";"18.25";"None";"None";"None";"0";"CHEMBL4823872";"Inhibition of human erythrocytes 20S proteasome using QXL520-YRGITCSGRQK(5-FAM)-NH2 fluorogenic peptide as substrate preincubated for 10 mins followed by substrate addition and measured after 60 mins by HTRF assay";"B";"BAO_0000221";"tissue-based format";"Homo sapiens";"None";"None";"Erythrocyte";"None";"";"";"";"CHEMBL3831201";"20S proteasome";"Homo sapiens";"PROTEIN COMPLEX GROUP";"CHEMBL4823253";"1";"Scientific Literature";"J Med Chem";"2021";"None";"TIME = 1.167 hr";"INHIBITOR";"";"0.09699999999999999"
"CHEMBL5187167";"";"None";"614.70";"2";"5.40";"4b";"O=C(NCc1ccccc1C(=O)N[C@H](/C=C(\F)S(=O)(=O)c1ccccc1)CCc1ccccc1)c1ccc2c(c1)OCCO2";"Inhibition";"'='";"34.0";"%";"";"";"";"UO_0000187";"";"";"";"";"0";"CHEMBL5115914";"Inhibition of human 20S proteasome caspase-like activity at 11 uM using Cbz-Leu-Leu-Glu-AMC as fluorogenic substrate by fluorometric assay";"B";"BAO_0000223";"protein complex format";"Homo sapiens";"None";"None";"None";"None";"";"";"";"CHEMBL3831201";"20S proteasome";"Homo sapiens";"PROTEIN COMPLEX GROUP";"CHEMBL5113413";"1";"Scientific Literature";"Eur J Med Chem";"2022";"None";"Dose = 11.0 microM";"";"";"34.0"
"CHEMBL4455740";"";"None";"1463.76";"None";"None";"11";"CC(C)C[C@H](NC(=O)[C@H](Cc1ccc(O)cc1)NC(=O)[C@@H]1CCCN1C(=O)[C@@H]1CCCN1C(=O)[C@H](CCCNC(=N)N)NC(=O)[C@@H]1CCCN1C(=O)[C@H](CCCNC(=N)N)NC(=O)[C@H](CCCNC(=N)N)NC(=O)[C@@H](N)CCCNC(=N)N)C(=O)N1CCC[C@H]1C(=O)N[C@@H](CCCNC(=N)N)C(=O)O";"Activity";"";"";"";"";"";"";"";"";"";"";"";"0";"CHEMBL4371819";"Negative allosteric modulation of SDS-activated human erythrocytes 20S proteasome assessed as reduction in human alpha-synuclein degradation at 10 uM after 1 hr by SDS-PAGE analysis";"B";"BAO_0000019";"assay format";"Homo sapiens";"None";"None";"None";"None";"";"";"";"CHEMBL3831201";"20S proteasome";"Homo sapiens";"PROTEIN COMPLEX GROUP";"CHEMBL4371016";"1";"Scientific Literature";"J Med Chem";"2019";"None";"";"";"Active";""
"CHEMBL4574810";"";"None";"1272.48";"None";"None";"2";"C[C@H](NC(=O)[C@H](Cc1ccc(O)cc1)NC(=O)[C@H](Cc1ccc(O)cc1)NC(=O)[C@@H]1CCCN1C(=O)[C@@H]1CCCN1C(=O)[C@@H]1CCCN1C(=O)[C@@H]1CCCN1C(=O)[C@H](CCCNC(=N)N)NC(=O)[C@H](CCCNC(=N)N)NC(=O)[C@@H](N)CCCNC(=N)N)C(=O)O";"FC";"'>'";"2.0";"";"";"";"";"";"";"";"";"";"0";"CHEMBL4371822";"Positive allosteric modulation of SDS-activated human erythrocytes 20S proteasome assessed as increase in yeast enolase degradation at 1 uM after 1 hr by SDS-PAGE analysis relative to control";"B";"BAO_0000019";"assay format";"Homo sapiens";"None";"None";"None";"None";"";"";"";"CHEMBL3831201";"20S proteasome";"Homo sapiens";"PROTEIN COMPLEX GROUP";"CHEMBL4371016";"1";"Scientific Literature";"J Med Chem";"2019";"None";"";"";"";"2.0"
"CHEMBL4780876";"";"None";"411.55";"1";"5.27";"17";"COc1ccc2c(c1)N=C(c1ccccc1)N(C1CCN(C)CC1)C2c1ccccc1";"FC";"'='";"1.0";"";"";"";"";"";"";"";"";"";"0";"CHEMBL4736898";"Activation of human 20S proteosome assessed as increase in 7-amino-4-methylcoumarin release at 30 uM using mixture of chymotrypsin-like Suc-LLVY-AMC, trypsin-like Boc-LRR-AMC and caspase-like Z-LLE-AM fluorogenic peptides as substrates preincubated for 15 mins followed by substrate mixture addition and measured for 1 hr by fluorescence assay relative to control";"B";"BAO_0000223";"protein complex format";"Homo sapiens";"None";"None";"None";"None";"";"";"";"CHEMBL3831201";"20S proteasome";"Homo sapiens";"PROTEIN COMPLEX GROUP";"CHEMBL4732168";"1";"Scientific Literature";"Bioorg Med Chem Lett";"2021";"None";"Dose = 30.0 microM | TIME = 1.25 hr";"ACTIVATOR";"";"1.0"
"CHEMBL3307202";"";"None";"184.28";"0";"3.38";"S14";"CCCCCCCC/C=C/C(=O)O";"Activity";"'='";"35.0";"%";"";"";"";"UO_0000187";"";"";"";"";"0";"CHEMBL4373369";"Stimulation of human 20S proteasome at 25 uM using 11 amino acid FRET peptide as substrate measured every 2 mins over 1 hr by FRET assay relative to control";"B";"BAO_0000223";"protein complex format";"Homo sapiens";"None";"None";"None";"None";"";"";"";"CHEMBL3831201";"20S proteasome";"Homo sapiens";"PROTEIN COMPLEX GROUP";"CHEMBL4371088";"1";"Scientific Literature";"Bioorg Med Chem Lett";"2019";"None";"";"";"";"35.0"
"CHEMBL5171842";"";"None";"380.90";"1";"5.97";"18";"O=C(CCN1c2ccccc2Sc2ccc(Cl)cc21)Nc1ccccc1";"EC200";"'='";"40.0";"uM";"";"";"";"UO_0000064";"";"";"";"";"0";"CHEMBL5166183";"Activation of human 20S proteosome assessed as substrate degradation using Suc-LLVY-AMC/Z-LLE-AMC/Boc-LLR-AMC as flurogenic substrate preincubated for 15 mins followed by substrate addition and measured after 1 hr by spectrometric analysis";"B";"BAO_0000223";"protein complex format";"Homo sapiens";"None";"None";"None";"None";"";"";"";"CHEMBL3831201";"20S proteasome";"Homo sapiens";"PROTEIN COMPLEX GROUP";"CHEMBL5154893";"1";"Scientific Literature";"J Med Chem";"2022";"None";"TIME = 0.25 hr";"ACTIVATOR";"";"40.0"
"CHEMBL27069";"";"None";"872.08";"3";"6.41";"11";"COc1ccc(CNC(=O)[C@@H](NC(=O)[C@H](NCc2ccc(-c3ccccc3)cc2)[C@H](O)[C@H](Cc2ccccc2)NC(=O)[C@@H](NC(=O)OCc2ccccc2)C(C)(C)C)C(C)C)c(O)c1";"IC50";"'>'";"20000.0";"nM";"";"";"";"UO_0000065";"";"";"";"";"0";"CHEMBL615352";"Tested in vitro for inhibition of chymotrypsin like activity of purified human 20S proteasome";"B";"BAO_0000220";"subcellular format";"Homo sapiens";"None";"None";"None";"None";"";"";"";"CHEMBL3831201";"20S proteasome";"Homo sapiens";"PROTEIN COMPLEX GROUP";"CHEMBL1136019";"1";"Scientific Literature";"Bioorg Med Chem Lett";"2002";"None";"";"";"";"20.0"
"CHEMBL381627";"OMURALIDE";"None";"213.23";"0";"-0.57";"65";"CC(C)[C@H](O)[C@@]12NC(=O)[C@H](C)[C@@H]1OC2=O";"IC50";"'='";"49.0";"nM";"7.31";"";"";"UO_0000065";"34.28";"0.67";"7.88";"9.67";"0";"CHEMBL5108637";"Inhibition of 20S proteasome (unknown origin) by fluorescence based assay";"B";"BAO_0000223";"protein complex format";"Homo sapiens";"None";"None";"None";"None";"";"";"";"CHEMBL3831201";"20S proteasome";"Homo sapiens";"PROTEIN COMPLEX GROUP";"CHEMBL5107956";"1";"Scientific Literature";"Eur J Med Chem";"2022";"None";"";"INHIBITOR";"";"49.0"
"CHEMBL5200348";"";"None";"336.37";"0";"3.71";"8";"Cc1cc2c(Nc3ccccc3F)cc(C(=O)NC3CC3)nc2cn1";"IC50";"'>'";"10000.0";"nM";"";"";"";"UO_0000065";"";"";"";"";"0";"CHEMBL5130423";"Inhibition of human 20s proteasome";"B";"BAO_0000223";"protein complex format";"Homo sapiens";"None";"None";"None";"None";"";"";"";"CHEMBL3831201";"20S proteasome";"Homo sapiens";"PROTEIN COMPLEX GROUP";"CHEMBL5126622";"1";"Scientific Literature";"J Med Chem";"2022";"None";"";"";"";"10000.0"
"CHEMBL5205510";"";"None";"347.37";"0";"3.06";"14";"C/C=C/c1cnc(C(=O)NC[C@@H](F)CO)cc1Nc1ccccc1F";"IC50";"'>'";"10000.0";"nM";"";"";"";"UO_0000065";"";"";"";"";"0";"CHEMBL5130423";"Inhibition of human 20s proteasome";"B";"BAO_0000223";"protein complex format";"Homo sapiens";"None";"None";"None";"None";"";"";"";"CHEMBL3831201";"20S proteasome";"Homo sapiens";"PROTEIN COMPLEX GROUP";"CHEMBL5126622";"1";"Scientific Literature";"J Med Chem";"2022";"None";"";"";"";"10000.0"
"CHEMBL372530";"";"None";"401.64";"1";"7.35";"11";"CCCCCCCC/C=C\CCCCCCCC(=O)NCc1ccc(OC)cc1";"Activity";"'='";"116.0";"%";"";"";"";"UO_0000187";"";"";"";"";"0";"CHEMBL5107497";"Stimulation of human 20S proteasome assessed as increase in proteasome activity at 25 uM and measured upto 60 mins using FRET peptide as substrate by FRET assay relative to control";"B";"BAO_0000223";"protein complex format";"Homo sapiens";"None";"None";"None";"None";"";"";"";"CHEMBL3831201";"20S proteasome";"Homo sapiens";"PROTEIN COMPLEX GROUP";"CHEMBL5104206";"1";"Scientific Literature";"RSC Med Chem";"2022";"None";"Dose = 25.0 microM | TIME <= 1.0 hr";"ACTIVATOR";"";"116.0"
"CHEMBL83257";"";"None";"179.22";"0";"1.99";"7";"CC(C)C(=O)Nc1ccc(O)cc1";"Activity";"'='";"0.0";"%";"";"";"";"UO_0000187";"";"";"";"";"0";"CHEMBL4373369";"Stimulation of human 20S proteasome at 25 uM using 11 amino acid FRET peptide as substrate measured every 2 mins over 1 hr by FRET assay relative to control";"B";"BAO_0000223";"protein complex format";"Homo sapiens";"None";"None";"None";"None";"";"";"";"CHEMBL3831201";"20S proteasome";"Homo sapiens";"PROTEIN COMPLEX GROUP";"CHEMBL4371088";"1";"Scientific Literature";"Bioorg Med Chem Lett";"2019";"None";"";"";"";"0.0"
"CHEMBL5204892";"";"None";"723.92";"1";"4.09";"28";"CN(C(=O)C1CCN(C(=O)N[C@@H](CC(=O)NCC(C)(C)C)C(=O)N[C@@H](CCc2ccccc2)C(=O)N2CCc3ccccc3C2)CC1)c1cccnc1";"IC50";"'>'";"10000.0";"nM";"";"";"";"UO_0000065";"";"";"";"";"0";"CHEMBL5159800";"Inhibition of chymotrypsin-like activity of human 20S proteasome using Suc-Leu Leu-Val-Tyr-AMC as substrate preincubated for 15 mins followed by substrate addition measured by fluorescence assay";"B";"BAO_0000223";"protein complex format";"Homo sapiens";"None";"None";"None";"None";"";"";"";"CHEMBL3831201";"20S proteasome";"Homo sapiens";"PROTEIN COMPLEX GROUP";"CHEMBL5154760";"1";"Scientific Literature";"Eur J Med Chem";"2022";"None";"TIME = 0.25 hr";"";"";"10000.0"
"CHEMBL5173789";"";"None";"709.89";"1";"4.07";"27";"CC(C)(C)CNC(=O)C[C@H](NC(=O)N1CCC(C(=O)Nc2cccnc2)CC1)C(=O)N[C@@H](CCc1ccccc1)C(=O)N1CCc2ccccc2C1";"IC50";"'='";"1588.5";"nM";"5.80";"";"";"UO_0000065";"8.17";"0.15";"1.73";"3.79";"0";"CHEMBL5159800";"Inhibition of chymotrypsin-like activity of human 20S proteasome using Suc-Leu Leu-Val-Tyr-AMC as substrate preincubated for 15 mins followed by substrate addition measured by fluorescence assay";"B";"BAO_0000223";"protein complex format";"Homo sapiens";"None";"None";"None";"None";"";"";"";"CHEMBL3831201";"20S proteasome";"Homo sapiens";"PROTEIN COMPLEX GROUP";"CHEMBL5154760";"1";"Scientific Literature";"Eur J Med Chem";"2022";"None";"TIME = 0.25 hr";"INHIBITOR";"";"1588.5"
"CHEMBL5181378";"";"None";"725.94";"1";"4.72";"37";"C[C@H](c1ccccc1)N(C)C(=O)[C@H](CCc1ccccc1)NC(=O)[C@H](CC(=O)NCC(C)(C)C)NC(=O)N1CCC(C(=O)N(C)c2cccnc2)CC1";"IC50";"'>'";"10000.0";"nM";"";"";"";"UO_0000065";"";"";"";"";"0";"CHEMBL5159800";"Inhibition of chymotrypsin-like activity of human 20S proteasome using Suc-Leu Leu-Val-Tyr-AMC as substrate preincubated for 15 mins followed by substrate addition measured by fluorescence assay";"B";"BAO_0000223";"protein complex format";"Homo sapiens";"None";"None";"None";"None";"";"";"";"CHEMBL3831201";"20S proteasome";"Homo sapiens";"PROTEIN COMPLEX GROUP";"CHEMBL5154760";"1";"Scientific Literature";"Eur J Med Chem";"2022";"None";"TIME = 0.25 hr";"";"";"10000.0"
"CHEMBL5207222";"";"None";"711.91";"1";"4.38";"39";"C[C@H](NC(=O)[C@H](CCc1ccccc1)NC(=O)[C@H](CC(=O)NCC(C)(C)C)NC(=O)N1CCC(C(=O)N(C)c2cccnc2)CC1)c1ccccc1";"IC50";"'>'";"10000.0";"nM";"";"";"";"UO_0000065";"";"";"";"";"0";"CHEMBL5159800";"Inhibition of chymotrypsin-like activity of human 20S proteasome using Suc-Leu Leu-Val-Tyr-AMC as substrate preincubated for 15 mins followed by substrate addition measured by fluorescence assay";"B";"BAO_0000223";"protein complex format";"Homo sapiens";"None";"None";"None";"None";"";"";"";"CHEMBL3831201";"20S proteasome";"Homo sapiens";"PROTEIN COMPLEX GROUP";"CHEMBL5154760";"1";"Scientific Literature";"Eur J Med Chem";"2022";"None";"TIME = 0.25 hr";"";"";"10000.0"
"CHEMBL5202627";"";"None";"771.40";"2";"5.96";"44";"CN(C(=O)C1CCN(C(=O)N[C@@H](CC(=O)NCC(C)(C)C)C(=O)N[C@@H](CCc2ccccc2)C(=O)N[C@@H]2CCCc3ccccc32)CC1)c1ccc(Cl)cc1";"IC50";"'='";"6.95";"nM";"8.16";"";"";"UO_0000065";"10.58";"0.20";"2.20";"5.83";"0";"CHEMBL5159800";"Inhibition of chymotrypsin-like activity of human 20S proteasome using Suc-Leu Leu-Val-Tyr-AMC as substrate preincubated for 15 mins followed by substrate addition measured by fluorescence assay";"B";"BAO_0000223";"protein complex format";"Homo sapiens";"None";"None";"None";"None";"";"";"";"CHEMBL3831201";"20S proteasome";"Homo sapiens";"PROTEIN COMPLEX GROUP";"CHEMBL5154760";"1";"Scientific Literature";"Eur J Med Chem";"2022";"None";"TIME = 0.25 hr";"INHIBITOR";"";"6.95"
"CHEMBL4277871";"";"None";"142.20";"0";"2.21";"S12";"CCCCC/C=C/C(=O)O";"Activity";"'='";"42.0";"%";"";"";"";"UO_0000187";"";"";"";"";"0";"CHEMBL4373369";"Stimulation of human 20S proteasome at 25 uM using 11 amino acid FRET peptide as substrate measured every 2 mins over 1 hr by FRET assay relative to control";"B";"BAO_0000223";"protein complex format";"Homo sapiens";"None";"None";"None";"None";"";"";"";"CHEMBL3831201";"20S proteasome";"Homo sapiens";"PROTEIN COMPLEX GROUP";"CHEMBL4371088";"1";"Scientific Literature";"Bioorg Med Chem Lett";"2019";"None";"";"";"";"42.0"
"CHEMBL4589958";"";"None";"297.40";"0";"4.97";"S5";"CCCCCCC(=O)Nc1cc(-c2ccccc2)ccc1O";"Activity";"'='";"25.0";"%";"";"";"";"UO_0000187";"";"";"";"";"0";"CHEMBL4373369";"Stimulation of human 20S proteasome at 25 uM using 11 amino acid FRET peptide as substrate measured every 2 mins over 1 hr by FRET assay relative to control";"B";"BAO_0000223";"protein complex format";"Homo sapiens";"None";"None";"None";"None";"";"";"";"CHEMBL3831201";"20S proteasome";"Homo sapiens";"PROTEIN COMPLEX GROUP";"CHEMBL4371088";"1";"Scientific Literature";"Bioorg Med Chem Lett";"2019";"None";"";"";"";"25.0"
"CHEMBL4447853";"";"None";"249.35";"0";"4.08";"S2";"CCCCCCCCC(=O)Nc1ccccc1O";"Activity";"'='";"27.0";"%";"";"";"";"UO_0000187";"";"";"";"";"0";"CHEMBL4373369";"Stimulation of human 20S proteasome at 25 uM using 11 amino acid FRET peptide as substrate measured every 2 mins over 1 hr by FRET assay relative to control";"B";"BAO_0000223";"protein complex format";"Homo sapiens";"None";"None";"None";"None";"";"";"";"CHEMBL3831201";"20S proteasome";"Homo sapiens";"PROTEIN COMPLEX GROUP";"CHEMBL4371088";"1";"Scientific Literature";"Bioorg Med Chem Lett";"2019";"None";"";"";"";"27.0"
"CHEMBL4453411";"";"None";"1222.46";"None";"None";"1";"CC(C)C[C@H](NC(=O)[C@@H]1CCCN1C(=O)[C@@H]1CCCN1C(=O)[C@@H]1CCCN1C(=O)[C@@H]1CCCN1C(=O)[C@H](CCCNC(=N)N)NC(=O)[C@H](CCCNC(=N)N)NC(=O)[C@@H](N)CCCNC(=N)N)C(=O)N[C@@H](Cc1ccc(O)cc1)C(=O)N[C@@H](C)C(=O)O";"Activity";"";"";"";"";"";"";"";"";"";"";"";"0";"CHEMBL4371818";"Negative allosteric modulation of SDS-activated human erythrocytes 20S proteasome assessed as reduction in human alpha-synuclein degradation at 1 uM after 1 hr by SDS-PAGE analysis";"B";"BAO_0000019";"assay format";"Homo sapiens";"None";"None";"None";"None";"";"";"";"CHEMBL3831201";"20S proteasome";"Homo sapiens";"PROTEIN COMPLEX GROUP";"CHEMBL4371016";"1";"Scientific Literature";"J Med Chem";"2019";"None";"";"";"Not active";""
"CHEMBL4473076";"";"None";"1258.51";"None";"None";"4";"CC(C)C[C@H](NC(=O)[C@H](Cc1ccc(O)cc1)NC(=O)[C@H](CCCNC(=N)N)NC(=O)[C@H](CCCNC(=N)N)NC(=O)[C@@H](N)CCCNC(=N)N)C(=O)N1CCC[C@H]1C(=O)N[C@@H](CCCNC(=N)N)C(=O)N[C@@H](Cc1c[nH]c2ccccc12)C(=O)NCC(N)=O";"Activity";"";"";"";"";"";"";"";"";"";"";"";"0";"CHEMBL4371820";"Negative allosteric modulation of SDS-activated human erythrocytes 20S proteasome assessed as reduction in yeast enolase degradation at 1 uM after 1 hr by SDS-PAGE analysis";"B";"BAO_0000019";"assay format";"Homo sapiens";"None";"None";"None";"None";"";"";"";"CHEMBL3831201";"20S proteasome";"Homo sapiens";"PROTEIN COMPLEX GROUP";"CHEMBL4371016";"1";"Scientific Literature";"J Med Chem";"2019";"None";"";"";"Not active";""
"CHEMBL4522493";"";"None";"1707.03";"None";"None";"7";"CC(C)C[C@H](NC(=O)[C@H](Cc1ccc(O)cc1)NC(=O)[C@@H]1CCCN1C(=O)[C@@H]1CCCN1C(=O)[C@H](CCCNC(=N)N)NC(=O)[C@@H]1CCCN1C(=O)[C@H](CCCNC(=N)N)NC(=O)[C@H](CCCNC(=N)N)NC(=O)[C@@H](N)CCCNC(=N)N)C(=O)N1CCC[C@H]1C(=O)N[C@@H](CCCNC(=N)N)C(=O)N[C@@H](Cc1c[nH]c2ccccc12)C(=O)NCC(=O)O";"Activity";"";"";"";"";"";"";"";"";"";"";"";"0";"CHEMBL4371820";"Negative allosteric modulation of SDS-activated human erythrocytes 20S proteasome assessed as reduction in yeast enolase degradation at 1 uM after 1 hr by SDS-PAGE analysis";"B";"BAO_0000019";"assay format";"Homo sapiens";"None";"None";"None";"None";"";"";"";"CHEMBL3831201";"20S proteasome";"Homo sapiens";"PROTEIN COMPLEX GROUP";"CHEMBL4371016";"1";"Scientific Literature";"J Med Chem";"2019";"None";"";"";"Active";""
"CHEMBL4455740";"";"None";"1463.76";"None";"None";"11";"CC(C)C[C@H](NC(=O)[C@H](Cc1ccc(O)cc1)NC(=O)[C@@H]1CCCN1C(=O)[C@@H]1CCCN1C(=O)[C@H](CCCNC(=N)N)NC(=O)[C@@H]1CCCN1C(=O)[C@H](CCCNC(=N)N)NC(=O)[C@H](CCCNC(=N)N)NC(=O)[C@@H](N)CCCNC(=N)N)C(=O)N1CCC[C@H]1C(=O)N[C@@H](CCCNC(=N)N)C(=O)O";"Activity";"";"";"";"";"";"";"";"";"";"";"";"0";"CHEMBL4371821";"Negative allosteric modulation of SDS-activated human erythrocytes 20S proteasome assessed as reduction in yeast enolase degradation at 10 uM after 1 hr by SDS-PAGE analysis";"B";"BAO_0000019";"assay format";"Homo sapiens";"None";"None";"None";"None";"";"";"";"CHEMBL3831201";"20S proteasome";"Homo sapiens";"PROTEIN COMPLEX GROUP";"CHEMBL4371016";"1";"Scientific Literature";"J Med Chem";"2019";"None";"";"";"Not active";""
"CHEMBL5188898";"";"None";"332.86";"0";"4.42";"16";"CN(C)C(=O)CCN1c2ccccc2Sc2ccc(Cl)cc21";"EC200";"'>'";"80.0";"uM";"";"";"";"UO_0000064";"";"";"";"";"0";"CHEMBL5166189";"Activation of human 20S proteosome at chymotrypsin like site assessed as substrate degradation using Suc-LLVY-AMC as flurogenic substrate preincubated for 15 mins followed by substrate addition and measured after 1 hr by spectrometric analysis";"B";"BAO_0000223";"protein complex format";"Homo sapiens";"None";"None";"None";"None";"";"";"";"CHEMBL3831201";"20S proteasome";"Homo sapiens";"PROTEIN COMPLEX GROUP";"CHEMBL5154893";"1";"Scientific Literature";"J Med Chem";"2022";"None";"TIME = 0.25 hr";"";"";"80.0"
"CHEMBL5171842";"";"None";"380.90";"1";"5.97";"18";"O=C(CCN1c2ccccc2Sc2ccc(Cl)cc21)Nc1ccccc1";"EC200";"'>'";"80.0";"uM";"";"";"";"UO_0000064";"";"";"";"";"0";"CHEMBL5166189";"Activation of human 20S proteosome at chymotrypsin like site assessed as substrate degradation using Suc-LLVY-AMC as flurogenic substrate preincubated for 15 mins followed by substrate addition and measured after 1 hr by spectrometric analysis";"B";"BAO_0000223";"protein complex format";"Homo sapiens";"None";"None";"None";"None";"";"";"";"CHEMBL3831201";"20S proteasome";"Homo sapiens";"PROTEIN COMPLEX GROUP";"CHEMBL5154893";"1";"Scientific Literature";"J Med Chem";"2022";"None";"TIME = 0.25 hr";"";"";"80.0"
"CHEMBL5192898";"";"None";"492.98";"1";"7.98";"19";"O=C(CCN1c2ccccc2Sc2ccc(Cl)cc21)N(c1ccc(F)cc1)c1ccc(F)cc1";"EC200";"'='";"0.7";"uM";"";"";"";"UO_0000064";"";"";"";"";"0";"CHEMBL5166189";"Activation of human 20S proteosome at chymotrypsin like site assessed as substrate degradation using Suc-LLVY-AMC as flurogenic substrate preincubated for 15 mins followed by substrate addition and measured after 1 hr by spectrometric analysis";"B";"BAO_0000223";"protein complex format";"Homo sapiens";"None";"None";"None";"None";"";"";"";"CHEMBL3831201";"20S proteasome";"Homo sapiens";"PROTEIN COMPLEX GROUP";"CHEMBL5154893";"1";"Scientific Literature";"J Med Chem";"2022";"None";"TIME = 0.25 hr";"ACTIVATOR";"";"0.7"
"CHEMBL5206894";"";"None";"323.85";"1";"6.14";"1";"Clc1ccc2c(c1)N(Cc1ccccc1)c1ccccc1S2";"FC";"'='";"3.0";"";"";"";"";"";"";"";"";"";"0";"CHEMBL5166190";"Activation of human 20S proteosome at chymotrypsin like site assessed as maximum fold change in substrate degradation using Suc-LLVY-AMC as flurogenic substrate preincubated for 15 mins followed by substrate addition and measured after 1 hr by spectrometric analysis relative to control";"B";"BAO_0000223";"protein complex format";"Homo sapiens";"None";"None";"None";"None";"";"";"";"CHEMBL3831201";"20S proteasome";"Homo sapiens";"PROTEIN COMPLEX GROUP";"CHEMBL5154893";"1";"Scientific Literature";"J Med Chem";"2022";"None";"TIME = 0.25 hr";"ACTIVATOR";"";"3.0"
"CHEMBL4453411";"";"None";"1222.46";"None";"None";"1";"CC(C)C[C@H](NC(=O)[C@@H]1CCCN1C(=O)[C@@H]1CCCN1C(=O)[C@@H]1CCCN1C(=O)[C@@H]1CCCN1C(=O)[C@H](CCCNC(=N)N)NC(=O)[C@H](CCCNC(=N)N)NC(=O)[C@@H](N)CCCNC(=N)N)C(=O)N[C@@H](Cc1ccc(O)cc1)C(=O)N[C@@H](C)C(=O)O";"Activity";"";"";"";"";"";"";"";"";"";"";"";"0";"CHEMBL4371822";"Positive allosteric modulation of SDS-activated human erythrocytes 20S proteasome assessed as increase in yeast enolase degradation at 1 uM after 1 hr by SDS-PAGE analysis relative to control";"B";"BAO_0000019";"assay format";"Homo sapiens";"None";"None";"None";"None";"";"";"";"CHEMBL3831201";"20S proteasome";"Homo sapiens";"PROTEIN COMPLEX GROUP";"CHEMBL4371016";"1";"Scientific Literature";"J Med Chem";"2019";"None";"";"";"Active";""
"CHEMBL4522493";"";"None";"1707.03";"None";"None";"7";"CC(C)C[C@H](NC(=O)[C@H](Cc1ccc(O)cc1)NC(=O)[C@@H]1CCCN1C(=O)[C@@H]1CCCN1C(=O)[C@H](CCCNC(=N)N)NC(=O)[C@@H]1CCCN1C(=O)[C@H](CCCNC(=N)N)NC(=O)[C@H](CCCNC(=N)N)NC(=O)[C@@H](N)CCCNC(=N)N)C(=O)N1CCC[C@H]1C(=O)N[C@@H](CCCNC(=N)N)C(=O)N[C@@H](Cc1c[nH]c2ccccc12)C(=O)NCC(=O)O";"Activity";"'='";"18.0";"%";"";"";"";"UO_0000187";"";"";"";"";"0";"CHEMBL4371828";"Effect on alpha-face conformations of latent human erythrocytes 20S proteasome assessed as open state conformation at 10 uM by atomic force microscopic method (Rvb = 7%)";"B";"BAO_0000019";"assay format";"Homo sapiens";"None";"None";"None";"None";"";"";"";"CHEMBL3831201";"20S proteasome";"Homo sapiens";"PROTEIN COMPLEX GROUP";"CHEMBL4371016";"1";"Scientific Literature";"J Med Chem";"2019";"None";"";"";"";"18.0"
"CHEMBL4522493";"";"None";"1707.03";"None";"None";"7";"CC(C)C[C@H](NC(=O)[C@H](Cc1ccc(O)cc1)NC(=O)[C@@H]1CCCN1C(=O)[C@@H]1CCCN1C(=O)[C@H](CCCNC(=N)N)NC(=O)[C@@H]1CCCN1C(=O)[C@H](CCCNC(=N)N)NC(=O)[C@H](CCCNC(=N)N)NC(=O)[C@@H](N)CCCNC(=N)N)C(=O)N1CCC[C@H]1C(=O)N[C@@H](CCCNC(=N)N)C(=O)N[C@@H](Cc1c[nH]c2ccccc12)C(=O)NCC(=O)O";"Activity";"'='";"25.0";"%";"";"";"";"UO_0000187";"";"";"";"";"0";"CHEMBL4371829";"Effect on alpha-face conformations of latent human erythrocytes 20S proteasome assessed as intermediate state conformation at 10 uM by atomic force microscopic method (Rvb = 22%)";"B";"BAO_0000019";"assay format";"Homo sapiens";"None";"None";"None";"None";"";"";"";"CHEMBL3831201";"20S proteasome";"Homo sapiens";"PROTEIN COMPLEX GROUP";"CHEMBL4371016";"1";"Scientific Literature";"J Med Chem";"2019";"None";"";"";"";"25.0"
"CHEMBL5198457";"";"None";"338.86";"1";"5.73";"9";"Nc1cccc(CN2c3ccccc3Sc3ccc(Cl)cc32)c1";"EC200";"'='";"3.6";"uM";"";"";"";"UO_0000064";"";"";"";"";"0";"CHEMBL5166183";"Activation of human 20S proteosome assessed as substrate degradation using Suc-LLVY-AMC/Z-LLE-AMC/Boc-LLR-AMC as flurogenic substrate preincubated for 15 mins followed by substrate addition and measured after 1 hr by spectrometric analysis";"B";"BAO_0000223";"protein complex format";"Homo sapiens";"None";"None";"None";"None";"";"";"";"CHEMBL3831201";"20S proteasome";"Homo sapiens";"PROTEIN COMPLEX GROUP";"CHEMBL5154893";"1";"Scientific Literature";"J Med Chem";"2022";"None";"TIME = 0.25 hr";"ACTIVATOR";"";"3.6"
"CHEMBL5188898";"";"None";"332.86";"0";"4.42";"16";"CN(C)C(=O)CCN1c2ccccc2Sc2ccc(Cl)cc21";"EC200";"'>'";"80.0";"uM";"";"";"";"UO_0000064";"";"";"";"";"0";"CHEMBL5166183";"Activation of human 20S proteosome assessed as substrate degradation using Suc-LLVY-AMC/Z-LLE-AMC/Boc-LLR-AMC as flurogenic substrate preincubated for 15 mins followed by substrate addition and measured after 1 hr by spectrometric analysis";"B";"BAO_0000223";"protein complex format";"Homo sapiens";"None";"None";"None";"None";"";"";"";"CHEMBL3831201";"20S proteasome";"Homo sapiens";"PROTEIN COMPLEX GROUP";"CHEMBL5154893";"1";"Scientific Literature";"J Med Chem";"2022";"None";"TIME = 0.25 hr";"";"";"80.0"
"CHEMBL5180908";"";"None";"353.87";"1";"6.15";"4";"COc1cccc(CN2c3ccccc3Sc3ccc(Cl)cc32)c1";"FC";"'='";"4.0";"";"";"";"";"";"";"";"";"";"0";"CHEMBL5166184";"Activation of human 20S proteosome assessed as maximum fold change in substrate degradation using Suc-LLVY-AMC/Z-LLE-AMC/Boc-LLR-AMC as flurogenic substrate preincubated for 15 mins followed by substrate addition and measured after 1 hr by spectrometric analysis relative to control";"B";"BAO_0000223";"protein complex format";"Homo sapiens";"None";"None";"None";"None";"";"";"";"CHEMBL3831201";"20S proteasome";"Homo sapiens";"PROTEIN COMPLEX GROUP";"CHEMBL5154893";"1";"Scientific Literature";"J Med Chem";"2022";"None";"TIME = 0.25 hr";"ACTIVATOR";"";"4.0"
"CHEMBL5178201";"";"None";"304.80";"0";"3.82";"15";"NC(=O)CCN1c2ccccc2Sc2ccc(Cl)cc21";"EC200";"'>'";"80.0";"uM";"";"";"";"UO_0000064";"";"";"";"";"0";"CHEMBL5166185";"Activation of human 20S proteosome at caspase-like site assessed as substrate degradation using Z-LLE-AMC as flurogenic substrate preincubated for 15 mins followed by substrate addition and measured after 1 hr by spectrometric analysis";"B";"BAO_0000223";"protein complex format";"Homo sapiens";"None";"None";"None";"None";"";"";"";"CHEMBL3831201";"20S proteasome";"Homo sapiens";"PROTEIN COMPLEX GROUP";"CHEMBL5154893";"1";"Scientific Literature";"J Med Chem";"2022";"None";"TIME = 0.25 hr";"";"";"80.0"
"CHEMBL5186597";"";"None";"412.92";"1";"6.13";"17";"CN(C(=O)CCN1c2ccccc2Sc2ccc(Cl)cc21)c1ccc(F)cc1";"EC200";"'>'";"80.0";"uM";"";"";"";"UO_0000064";"";"";"";"";"0";"CHEMBL5166185";"Activation of human 20S proteosome at caspase-like site assessed as substrate degradation using Z-LLE-AMC as flurogenic substrate preincubated for 15 mins followed by substrate addition and measured after 1 hr by spectrometric analysis";"B";"BAO_0000223";"protein complex format";"Homo sapiens";"None";"None";"None";"None";"";"";"";"CHEMBL3831201";"20S proteasome";"Homo sapiens";"PROTEIN COMPLEX GROUP";"CHEMBL5154893";"1";"Scientific Literature";"J Med Chem";"2022";"None";"TIME = 0.25 hr";"";"";"80.0"
"CHEMBL71";"CHLORPROMAZINE";"4.0";"318.87";"0";"4.89";"CPZ";"CN(C)CCCN1c2ccccc2Sc2ccc(Cl)cc21";"EC200";"'>'";"80.0";"uM";"";"";"";"UO_0000064";"";"";"";"";"0";"CHEMBL5166187";"Activation of human 20S proteosome at trypsin-like site assessed as substrate degradation using Boc-LLR-AMC as flurogenic substrate preincubated for 15 mins followed by substrate addition and measured after 1 hr by spectrometric analysis";"B";"BAO_0000223";"protein complex format";"Homo sapiens";"None";"None";"None";"None";"";"";"";"CHEMBL3831201";"20S proteasome";"Homo sapiens";"PROTEIN COMPLEX GROUP";"CHEMBL5154893";"1";"Scientific Literature";"J Med Chem";"2022";"None";"TIME = 0.25 hr";"";"";"80.0"
"CHEMBL4520267";"";"None";"392.43";"0";"2.84";"9a";"O=C(CF)CNC(=O)[C@H](Cc1ccccc1)NC(=O)c1cccc2ccccc12";"IC50";"'>'";"100000.0";"nM";"";"";"";"UO_0000065";"";"";"";"";"0";"CHEMBL4480323";"Inhibition of 20S proteasome (unknown origin) using suc-LLVY-AMC as substrate preincubated for 20 mins followed by substrate addition by fluorescence plate reader analysis";"B";"BAO_0000223";"protein complex format";"Homo sapiens";"None";"None";"None";"None";"";"";"";"CHEMBL3831201";"20S proteasome";"Homo sapiens";"PROTEIN COMPLEX GROUP";"CHEMBL4477275";"1";"Scientific Literature";"ACS Med Chem Lett";"2016";"None";"";"";"";"100.0"
"CHEMBL447239";"CINNABARAMIDE G";"None";"512.67";"1";"1.85";"7";"CCCCCC[C@H]1C(=O)N[C@](C(=O)SC[C@H](NC(C)=O)C(=O)OC)([C@@H](O)[C@@H]2C=CCCC2)[C@@]1(C)O";"IC50";"'='";"0.6";"nM";"9.22";"";"";"UO_0000065";"17.99";"0.36";"7.37";"6.49";"0";"CHEMBL909078";"Inhibition of human 20S proteasome";"B";"BAO_0000220";"subcellular format";"Homo sapiens";"None";"None";"None";"None";"";"";"";"CHEMBL3831201";"20S proteasome";"Homo sapiens";"PROTEIN COMPLEX GROUP";"CHEMBL1141377";"1";"Scientific Literature";"J Nat Prod";"2007";"None";"";"";"";"0.6"
"CHEMBL71";"CHLORPROMAZINE";"4.0";"318.87";"0";"4.89";"CPZ";"CN(C)CCCN1c2ccccc2Sc2ccc(Cl)cc21";"EC200";"'='";"13.5";"uM";"";"";"";"UO_0000064";"";"";"";"";"0";"CHEMBL5166183";"Activation of human 20S proteosome assessed as substrate degradation using Suc-LLVY-AMC/Z-LLE-AMC/Boc-LLR-AMC as flurogenic substrate preincubated for 15 mins followed by substrate addition and measured after 1 hr by spectrometric analysis";"B";"BAO_0000223";"protein complex format";"Homo sapiens";"None";"None";"None";"None";"";"";"";"CHEMBL3831201";"20S proteasome";"Homo sapiens";"PROTEIN COMPLEX GROUP";"CHEMBL5154893";"1";"Scientific Literature";"J Med Chem";"2022";"None";"TIME = 0.25 hr";"ACTIVATOR";"";"13.5"
"CHEMBL5206894";"";"None";"323.85";"1";"6.14";"1";"Clc1ccc2c(c1)N(Cc1ccccc1)c1ccccc1S2";"EC200";"'>'";"80.0";"uM";"";"";"";"UO_0000064";"";"";"";"";"0";"CHEMBL5166185";"Activation of human 20S proteosome at caspase-like site assessed as substrate degradation using Z-LLE-AMC as flurogenic substrate preincubated for 15 mins followed by substrate addition and measured after 1 hr by spectrometric analysis";"B";"BAO_0000223";"protein complex format";"Homo sapiens";"None";"None";"None";"None";"";"";"";"CHEMBL3831201";"20S proteasome";"Homo sapiens";"PROTEIN COMPLEX GROUP";"CHEMBL5154893";"1";"Scientific Literature";"J Med Chem";"2022";"None";"TIME = 0.25 hr";"";"";"80.0"
"CHEMBL5177125";"";"None";"332.86";"0";"4.60";"11";"NC(=O)CCCCN1c2ccccc2Sc2ccc(Cl)cc21";"EC200";"'>'";"80.0";"uM";"";"";"";"UO_0000064";"";"";"";"";"0";"CHEMBL5166187";"Activation of human 20S proteosome at trypsin-like site assessed as substrate degradation using Boc-LLR-AMC as flurogenic substrate preincubated for 15 mins followed by substrate addition and measured after 1 hr by spectrometric analysis";"B";"BAO_0000223";"protein complex format";"Homo sapiens";"None";"None";"None";"None";"";"";"";"CHEMBL3831201";"20S proteasome";"Homo sapiens";"PROTEIN COMPLEX GROUP";"CHEMBL5154893";"1";"Scientific Literature";"J Med Chem";"2022";"None";"TIME = 0.25 hr";"";"";"80.0"
"CHEMBL71";"CHLORPROMAZINE";"4.0";"318.87";"0";"4.89";"CPZ";"CN(C)CCCN1c2ccccc2Sc2ccc(Cl)cc21";"EC200";"'='";"7.0";"uM";"";"";"";"UO_0000064";"";"";"";"";"0";"CHEMBL5166189";"Activation of human 20S proteosome at chymotrypsin like site assessed as substrate degradation using Suc-LLVY-AMC as flurogenic substrate preincubated for 15 mins followed by substrate addition and measured after 1 hr by spectrometric analysis";"B";"BAO_0000223";"protein complex format";"Homo sapiens";"None";"None";"None";"None";"";"";"";"CHEMBL3831201";"20S proteasome";"Homo sapiens";"PROTEIN COMPLEX GROUP";"CHEMBL5154893";"1";"Scientific Literature";"J Med Chem";"2022";"None";"TIME = 0.25 hr";"ACTIVATOR";"";"7.0"
"CHEMBL5200556";"";"None";"423.97";"1";"7.10";"3";"CC(C)(C)OC(=O)c1ccc(CN2c3ccccc3Sc3ccc(Cl)cc32)cc1";"EC200";"'>'";"80.0";"uM";"";"";"";"UO_0000064";"";"";"";"";"0";"CHEMBL5166189";"Activation of human 20S proteosome at chymotrypsin like site assessed as substrate degradation using Suc-LLVY-AMC as flurogenic substrate preincubated for 15 mins followed by substrate addition and measured after 1 hr by spectrometric analysis";"B";"BAO_0000223";"protein complex format";"Homo sapiens";"None";"None";"None";"None";"";"";"";"CHEMBL3831201";"20S proteasome";"Homo sapiens";"PROTEIN COMPLEX GROUP";"CHEMBL5154893";"1";"Scientific Literature";"J Med Chem";"2022";"None";"TIME = 0.25 hr";"";"";"80.0"
"CHEMBL5189005";"";"None";"381.88";"1";"5.93";"5";"COC(=O)c1cccc(CN2c3ccccc3Sc3ccc(Cl)cc32)c1";"FC";"'='";"8.0";"";"";"";"";"";"";"";"";"";"0";"CHEMBL5166188";"Activation of human 20S proteosome at trypsin-like site assessed as maximum fold change in substrate degradation using Boc-LLR-AMC as flurogenic substrate preincubated for 15 mins followed by substrate addition and measured after 1 hr by spectrometric analysis relative to control";"B";"BAO_0000223";"protein complex format";"Homo sapiens";"None";"None";"None";"None";"";"";"";"CHEMBL3831201";"20S proteasome";"Homo sapiens";"PROTEIN COMPLEX GROUP";"CHEMBL5154893";"1";"Scientific Literature";"J Med Chem";"2022";"None";"TIME = 0.25 hr";"ACTIVATOR";"";"8.0"
"CHEMBL5180453";"";"None";"381.88";"1";"5.93";"2";"COC(=O)c1ccc(CN2c3ccccc3Sc3ccc(Cl)cc32)cc1";"EC200";"'='";"1.9";"uM";"";"";"";"UO_0000064";"";"";"";"";"0";"CHEMBL5166189";"Activation of human 20S proteosome at chymotrypsin like site assessed as substrate degradation using Suc-LLVY-AMC as flurogenic substrate preincubated for 15 mins followed by substrate addition and measured after 1 hr by spectrometric analysis";"B";"BAO_0000223";"protein complex format";"Homo sapiens";"None";"None";"None";"None";"";"";"";"CHEMBL3831201";"20S proteasome";"Homo sapiens";"PROTEIN COMPLEX GROUP";"CHEMBL5154893";"1";"Scientific Literature";"J Med Chem";"2022";"None";"TIME = 0.25 hr";"ACTIVATOR";"";"1.9"
"CHEMBL5192898";"";"None";"492.98";"1";"7.98";"19";"O=C(CCN1c2ccccc2Sc2ccc(Cl)cc21)N(c1ccc(F)cc1)c1ccc(F)cc1";"EC200";"'='";"0.3";"uM";"";"";"";"UO_0000064";"";"";"";"";"0";"CHEMBL5166187";"Activation of human 20S proteosome at trypsin-like site assessed as substrate degradation using Boc-LLR-AMC as flurogenic substrate preincubated for 15 mins followed by substrate addition and measured after 1 hr by spectrometric analysis";"B";"BAO_0000223";"protein complex format";"Homo sapiens";"None";"None";"None";"None";"";"";"";"CHEMBL3831201";"20S proteasome";"Homo sapiens";"PROTEIN COMPLEX GROUP";"CHEMBL5154893";"1";"Scientific Literature";"J Med Chem";"2022";"None";"TIME = 0.25 hr";"ACTIVATOR";"";"0.3"
"CHEMBL5192898";"";"None";"492.98";"1";"7.98";"19";"O=C(CCN1c2ccccc2Sc2ccc(Cl)cc21)N(c1ccc(F)cc1)c1ccc(F)cc1";"FC";"'='";"6.0";"";"";"";"";"";"";"";"";"";"0";"CHEMBL5166188";"Activation of human 20S proteosome at trypsin-like site assessed as maximum fold change in substrate degradation using Boc-LLR-AMC as flurogenic substrate preincubated for 15 mins followed by substrate addition and measured after 1 hr by spectrometric analysis relative to control";"B";"BAO_0000223";"protein complex format";"Homo sapiens";"None";"None";"None";"None";"";"";"";"CHEMBL3831201";"20S proteasome";"Homo sapiens";"PROTEIN COMPLEX GROUP";"CHEMBL5154893";"1";"Scientific Literature";"J Med Chem";"2022";"None";"TIME = 0.25 hr";"ACTIVATOR";"";"6.0"
"CHEMBL5182203";"";"None";"381.88";"1";"6.07";"6";"CC(=O)Oc1ccc(CN2c3ccccc3Sc3ccc(Cl)cc32)cc1";"EC200";"'>'";"80.0";"uM";"";"";"";"UO_0000064";"";"";"";"";"0";"CHEMBL5166189";"Activation of human 20S proteosome at chymotrypsin like site assessed as substrate degradation using Suc-LLVY-AMC as flurogenic substrate preincubated for 15 mins followed by substrate addition and measured after 1 hr by spectrometric analysis";"B";"BAO_0000223";"protein complex format";"Homo sapiens";"None";"None";"None";"None";"";"";"";"CHEMBL3831201";"20S proteasome";"Homo sapiens";"PROTEIN COMPLEX GROUP";"CHEMBL5154893";"1";"Scientific Literature";"J Med Chem";"2022";"None";"TIME = 0.25 hr";"";"";"80.0"
"CHEMBL5189747";"";"None";"314.84";"1";"5.64";"10";"N#CCCCCN1c2ccccc2Sc2ccc(Cl)cc21";"EC200";"'>'";"80.0";"uM";"";"";"";"UO_0000064";"";"";"";"";"0";"CHEMBL5166185";"Activation of human 20S proteosome at caspase-like site assessed as substrate degradation using Z-LLE-AMC as flurogenic substrate preincubated for 15 mins followed by substrate addition and measured after 1 hr by spectrometric analysis";"B";"BAO_0000223";"protein complex format";"Homo sapiens";"None";"None";"None";"None";"";"";"";"CHEMBL3831201";"20S proteasome";"Homo sapiens";"PROTEIN COMPLEX GROUP";"CHEMBL5154893";"1";"Scientific Literature";"J Med Chem";"2022";"None";"TIME = 0.25 hr";"";"";"80.0"
"CHEMBL5178201";"";"None";"304.80";"0";"3.82";"15";"NC(=O)CCN1c2ccccc2Sc2ccc(Cl)cc21";"EC200";"'>'";"80.0";"uM";"";"";"";"UO_0000064";"";"";"";"";"0";"CHEMBL5166187";"Activation of human 20S proteosome at trypsin-like site assessed as substrate degradation using Boc-LLR-AMC as flurogenic substrate preincubated for 15 mins followed by substrate addition and measured after 1 hr by spectrometric analysis";"B";"BAO_0000223";"protein complex format";"Homo sapiens";"None";"None";"None";"None";"";"";"";"CHEMBL3831201";"20S proteasome";"Homo sapiens";"PROTEIN COMPLEX GROUP";"CHEMBL5154893";"1";"Scientific Literature";"J Med Chem";"2022";"None";"TIME = 0.25 hr";"";"";"80.0"
"CHEMBL5192898";"";"None";"492.98";"1";"7.98";"19";"O=C(CCN1c2ccccc2Sc2ccc(Cl)cc21)N(c1ccc(F)cc1)c1ccc(F)cc1";"EC200";"'='";"0.4";"uM";"";"";"";"UO_0000064";"";"";"";"";"0";"CHEMBL5166183";"Activation of human 20S proteosome assessed as substrate degradation using Suc-LLVY-AMC/Z-LLE-AMC/Boc-LLR-AMC as flurogenic substrate preincubated for 15 mins followed by substrate addition and measured after 1 hr by spectrometric analysis";"B";"BAO_0000223";"protein complex format";"Homo sapiens";"None";"None";"None";"None";"";"";"";"CHEMBL3831201";"20S proteasome";"Homo sapiens";"PROTEIN COMPLEX GROUP";"CHEMBL5154893";"1";"Scientific Literature";"J Med Chem";"2022";"None";"TIME = 0.25 hr";"ACTIVATOR";"";"0.4"
"CHEMBL5198457";"";"None";"338.86";"1";"5.73";"9";"Nc1cccc(CN2c3ccccc3Sc3ccc(Cl)cc32)c1";"EC200";"'='";"3.8";"uM";"";"";"";"UO_0000064";"";"";"";"";"0";"CHEMBL5166185";"Activation of human 20S proteosome at caspase-like site assessed as substrate degradation using Z-LLE-AMC as flurogenic substrate preincubated for 15 mins followed by substrate addition and measured after 1 hr by spectrometric analysis";"B";"BAO_0000223";"protein complex format";"Homo sapiens";"None";"None";"None";"None";"";"";"";"CHEMBL3831201";"20S proteasome";"Homo sapiens";"PROTEIN COMPLEX GROUP";"CHEMBL5154893";"1";"Scientific Literature";"J Med Chem";"2022";"None";"TIME = 0.25 hr";"ACTIVATOR";"";"3.8"
"CHEMBL5189747";"";"None";"314.84";"1";"5.64";"10";"N#CCCCCN1c2ccccc2Sc2ccc(Cl)cc21";"EC200";"'>'";"80.0";"uM";"";"";"";"UO_0000064";"";"";"";"";"0";"CHEMBL5166187";"Activation of human 20S proteosome at trypsin-like site assessed as substrate degradation using Boc-LLR-AMC as flurogenic substrate preincubated for 15 mins followed by substrate addition and measured after 1 hr by spectrometric analysis";"B";"BAO_0000223";"protein complex format";"Homo sapiens";"None";"None";"None";"None";"";"";"";"CHEMBL3831201";"20S proteasome";"Homo sapiens";"PROTEIN COMPLEX GROUP";"CHEMBL5154893";"1";"Scientific Literature";"J Med Chem";"2022";"None";"TIME = 0.25 hr";"";"";"80.0"
"CHEMBL5171842";"";"None";"380.90";"1";"5.97";"18";"O=C(CCN1c2ccccc2Sc2ccc(Cl)cc21)Nc1ccccc1";"EC200";"'='";"80.0";"uM";"";"";"";"UO_0000064";"";"";"";"";"0";"CHEMBL5166187";"Activation of human 20S proteosome at trypsin-like site assessed as substrate degradation using Boc-LLR-AMC as flurogenic substrate preincubated for 15 mins followed by substrate addition and measured after 1 hr by spectrometric analysis";"B";"BAO_0000223";"protein complex format";"Homo sapiens";"None";"None";"None";"None";"";"";"";"CHEMBL3831201";"20S proteasome";"Homo sapiens";"PROTEIN COMPLEX GROUP";"CHEMBL5154893";"1";"Scientific Literature";"J Med Chem";"2022";"None";"TIME = 0.25 hr";"ACTIVATOR";"";"80.0"
"CHEMBL5186597";"";"None";"412.92";"1";"6.13";"17";"CN(C(=O)CCN1c2ccccc2Sc2ccc(Cl)cc21)c1ccc(F)cc1";"EC200";"'>'";"80.0";"uM";"";"";"";"UO_0000064";"";"";"";"";"0";"CHEMBL5166189";"Activation of human 20S proteosome at chymotrypsin like site assessed as substrate degradation using Suc-LLVY-AMC as flurogenic substrate preincubated for 15 mins followed by substrate addition and measured after 1 hr by spectrometric analysis";"B";"BAO_0000223";"protein complex format";"Homo sapiens";"None";"None";"None";"None";"";"";"";"CHEMBL3831201";"20S proteasome";"Homo sapiens";"PROTEIN COMPLEX GROUP";"CHEMBL5154893";"1";"Scientific Literature";"J Med Chem";"2022";"None";"TIME = 0.25 hr";"";"";"80.0"
"CHEMBL465843";"PIPLARTINE";"None";"317.34";"0";"2.04";"PL";"COc1cc(/C=C/C(=O)N2CCC=CC2=O)cc(OC)c1OC";"IC50";"'='";"15000.0";"nM";"4.82";"";"";"UO_0000065";"15.20";"0.29";"2.78";"7.41";"0";"CHEMBL5241651";"Inhibition of human 20S proteasome";"B";"BAO_0000223";"protein complex format";"Homo sapiens";"None";"None";"None";"None";"";"";"";"CHEMBL3831201";"20S proteasome";"Homo sapiens";"PROTEIN COMPLEX GROUP";"CHEMBL5241072";"1";"Scientific Literature";"Eur J Med Chem";"2021";"None";"";"INHIBITOR";"";"15.0"
"CHEMBL4573271";"";"None";"371.57";"1";"7.14";"19";"CCCCCCCC/C=C\CCCCC/C=C/C(=O)Nc1ccc(O)cc1";"EC50";"'='";"24000.0";"nM";"4.62";"";"";"UO_0000065";"12.43";"0.23";"-2.52";"9.37";"0";"CHEMBL4373370";"Stimulation of human 20S proteasome using 11 amino acid FRET peptide as substrate measured every 2 mins over 1 hr by FRET assay";"B";"BAO_0000223";"protein complex format";"Homo sapiens";"None";"None";"None";"None";"";"";"";"CHEMBL3831201";"20S proteasome";"Homo sapiens";"PROTEIN COMPLEX GROUP";"CHEMBL4371088";"1";"Scientific Literature";"Bioorg Med Chem Lett";"2019";"None";"";"";"";"24.0"
"CHEMBL5192898";"";"None";"492.98";"1";"7.98";"19";"O=C(CCN1c2ccccc2Sc2ccc(Cl)cc21)N(c1ccc(F)cc1)c1ccc(F)cc1";"FC";"'='";"11.0";"";"";"";"";"";"";"";"";"";"0";"CHEMBL5166184";"Activation of human 20S proteosome assessed as maximum fold change in substrate degradation using Suc-LLVY-AMC/Z-LLE-AMC/Boc-LLR-AMC as flurogenic substrate preincubated for 15 mins followed by substrate addition and measured after 1 hr by spectrometric analysis relative to control";"B";"BAO_0000223";"protein complex format";"Homo sapiens";"None";"None";"None";"None";"";"";"";"CHEMBL3831201";"20S proteasome";"Homo sapiens";"PROTEIN COMPLEX GROUP";"CHEMBL5154893";"1";"Scientific Literature";"J Med Chem";"2022";"None";"TIME = 0.25 hr";"ACTIVATOR";"";"11.0"
"CHEMBL27214";"";"None";"886.06";"3";"4.77";"10";"COc1ccc(CNC(=O)[C@@H](NC(=O)[C@H](NCc2cc(OC)c(OC)c(OC)c2)[C@H](O)[C@H](Cc2ccccc2)NC(=O)[C@@H](NC(=O)OCc2ccccc2)C(C)(C)C)C(C)C)c(O)c1";"IC50";"'='";"50.0";"nM";"7.30";"";"";"UO_0000065";"8.24";"0.16";"2.53";"3.40";"0";"CHEMBL615352";"Tested in vitro for inhibition of chymotrypsin like activity of purified human 20S proteasome";"B";"BAO_0000220";"subcellular format";"Homo sapiens";"None";"None";"None";"None";"";"";"";"CHEMBL3831201";"20S proteasome";"Homo sapiens";"PROTEIN COMPLEX GROUP";"CHEMBL1136019";"1";"Scientific Literature";"Bioorg Med Chem Lett";"2002";"None";"";"";"";"0.05"
"CHEMBL1813227";"";"None";"294.12";"None";"None";"18g";"CC(C)C[C@H](NC(=O)CNC(=O)c1cnccn1)B(O)O";"IC50";"'='";"768.4";"nM";"6.11";"";"";"UO_0000065";"20.79";"None";"None";"None";"0";"CHEMBL5388152";"Inhibition of human 20S proteasome chymotrypsin-like activity using Suc-Leu-Leu-Val-Tyr-AMC as fluorogenic peptide pre-incubated for 10 mins with compound followed by substrate addition for 60 mins by spectrofluorimetric analysis";"B";"BAO_0000223";"protein complex format";"Homo sapiens";"None";"None";"None";"None";"";"";"";"CHEMBL3831201";"20S proteasome";"Homo sapiens";"PROTEIN COMPLEX GROUP";"CHEMBL5385891";"1";"Scientific Literature";"Eur J Med Chem";"2023";"None";"TIME = 1.167 hr";"INHIBITOR";"";"768.4"
"CHEMBL5412037";"";"None";"496.26";"None";"None";"18l";"CC(C)C[C@H](NC(=O)C(NC(=O)c1cc(C(F)(F)F)ccc1C(F)(F)F)C1CCCC1)B(O)O";"IC50";"'='";"6.0";"nM";"8.22";"";"";"UO_0000065";"16.57";"None";"None";"None";"0";"CHEMBL5388152";"Inhibition of human 20S proteasome chymotrypsin-like activity using Suc-Leu-Leu-Val-Tyr-AMC as fluorogenic peptide pre-incubated for 10 mins with compound followed by substrate addition for 60 mins by spectrofluorimetric analysis";"B";"BAO_0000223";"protein complex format";"Homo sapiens";"None";"None";"None";"None";"";"";"";"CHEMBL3831201";"20S proteasome";"Homo sapiens";"PROTEIN COMPLEX GROUP";"CHEMBL5385891";"1";"Scientific Literature";"Eur J Med Chem";"2023";"None";"TIME = 1.167 hr";"INHIBITOR";"";"6.0"
"CHEMBL4561568";"";"None";"373.58";"1";"7.37";"16";"CCCCCCCC/C=C\CCCCCCCC(=O)Nc1ccc(O)cc1";"Activity";"'='";"400.0";"%";"";"";"";"UO_0000187";"";"";"";"";"0";"CHEMBL4373371";"Stimulation of human 20S proteasome at EC50 using 11 amino acid FRET peptide as substrate measured every 2 mins over 1 hr by FRET assay relative to control";"B";"BAO_0000223";"protein complex format";"Homo sapiens";"None";"None";"None";"None";"";"";"";"CHEMBL3831201";"20S proteasome";"Homo sapiens";"PROTEIN COMPLEX GROUP";"CHEMBL4371088";"1";"Scientific Literature";"Bioorg Med Chem Lett";"2019";"None";"";"";"";"400.0"
"CHEMBL8659";"OLEIC ACID";"2.0";"282.47";"1";"6.11";"Oleic Acid";"CCCCCCCC/C=C\CCCCCCCC(=O)O";"Activity";"'='";"493.0";"%";"";"";"";"UO_0000187";"";"";"";"";"0";"CHEMBL4373369";"Stimulation of human 20S proteasome at 25 uM using 11 amino acid FRET peptide as substrate measured every 2 mins over 1 hr by FRET assay relative to control";"B";"BAO_0000223";"protein complex format";"Homo sapiens";"None";"None";"None";"None";"";"";"";"CHEMBL3831201";"20S proteasome";"Homo sapiens";"PROTEIN COMPLEX GROUP";"CHEMBL4371088";"1";"Scientific Literature";"Bioorg Med Chem Lett";"2019";"None";"";"";"";"493.0"
"CHEMBL4563496";"";"None";"325.45";"1";"5.75";"S7";"CCCCCCCCC(=O)Nc1cc(-c2ccccc2)ccc1O";"Activity";"'='";"29.0";"%";"";"";"";"UO_0000187";"";"";"";"";"0";"CHEMBL4373369";"Stimulation of human 20S proteasome at 25 uM using 11 amino acid FRET peptide as substrate measured every 2 mins over 1 hr by FRET assay relative to control";"B";"BAO_0000223";"protein complex format";"Homo sapiens";"None";"None";"None";"None";"";"";"";"CHEMBL3831201";"20S proteasome";"Homo sapiens";"PROTEIN COMPLEX GROUP";"CHEMBL4371088";"1";"Scientific Literature";"Bioorg Med Chem Lett";"2019";"None";"";"";"";"29.0"
"CHEMBL4467918";"";"None";"371.57";"1";"7.14";"20";"CCCCCCCC/C=C/CCCCC/C=C/C(=O)Nc1ccc(O)cc1";"Activity";"'='";"63.0";"%";"";"";"";"UO_0000187";"";"";"";"";"0";"CHEMBL4373369";"Stimulation of human 20S proteasome at 25 uM using 11 amino acid FRET peptide as substrate measured every 2 mins over 1 hr by FRET assay relative to control";"B";"BAO_0000223";"protein complex format";"Homo sapiens";"None";"None";"None";"None";"";"";"";"CHEMBL3831201";"20S proteasome";"Homo sapiens";"PROTEIN COMPLEX GROUP";"CHEMBL4371088";"1";"Scientific Literature";"Bioorg Med Chem Lett";"2019";"None";"";"";"";"63.0"
"CHEMBL4573271";"";"None";"371.57";"1";"7.14";"19";"CCCCCCCC/C=C\CCCCC/C=C/C(=O)Nc1ccc(O)cc1";"Activity";"'='";"260.0";"%";"";"";"";"UO_0000187";"";"";"";"";"0";"CHEMBL4373369";"Stimulation of human 20S proteasome at 25 uM using 11 amino acid FRET peptide as substrate measured every 2 mins over 1 hr by FRET assay relative to control";"B";"BAO_0000223";"protein complex format";"Homo sapiens";"None";"None";"None";"None";"";"";"";"CHEMBL3831201";"20S proteasome";"Homo sapiens";"PROTEIN COMPLEX GROUP";"CHEMBL4371088";"1";"Scientific Literature";"Bioorg Med Chem Lett";"2019";"None";"";"";"";"260.0"
"CHEMBL1801545";"";"None";"191.23";"0";"2.30";"12";"CC(C)=CC(=O)Nc1ccc(O)cc1";"Activity";"'='";"3.0";"%";"";"";"";"UO_0000187";"";"";"";"";"0";"CHEMBL4373369";"Stimulation of human 20S proteasome at 25 uM using 11 amino acid FRET peptide as substrate measured every 2 mins over 1 hr by FRET assay relative to control";"B";"BAO_0000223";"protein complex format";"Homo sapiens";"None";"None";"None";"None";"";"";"";"CHEMBL3831201";"20S proteasome";"Homo sapiens";"PROTEIN COMPLEX GROUP";"CHEMBL4371088";"1";"Scientific Literature";"Bioorg Med Chem Lett";"2019";"None";"";"";"";"3.0"
"CHEMBL1802302";"";"None";"193.25";"0";"2.52";"2";"CCCCC(=O)Nc1ccc(O)cc1";"Activity";"'='";"14.0";"%";"";"";"";"UO_0000187";"";"";"";"";"0";"CHEMBL4373369";"Stimulation of human 20S proteasome at 25 uM using 11 amino acid FRET peptide as substrate measured every 2 mins over 1 hr by FRET assay relative to control";"B";"BAO_0000223";"protein complex format";"Homo sapiens";"None";"None";"None";"None";"";"";"";"CHEMBL3831201";"20S proteasome";"Homo sapiens";"PROTEIN COMPLEX GROUP";"CHEMBL4371088";"1";"Scientific Literature";"Bioorg Med Chem Lett";"2019";"None";"";"";"";"14.0"
"CHEMBL5181236";"";"None";"411.44";"0";"2.39";"4";"O=C(Nc1ccc(F)c(-c2cn3nc(N4CCOCC4)cnc3n2)c1)N1CCCC1";"IC50";"'>'";"100000.0";"nM";"";"";"";"UO_0000065";"";"";"";"";"0";"CHEMBL5352349";"Inhibition of chymotrypsin like activity in human proteasome using Suc-LLVY-Rho-110-D-Proline peptide as substrate preincubated for 10 mins followed by substrate addition and measured for 30 mins by fluorescence based microplate reader analysis";"B";"BAO_0000223";"protein complex format";"Homo sapiens";"None";"None";"None";"None";"";"";"";"CHEMBL3831201";"20S proteasome";"Homo sapiens";"PROTEIN COMPLEX GROUP";"CHEMBL5346981";"1";"Scientific Literature";"J Med Chem";"2023";"None";"TIME = 0.6667 hr";"";"";"4.0"
"CHEMBL5542923";"";"None";"683.63";"None";"None";"38";"CC(C)C[C@H](NC(=O)[C@H](Cc1ccccc1)NC(=O)c1cc(COc2ccccc2C(N)=O)ccc1F)B1O[C@@H]2C[C@@H]3C[C@@H](C3(C)C)[C@]2(C)O1";"IC50";"";"";"";"";"";"Not Determined";"";"";"";"";"";"0";"CHEMBL5528522";"Inhibition of 20S proteasome (unknown origin) using Suv-LLVY-AMC as substrate";"B";"BAO_0000223";"protein complex format";"Homo sapiens";"None";"None";"None";"None";"";"";"";"CHEMBL3831201";"20S proteasome";"Homo sapiens";"PROTEIN COMPLEX GROUP";"CHEMBL5528008";"1";"Scientific Literature";"Eur J Med Chem";"2024";"None";"";"";"";""
"CHEMBL5555633";"";"None";"692.64";"None";"None";"42b";"CC(C)C[C@H](NC(=O)[C@H](Cc1ccccc1)NC(=O)c1cc(Cc2n[nH]c(=O)c3ccccc23)ccc1F)B1O[C@@H]2C[C@@H]3C[C@@H](C3(C)C)[C@]2(C)O1";"IC50";"'='";"24.7";"nM";"7.61";"";"";"UO_0000065";"10.98";"None";"None";"None";"0";"CHEMBL5528522";"Inhibition of 20S proteasome (unknown origin) using Suv-LLVY-AMC as substrate";"B";"BAO_0000223";"protein complex format";"Homo sapiens";"None";"None";"None";"None";"";"";"";"CHEMBL3831201";"20S proteasome";"Homo sapiens";"PROTEIN COMPLEX GROUP";"CHEMBL5528008";"1";"Scientific Literature";"Eur J Med Chem";"2024";"None";"";"INHIBITOR";"";"24.7"
"CHEMBL5570618";"";"None";"597.46";"None";"None";"41e";"CC(C)C[C@H](NC(=O)[C@H](Cc1c[nH]c2ccccc12)NC(=O)c1cc(Cc2n[nH]c(=O)c3ccccc23)ccc1F)B(O)O";"IC50";"'='";"56.1";"nM";"7.25";"";"";"UO_0000065";"12.14";"None";"None";"None";"0";"CHEMBL5528522";"Inhibition of 20S proteasome (unknown origin) using Suv-LLVY-AMC as substrate";"B";"BAO_0000223";"protein complex format";"Homo sapiens";"None";"None";"None";"None";"";"";"";"CHEMBL3831201";"20S proteasome";"Homo sapiens";"PROTEIN COMPLEX GROUP";"CHEMBL5528008";"1";"Scientific Literature";"Eur J Med Chem";"2024";"None";"";"INHIBITOR";"";"56.1"
"CHEMBL5570683";"";"None";"708.64";"None";"None";"42e";"CC(C)C[C@H](NC(=O)[C@H](Cc1ccc(O)cc1)NC(=O)c1cc(Cc2n[nH]c(=O)c3ccccc23)ccc1F)B1O[C@@H]2C[C@@H]3C[C@@H](C3(C)C)[C@]2(C)O1";"IC50";"'='";"47.6";"nM";"7.32";"";"";"UO_0000065";"10.33";"None";"None";"None";"0";"CHEMBL5528522";"Inhibition of 20S proteasome (unknown origin) using Suv-LLVY-AMC as substrate";"B";"BAO_0000223";"protein complex format";"Homo sapiens";"None";"None";"None";"None";"";"";"";"CHEMBL3831201";"20S proteasome";"Homo sapiens";"PROTEIN COMPLEX GROUP";"CHEMBL5528008";"1";"Scientific Literature";"Eur J Med Chem";"2024";"None";"";"INHIBITOR";"";"47.6"
"CHEMBL5571547";"";"None";"706.67";"None";"None";"42h";"CC(C)C[C@H](NC(=O)[C@H](CCc1ccccc1)NC(=O)c1cc(Cc2n[nH]c(=O)c3ccccc23)ccc1F)B1O[C@@H]2C[C@@H]3C[C@@H](C3(C)C)[C@]2(C)O1";"IC50";"'='";"34.5";"nM";"7.46";"";"";"UO_0000065";"10.56";"None";"None";"None";"0";"CHEMBL5528522";"Inhibition of 20S proteasome (unknown origin) using Suv-LLVY-AMC as substrate";"B";"BAO_0000223";"protein complex format";"Homo sapiens";"None";"None";"None";"None";"";"";"";"CHEMBL3831201";"20S proteasome";"Homo sapiens";"PROTEIN COMPLEX GROUP";"CHEMBL5528008";"1";"Scientific Literature";"Eur J Med Chem";"2024";"None";"";"INHIBITOR";"";"34.5"
"CHEMBL4581126";"";"None";"2293.72";"None";"None";"Tat-B";"CC(=O)N[C@@H](Cc1ccc(O)cc1)C(=O)NCC(=O)N[C@@H](CCCNC(=N)N)C(=O)N[C@@H](CCCCN)C(=O)N[C@@H](CCCCN)C(=O)N[C@@H](CCCNC(=N)N)C(=O)N[C@@H](CCCNC(=N)N)C(=O)N[C@@H](CCC(N)=O)C(=O)N[C@@H](CCCNC(=N)N)C(=O)N[C@@H](CCCNC(=N)N)C(=O)N[C@@H](CCCNC(=N)N)C(=O)NCC(=O)NCC(=O)NCC(=O)N[C@@H](Cc1ccc(O)cc1)C(=O)N[C@@H](CC(C)C)C(=O)N[C@@H](Cc1ccccc1)C(=O)N[C@H](C=O)CC(C)C";"IC50";"'='";"4.28";"nM";"8.37";"";"";"UO_0000065";"3.65";"None";"None";"None";"0";"CHEMBL4357205";"Inhibition of human 20S proteasome using Suc-LLVY-AMC as substrate measured every 5 mins for 120 mins by fluorescence based assay";"B";"BAO_0000223";"protein complex format";"Homo sapiens";"None";"None";"None";"None";"";"";"";"CHEMBL3831201";"20S proteasome";"Homo sapiens";"PROTEIN COMPLEX GROUP";"CHEMBL4354831";"1";"Scientific Literature";"J Med Chem";"2020";"None";"";"";"";"4.28"
"CHEMBL4587036";"";"None";"2096.53";"None";"None";"Tat-A";"CC(=O)N[C@@H](Cc1ccc(O)cc1)C(=O)NCC(=O)N[C@@H](CCCNC(=N)N)C(=O)N[C@@H](CCCCN)C(=O)N[C@@H](CCCCN)C(=O)N[C@@H](CCCNC(=N)N)C(=O)N[C@@H](CCCNC(=N)N)C(=O)N[C@@H](CCC(N)=O)C(=O)N[C@@H](CCCNC(=N)N)C(=O)N[C@@H](CCCNC(=N)N)C(=O)N[C@@H](CCCNC(=N)N)C(=O)NCC(=O)NCC(=O)NCC(=O)N[C@@H](CC(C)C)C(=O)N[C@@H](CC(C)C)C(=O)N[C@H](C=O)CC(C)C";"Inhibition";"";"";"%";"";"";"";"UO_0000187";"";"";"";"";"0";"CHEMBL4357206";"Inhibition of 20S proteasome in human HeLa cells at 2xIC50 using LLVY-R110 peptide as substrate measured up to 36 hrs by fluorescence based assay";"B";"BAO_0000219";"cell-based format";"Homo sapiens";"None";"None";"HeLa";"None";"";"";"";"CHEMBL3831201";"20S proteasome";"Homo sapiens";"PROTEIN COMPLEX GROUP";"CHEMBL4354831";"1";"Scientific Literature";"J Med Chem";"2020";"CHEMBL3308376";"";"";"Active";""
"CHEMBL4581126";"";"None";"2293.72";"None";"None";"Tat-B";"CC(=O)N[C@@H](Cc1ccc(O)cc1)C(=O)NCC(=O)N[C@@H](CCCNC(=N)N)C(=O)N[C@@H](CCCCN)C(=O)N[C@@H](CCCCN)C(=O)N[C@@H](CCCNC(=N)N)C(=O)N[C@@H](CCCNC(=N)N)C(=O)N[C@@H](CCC(N)=O)C(=O)N[C@@H](CCCNC(=N)N)C(=O)N[C@@H](CCCNC(=N)N)C(=O)N[C@@H](CCCNC(=N)N)C(=O)NCC(=O)NCC(=O)NCC(=O)N[C@@H](Cc1ccc(O)cc1)C(=O)N[C@@H](CC(C)C)C(=O)N[C@@H](Cc1ccccc1)C(=O)N[C@H](C=O)CC(C)C";"Ratio IC50";"'='";"4.0";"";"";"";"";"";"";"";"";"";"0";"CHEMBL4357208";"Potency index, ratio of ixazomib IC50 to compound IC50 for inhibition of human 20S proteasome using Suc-LLVY-AMC as substrate measured every 5 mins for 120 mins by fluorescence based assay";"B";"BAO_0000223";"protein complex format";"Homo sapiens";"None";"None";"None";"None";"";"";"";"CHEMBL3831201";"20S proteasome";"Homo sapiens";"PROTEIN COMPLEX GROUP";"CHEMBL4354831";"1";"Scientific Literature";"J Med Chem";"2020";"None";"";"";"";"4.0"
"CHEMBL4465435";"";"None";"317.47";"1";"5.81";"17";"CCCCCCCCCCC/C=C/C(=O)Nc1ccc(O)cc1";"Activity";"'='";"85.0";"%";"";"";"";"UO_0000187";"";"";"";"";"0";"CHEMBL4373369";"Stimulation of human 20S proteasome at 25 uM using 11 amino acid FRET peptide as substrate measured every 2 mins over 1 hr by FRET assay relative to control";"B";"BAO_0000223";"protein complex format";"Homo sapiens";"None";"None";"None";"None";"";"";"";"CHEMBL3831201";"20S proteasome";"Homo sapiens";"PROTEIN COMPLEX GROUP";"CHEMBL4371088";"1";"Scientific Literature";"Bioorg Med Chem Lett";"2019";"None";"";"";"";"85.0"
"CHEMBL5175331";"";"None";"449.68";"1";"9.45";"3";"CCCCCCCC/C=C\CCCCCCCC(=O)Nc1ccc(Oc2ccccc2)cc1";"Activity";"'='";"145.0";"%";"";"";"";"UO_0000187";"";"";"";"";"0";"CHEMBL5107497";"Stimulation of human 20S proteasome assessed as increase in proteasome activity at 25 uM and measured upto 60 mins using FRET peptide as substrate by FRET assay relative to control";"B";"BAO_0000223";"protein complex format";"Homo sapiens";"None";"None";"None";"None";"";"";"";"CHEMBL3831201";"20S proteasome";"Homo sapiens";"PROTEIN COMPLEX GROUP";"CHEMBL5104206";"1";"Scientific Literature";"RSC Med Chem";"2022";"None";"Dose = 25.0 microM | TIME <= 1.0 hr";"ACTIVATOR";"";"145.0"
"CHEMBL5180865";"";"None";"377.66";"1";"7.86";"21";"CCCCCCCC/C=C\CCCCCCCC(=O)NC1CCCCCC1";"Activity";"'='";"136.0";"%";"";"";"";"UO_0000187";"";"";"";"";"0";"CHEMBL5107497";"Stimulation of human 20S proteasome assessed as increase in proteasome activity at 25 uM and measured upto 60 mins using FRET peptide as substrate by FRET assay relative to control";"B";"BAO_0000223";"protein complex format";"Homo sapiens";"None";"None";"None";"None";"";"";"";"CHEMBL3831201";"20S proteasome";"Homo sapiens";"PROTEIN COMPLEX GROUP";"CHEMBL5104206";"1";"Scientific Literature";"RSC Med Chem";"2022";"None";"Dose = 25.0 microM | TIME <= 1.0 hr";"ACTIVATOR";"";"136.0"
"CHEMBL5205986";"";"None";"391.68";"1";"8.25";"22";"CCCCCCCC/C=C\CCCCCCCC(=O)NC1CCCCCCC1";"Activity";"'='";"148.0";"%";"";"";"";"UO_0000187";"";"";"";"";"0";"CHEMBL5107497";"Stimulation of human 20S proteasome assessed as increase in proteasome activity at 25 uM and measured upto 60 mins using FRET peptide as substrate by FRET assay relative to control";"B";"BAO_0000223";"protein complex format";"Homo sapiens";"None";"None";"None";"None";"";"";"";"CHEMBL3831201";"20S proteasome";"Homo sapiens";"PROTEIN COMPLEX GROUP";"CHEMBL5104206";"1";"Scientific Literature";"RSC Med Chem";"2022";"None";"Dose = 25.0 microM | TIME <= 1.0 hr";"ACTIVATOR";"";"148.0"
"CHEMBL277050";"";"None";"337.59";"1";"6.94";"26";"CCCCCCCC/C=C\CCCCCCCC(=O)NCCCC";"Activity";"'='";"138.0";"%";"";"";"";"UO_0000187";"";"";"";"";"0";"CHEMBL5107497";"Stimulation of human 20S proteasome assessed as increase in proteasome activity at 25 uM and measured upto 60 mins using FRET peptide as substrate by FRET assay relative to control";"B";"BAO_0000223";"protein complex format";"Homo sapiens";"None";"None";"None";"None";"";"";"";"CHEMBL3831201";"20S proteasome";"Homo sapiens";"PROTEIN COMPLEX GROUP";"CHEMBL5104206";"1";"Scientific Literature";"RSC Med Chem";"2022";"None";"Dose = 25.0 microM | TIME <= 1.0 hr";"ACTIVATOR";"";"138.0"
"CHEMBL4453814";"";"None";"383.53";"0";"1.80";"Cpd A";"CC(=O)N[C@@H](CC(C)C)C(=O)N[C@@H](CC(C)C)C(=O)N[C@H](C=O)CC(C)C";"IC50";"'='";"136.0";"nM";"6.87";"";"";"UO_0000065";"17.90";"0.35";"5.07";"6.58";"0";"CHEMBL4357205";"Inhibition of human 20S proteasome using Suc-LLVY-AMC as substrate measured every 5 mins for 120 mins by fluorescence based assay";"B";"BAO_0000223";"protein complex format";"Homo sapiens";"None";"None";"None";"None";"";"";"";"CHEMBL3831201";"20S proteasome";"Homo sapiens";"PROTEIN COMPLEX GROUP";"CHEMBL4354831";"1";"Scientific Literature";"J Med Chem";"2020";"None";"";"";"";"136.0"
"CHEMBL4587036";"";"None";"2096.53";"None";"None";"Tat-A";"CC(=O)N[C@@H](Cc1ccc(O)cc1)C(=O)NCC(=O)N[C@@H](CCCNC(=N)N)C(=O)N[C@@H](CCCCN)C(=O)N[C@@H](CCCCN)C(=O)N[C@@H](CCCNC(=N)N)C(=O)N[C@@H](CCCNC(=N)N)C(=O)N[C@@H](CCC(N)=O)C(=O)N[C@@H](CCCNC(=N)N)C(=O)N[C@@H](CCCNC(=N)N)C(=O)N[C@@H](CCCNC(=N)N)C(=O)NCC(=O)NCC(=O)NCC(=O)N[C@@H](CC(C)C)C(=O)N[C@@H](CC(C)C)C(=O)N[C@H](C=O)CC(C)C";"Ratio IC50";"'='";"6.0";"";"";"";"";"";"";"";"";"";"0";"CHEMBL4357208";"Potency index, ratio of ixazomib IC50 to compound IC50 for inhibition of human 20S proteasome using Suc-LLVY-AMC as substrate measured every 5 mins for 120 mins by fluorescence based assay";"B";"BAO_0000223";"protein complex format";"Homo sapiens";"None";"None";"None";"None";"";"";"";"CHEMBL3831201";"20S proteasome";"Homo sapiens";"PROTEIN COMPLEX GROUP";"CHEMBL4354831";"1";"Scientific Literature";"J Med Chem";"2020";"None";"";"";"";"6.0"
"CHEMBL31410";"CORYNANTHEINE";"None";"354.45";"0";"2.65";"13";"COC(=O)[C@H]1[C@H]2C[C@H]3c4[nH]c5ccccc5c4CCN3C[C@@H]2CC[C@@H]1O";"FC";"'<'";"3.0";"";"";"";"";"";"";"";"";"";"0";"CHEMBL5345265";"Activation of human 20S proteasome chymotrypsin-like hydrolysis activity assessed as measuring fold increase in protein activity using SucLLVY-MCA as a fluorogenic substrate at 20 uM incubated for 1 hrs by fluorescence based assay relative to DMSO";"B";"BAO_0000223";"protein complex format";"Homo sapiens";"None";"None";"None";"None";"";"";"";"CHEMBL3831201";"20S proteasome";"Homo sapiens";"PROTEIN COMPLEX GROUP";"CHEMBL5344422";"1";"Scientific Literature";"J Nat Prod";"2024";"None";"DOSE = 20.0 microM | TIME = 1.0 hr";"";"";"3.0"
"CHEMBL10347";"RAUWOLSCINE";"None";"354.45";"0";"2.65";"11";"COC(=O)[C@H]1[C@H]2C[C@H]3c4[nH]c5ccccc5c4CCN3C[C@H]2CC[C@@H]1O";"FC";"'='";"1.32";"";"";"";"";"";"";"";"";"";"0";"CHEMBL5345266";"Activation of human 20S proteasome chymotrypsin-like hydrolysis activity assessed as measuring fold increase in protein activity using SucLLVY-MCA as a fluorogenic substrate at 10 uM incubated for 20 mins by fluorescence based assay relative to DMSO";"B";"BAO_0000223";"protein complex format";"Homo sapiens";"None";"None";"None";"None";"";"";"";"CHEMBL3831201";"20S proteasome";"Homo sapiens";"PROTEIN COMPLEX GROUP";"CHEMBL5344422";"1";"Scientific Literature";"J Nat Prod";"2024";"None";"DOSE = 10.0 microM | TIME = 0.3333 hr";"ACTIVATOR";"";"1.32"
"CHEMBL2229622";"2E-DECENOIC ACID";"None";"170.25";"0";"2.99";"S13";"CCCCCCC/C=C/C(=O)O";"Activity";"'='";"41.0";"%";"";"";"";"UO_0000187";"";"";"";"";"0";"CHEMBL4373369";"Stimulation of human 20S proteasome at 25 uM using 11 amino acid FRET peptide as substrate measured every 2 mins over 1 hr by FRET assay relative to control";"B";"BAO_0000223";"protein complex format";"Homo sapiens";"None";"None";"None";"None";"";"";"";"CHEMBL3831201";"20S proteasome";"Homo sapiens";"PROTEIN COMPLEX GROUP";"CHEMBL4371088";"1";"Scientific Literature";"Bioorg Med Chem Lett";"2019";"None";"";"";"";"41.0"
"CHEMBL5172559";"";"None";"385.64";"1";"7.65";"10";"CCCCCCCC/C=C\CCCCCCCC(=O)NCc1ccc(C)cc1";"Activity";"'='";"167.0";"%";"";"";"";"UO_0000187";"";"";"";"";"0";"CHEMBL5107497";"Stimulation of human 20S proteasome assessed as increase in proteasome activity at 25 uM and measured upto 60 mins using FRET peptide as substrate by FRET assay relative to control";"B";"BAO_0000223";"protein complex format";"Homo sapiens";"None";"None";"None";"None";"";"";"";"CHEMBL3831201";"20S proteasome";"Homo sapiens";"PROTEIN COMPLEX GROUP";"CHEMBL5104206";"1";"Scientific Literature";"RSC Med Chem";"2022";"None";"Dose = 25.0 microM | TIME <= 1.0 hr";"ACTIVATOR";"";"167.0"
"CHEMBL5423645";"";"None";"468.20";"None";"None";"18j";"CC(C)C[C@H](NC(=O)C(NC(=O)c1cc(C(F)(F)F)ccc1C(F)(F)F)C1CC1)B(O)O";"IC50";"'='";"5.6";"nM";"8.25";"";"";"UO_0000065";"17.62";"None";"None";"None";"0";"CHEMBL5388152";"Inhibition of human 20S proteasome chymotrypsin-like activity using Suc-Leu-Leu-Val-Tyr-AMC as fluorogenic peptide pre-incubated for 10 mins with compound followed by substrate addition for 60 mins by spectrofluorimetric analysis";"B";"BAO_0000223";"protein complex format";"Homo sapiens";"None";"None";"None";"None";"";"";"";"CHEMBL3831201";"20S proteasome";"Homo sapiens";"PROTEIN COMPLEX GROUP";"CHEMBL5385891";"1";"Scientific Literature";"Eur J Med Chem";"2023";"None";"TIME = 1.167 hr";"INHIBITOR";"";"5.6"
"CHEMBL5431451";"";"None";"513.18";"None";"None";"18n";"CC(C)C[C@H](NC(=O)CNC(=O)c1cc(Cl)ccc1Cl)B1OC2C3OC(CC3C(=O)O)C2(C)O1";"IC50";"'='";"5.2";"nM";"8.28";"";"";"UO_0000065";"16.14";"None";"None";"None";"0";"CHEMBL5388152";"Inhibition of human 20S proteasome chymotrypsin-like activity using Suc-Leu-Leu-Val-Tyr-AMC as fluorogenic peptide pre-incubated for 10 mins with compound followed by substrate addition for 60 mins by spectrofluorimetric analysis";"B";"BAO_0000223";"protein complex format";"Homo sapiens";"None";"None";"None";"None";"";"";"";"CHEMBL3831201";"20S proteasome";"Homo sapiens";"PROTEIN COMPLEX GROUP";"CHEMBL5385891";"1";"Scientific Literature";"Eur J Med Chem";"2023";"None";"TIME = 1.167 hr";"INHIBITOR";"";"5.2"
"CHEMBL5394458";"";"None";"513.23";"None";"None";"18o";"CC(C)C[C@H](NC(=O)CNC(=O)c1cc(Cl)ccc1Cl)B1OC2(C)CCC(C(=O)O)CC2(C)O1";"IC50";"'='";"9.6";"nM";"8.02";"";"";"UO_0000065";"15.62";"None";"None";"None";"0";"CHEMBL5388152";"Inhibition of human 20S proteasome chymotrypsin-like activity using Suc-Leu-Leu-Val-Tyr-AMC as fluorogenic peptide pre-incubated for 10 mins with compound followed by substrate addition for 60 mins by spectrofluorimetric analysis";"B";"BAO_0000223";"protein complex format";"Homo sapiens";"None";"None";"None";"None";"";"";"";"CHEMBL3831201";"20S proteasome";"Homo sapiens";"PROTEIN COMPLEX GROUP";"CHEMBL5385891";"1";"Scientific Literature";"Eur J Med Chem";"2023";"None";"TIME = 1.167 hr";"INHIBITOR";"";"9.6"
"CHEMBL1801546";"";"None";"193.25";"0";"2.38";"8";"CC(C)CC(=O)Nc1ccc(O)cc1";"Activity";"'='";"7.0";"%";"";"";"";"UO_0000187";"";"";"";"";"0";"CHEMBL4373369";"Stimulation of human 20S proteasome at 25 uM using 11 amino acid FRET peptide as substrate measured every 2 mins over 1 hr by FRET assay relative to control";"B";"BAO_0000223";"protein complex format";"Homo sapiens";"None";"None";"None";"None";"";"";"";"CHEMBL3831201";"20S proteasome";"Homo sapiens";"PROTEIN COMPLEX GROUP";"CHEMBL4371088";"1";"Scientific Literature";"Bioorg Med Chem Lett";"2019";"None";"";"";"";"7.0"
"CHEMBL4453193";"";"None";"280.45";"1";"5.88";"14";"CCCCCCCC/C=C\CCCCC/C=C/C(=O)O";"Activity";"'='";"264.0";"%";"";"";"";"UO_0000187";"";"";"";"";"0";"CHEMBL4373369";"Stimulation of human 20S proteasome at 25 uM using 11 amino acid FRET peptide as substrate measured every 2 mins over 1 hr by FRET assay relative to control";"B";"BAO_0000223";"protein complex format";"Homo sapiens";"None";"None";"None";"None";"";"";"";"CHEMBL3831201";"20S proteasome";"Homo sapiens";"PROTEIN COMPLEX GROUP";"CHEMBL4371088";"1";"Scientific Literature";"Bioorg Med Chem Lett";"2019";"None";"";"";"";"264.0"
"CHEMBL440135";"PARAPROPAMOL";"2.0";"165.19";"0";"1.74";"1";"CCC(=O)Nc1ccc(O)cc1";"Activity";"'='";"0.0";"%";"";"";"";"UO_0000187";"";"";"";"";"0";"CHEMBL4373369";"Stimulation of human 20S proteasome at 25 uM using 11 amino acid FRET peptide as substrate measured every 2 mins over 1 hr by FRET assay relative to control";"B";"BAO_0000223";"protein complex format";"Homo sapiens";"None";"None";"None";"None";"";"";"";"CHEMBL3831201";"20S proteasome";"Homo sapiens";"PROTEIN COMPLEX GROUP";"CHEMBL4371088";"1";"Scientific Literature";"Bioorg Med Chem Lett";"2019";"None";"";"";"";"0.0"
"CHEMBL4561568";"";"None";"373.58";"1";"7.37";"16";"CCCCCCCC/C=C\CCCCCCCC(=O)Nc1ccc(O)cc1";"Activity";"'='";"201.0";"%";"";"";"";"UO_0000187";"";"";"";"";"0";"CHEMBL4373369";"Stimulation of human 20S proteasome at 25 uM using 11 amino acid FRET peptide as substrate measured every 2 mins over 1 hr by FRET assay relative to control";"B";"BAO_0000223";"protein complex format";"Homo sapiens";"None";"None";"None";"None";"";"";"";"CHEMBL3831201";"20S proteasome";"Homo sapiens";"PROTEIN COMPLEX GROUP";"CHEMBL4371088";"1";"Scientific Literature";"Bioorg Med Chem Lett";"2019";"None";"";"";"";"201.0"
"CHEMBL5412210";"";"None";"679.77";"1";"2.90";"15a";"CC(=O)N[C@H]1Cc2ccc([N+](=O)[O-])c(c2)Oc2ccc(cc2)C[C@@H](C(=O)N[C@@H](CC(C)C)C(=O)[C@@]2(C)CO2)NC(=O)[C@H](CC(C)C)NC1=O";"IC50";"'='";"550.0";"nM";"6.26";"";"";"UO_0000065";"9.21";"0.17";"3.36";"3.16";"0";"CHEMBL5338549";"Inhibition of human 20S proteasome chymotrypsin-like activity using Suc-LLVY-AMC as a fluorogenic substrate measured every 20 seconds for 10 mins by fluorescence based assay";"B";"BAO_0000223";"protein complex format";"Homo sapiens";"None";"None";"None";"None";"";"";"";"CHEMBL3831201";"20S proteasome";"Homo sapiens";"PROTEIN COMPLEX GROUP";"CHEMBL5335865";"1";"Scientific Literature";"ACS Med Chem Lett";"2024";"None";"TIME = 0.1667 hr";"INHIBITOR";"";"0.55"
"CHEMBL3806032";"";"None";"715.80";"1";"4.53";"16";"CC(C)C[C@@H](C=O)NC(=O)[C@@H]1Cc2ccc(cc2)Oc2cc(ccc2[N+](=O)[O-])C[C@H](NC(=O)OCc2ccccc2)C(=O)N[C@@H](CC(C)C)C(=O)N1";"IC50";"'='";"240.0";"nM";"6.62";"";"";"UO_0000065";"9.25";"0.17";"2.09";"3.39";"0";"CHEMBL5338549";"Inhibition of human 20S proteasome chymotrypsin-like activity using Suc-LLVY-AMC as a fluorogenic substrate measured every 20 seconds for 10 mins by fluorescence based assay";"B";"BAO_0000223";"protein complex format";"Homo sapiens";"None";"None";"None";"None";"";"";"";"CHEMBL3831201";"20S proteasome";"Homo sapiens";"PROTEIN COMPLEX GROUP";"CHEMBL5335865";"1";"Scientific Literature";"ACS Med Chem Lett";"2024";"None";"TIME = 0.1667 hr";"INHIBITOR";"";"0.24"
"CHEMBL5432014";"";"None";"754.81";"2";"2.52";"6";"CC(=O)N[C@@H](Cc1ccc([N+](=O)[O-])c(F)c1)C(=O)N[C@@H](CC(C)C)C(=O)N[C@@H](CC1C(=O)Nc2ccc(O)cc21)C(=O)N[C@@H](CC(C)C)C(=O)[C@@]1(C)CO1";"Inhibition";"";"";"%";"";"";"";"UO_0000187";"";"";"";"";"0";"CHEMBL5338553";"Inhibition of human 20S proteasome PGPH-like activity using Cbz-LLE-AMC as a fluorogenic substrate at 130 uM measured every 20 seconds for 10 mins by fluorescence based assay";"B";"BAO_0000223";"protein complex format";"Homo sapiens";"None";"None";"None";"None";"";"";"";"CHEMBL3831201";"20S proteasome";"Homo sapiens";"PROTEIN COMPLEX GROUP";"CHEMBL5335865";"1";"Scientific Literature";"ACS Med Chem Lett";"2024";"None";"DOSE = 130.0 microM | TIME = 0.1667 hr";"";"Not active";""
"CHEMBL325041";"BORTEZOMIB";"4.0";"384.25";"None";"None";"5a";"CC(C)C[C@H](NC(=O)[C@H](Cc1ccccc1)NC(=O)c1cnccn1)B(O)O";"IC50";"'='";"3.0";"nM";"8.52";"";"";"UO_0000065";"22.18";"None";"None";"None";"0";"CHEMBL5527363";"Inhibition of human 20s proteasome";"B";"BAO_0000223";"protein complex format";"Homo sapiens";"None";"None";"None";"None";"";"";"";"CHEMBL3831201";"20S proteasome";"Homo sapiens";"PROTEIN COMPLEX GROUP";"CHEMBL5523765";"1";"Scientific Literature";"J Med Chem";"2024";"None";"";"INHIBITOR";"";"3.0"
"CHEMBL5571308";"";"None";"580.51";"None";"None";"32a";"Cc1c(Cc2ccc(F)c(C(=O)NCC(=O)N[C@@H](CC(C)C)B3O[C@@H]4C[C@@H]5C[C@@H](C5(C)C)[C@]4(C)O3)c2)n[nH]c(=O)c1C";"IC50";"'='";"39.5";"nM";"7.40";"";"";"UO_0000065";"12.75";"None";"None";"None";"0";"CHEMBL5528522";"Inhibition of 20S proteasome (unknown origin) using Suv-LLVY-AMC as substrate";"B";"BAO_0000223";"protein complex format";"Homo sapiens";"None";"None";"None";"None";"";"";"";"CHEMBL3831201";"20S proteasome";"Homo sapiens";"PROTEIN COMPLEX GROUP";"CHEMBL5528008";"1";"Scientific Literature";"Eur J Med Chem";"2024";"None";"";"INHIBITOR";"";"39.5"
"CHEMBL5573996";"";"None";"670.64";"None";"None";"32b";"Cc1c(Cc2ccc(F)c(C(=O)N[C@@H](Cc3ccccc3)C(=O)N[C@@H](CC(C)C)B3O[C@@H]4C[C@@H]5C[C@@H](C5(C)C)[C@]4(C)O3)c2)n[nH]c(=O)c1C";"IC50";"";"";"";"";"";"Not Determined";"";"";"";"";"";"0";"CHEMBL5528522";"Inhibition of 20S proteasome (unknown origin) using Suv-LLVY-AMC as substrate";"B";"BAO_0000223";"protein complex format";"Homo sapiens";"None";"None";"None";"None";"";"";"";"CHEMBL3831201";"20S proteasome";"Homo sapiens";"PROTEIN COMPLEX GROUP";"CHEMBL5528008";"1";"Scientific Literature";"Eur J Med Chem";"2024";"None";"";"";"";""
"CHEMBL5571281";"";"None";"602.52";"None";"None";"42a";"CC(C)C[C@H](NC(=O)CNC(=O)c1cc(Cc2n[nH]c(=O)c3ccccc23)ccc1F)B1O[C@@H]2C[C@@H]3C[C@@H](C3(C)C)[C@]2(C)O1";"IC50";"'='";"157.0";"nM";"6.80";"";"";"UO_0000065";"11.29";"None";"None";"None";"0";"CHEMBL5528522";"Inhibition of 20S proteasome (unknown origin) using Suv-LLVY-AMC as substrate";"B";"BAO_0000223";"protein complex format";"Homo sapiens";"None";"None";"None";"None";"";"";"";"CHEMBL3831201";"20S proteasome";"Homo sapiens";"PROTEIN COMPLEX GROUP";"CHEMBL5528008";"1";"Scientific Literature";"Eur J Med Chem";"2024";"None";"";"INHIBITOR";"";"157.0"
"CHEMBL5575118";"";"None";"468.29";"None";"None";"19";"CC(C)C[C@H](NC(=O)CNC(=O)c1cc(Cc2n[nH]c(=O)c3ccccc23)ccc1F)B(O)O";"IC50";"'='";"386.0";"nM";"6.41";"";"";"UO_0000065";"13.70";"None";"None";"None";"0";"CHEMBL5528522";"Inhibition of 20S proteasome (unknown origin) using Suv-LLVY-AMC as substrate";"B";"BAO_0000223";"protein complex format";"Homo sapiens";"None";"None";"None";"None";"";"";"";"CHEMBL3831201";"20S proteasome";"Homo sapiens";"PROTEIN COMPLEX GROUP";"CHEMBL5528008";"1";"Scientific Literature";"Eur J Med Chem";"2024";"None";"";"INHIBITOR";"";"386.0"
"CHEMBL5569313";"";"None";"731.68";"None";"None";"42c";"CC(C)C[C@H](NC(=O)[C@H](Cc1c[nH]c2ccccc12)NC(=O)c1cc(Cc2n[nH]c(=O)c3ccccc23)ccc1F)B1O[C@@H]2C[C@@H]3C[C@@H](C3(C)C)[C@]2(C)O1";"IC50";"'='";"42.6";"nM";"7.37";"";"";"UO_0000065";"10.07";"None";"None";"None";"0";"CHEMBL5528522";"Inhibition of 20S proteasome (unknown origin) using Suv-LLVY-AMC as substrate";"B";"BAO_0000223";"protein complex format";"Homo sapiens";"None";"None";"None";"None";"";"";"";"CHEMBL3831201";"20S proteasome";"Homo sapiens";"PROTEIN COMPLEX GROUP";"CHEMBL5528008";"1";"Scientific Literature";"Eur J Med Chem";"2024";"None";"";"INHIBITOR";"";"42.6"
"CHEMBL5572771";"";"None";"541.60";"1";"2.92";"Blackburn-11";"C[C@H](NC(=O)[C@H](CC(=O)NCC(C)(C)C)NC(=O)c1c[nH]c2ccccc12)C(=O)NCc1ccc(F)cc1F";"IC50";"'='";"729.0";"nM";"6.14";"";"";"UO_0000065";"11.33";"0.21";"3.22";"4.64";"0";"CHEMBL5550997";"Inhibition of human 20S proteasome chymotrypsin-like activity using Suc-LLVY-Glo as a fluorogenic substrate measured after 10 mins by luminescence based analysis";"B";"BAO_0000223";"protein complex format";"Homo sapiens";"None";"None";"None";"None";"";"";"";"CHEMBL3831201";"20S proteasome";"Homo sapiens";"PROTEIN COMPLEX GROUP";"CHEMBL5550115";"1";"Scientific Literature";"Bioorg Med Chem";"2024";"None";"TIME = 0.1667 hr";"INHIBITOR";"";"0.729"
"CHEMBL5624541";"";"None";"384.25";"None";"None";"PS-341";"CC(C)C[C@@H](B(O)O)N(C(=O)c1cnccn1)[C@@H](Cc1ccccc1)C(N)=O";"Ki";"'='";"0.6";"nM";"9.22";"";"";"UO_0000065";"24.00";"None";"None";"None";"0";"CHEMBL5620824";"Binding affinity to 20s proteosome (unknown origin) assessed as inhibition constant";"B";"BAO_0000223";"protein complex format";"Homo sapiens";"None";"None";"None";"None";"";"";"";"CHEMBL3831201";"20S proteasome";"Homo sapiens";"PROTEIN COMPLEX GROUP";"CHEMBL5620349";"1";"Scientific Literature";"Eur J Med Chem";"2023";"None";"";"INHIBITOR";"";"0.6"
"CHEMBL601773";"DIHYDROERGOCRISTINE";"-1.0";"611.74";"1";"2.72";"4";"CC(C)[C@@]1(NC(=O)[C@@H]2C[C@@H]3c4cccc5[nH]cc(c45)C[C@H]3N(C)C2)O[C@@]2(O)[C@@H]3CCCN3C(=O)[C@H](Cc3ccccc3)N2C1=O";"FC";"'='";"8.0";"";"";"";"";"";"";"";"";"";"0";"CHEMBL5345265";"Activation of human 20S proteasome chymotrypsin-like hydrolysis activity assessed as measuring fold increase in protein activity using SucLLVY-MCA as a fluorogenic substrate at 20 uM incubated for 1 hrs by fluorescence based assay relative to DMSO";"B";"BAO_0000223";"protein complex format";"Homo sapiens";"None";"None";"None";"None";"";"";"";"CHEMBL3831201";"20S proteasome";"Homo sapiens";"PROTEIN COMPLEX GROUP";"CHEMBL5344422";"1";"Scientific Literature";"J Nat Prod";"2024";"None";"DOSE = 20.0 microM | TIME = 1.0 hr";"ACTIVATOR";"";"8.0"
"CHEMBL31410";"CORYNANTHEINE";"None";"354.45";"0";"2.65";"13";"COC(=O)[C@H]1[C@H]2C[C@H]3c4[nH]c5ccccc5c4CCN3C[C@@H]2CC[C@@H]1O";"FC";"'='";"0.99";"";"";"";"";"";"";"";"";"";"0";"CHEMBL5345266";"Activation of human 20S proteasome chymotrypsin-like hydrolysis activity assessed as measuring fold increase in protein activity using SucLLVY-MCA as a fluorogenic substrate at 10 uM incubated for 20 mins by fluorescence based assay relative to DMSO";"B";"BAO_0000223";"protein complex format";"Homo sapiens";"None";"None";"None";"None";"";"";"";"CHEMBL3831201";"20S proteasome";"Homo sapiens";"PROTEIN COMPLEX GROUP";"CHEMBL5344422";"1";"Scientific Literature";"J Nat Prod";"2024";"None";"DOSE = 10.0 microM | TIME = 0.3333 hr";"ACTIVATOR";"";"0.99"
"CHEMBL772";"RESERPINE";"4.0";"608.69";"1";"4.17";"S11";"COC(=O)[C@H]1[C@H]2C[C@@H]3c4[nH]c5cc(OC)ccc5c4CCN3C[C@H]2C[C@@H](OC(=O)c2cc(OC)c(OC)c(OC)c2)[C@@H]1OC";"CD";"'='";"1.6";"uM";"";"";"";"UO_0000064";"";"";"";"";"0";"CHEMBL5345268";"Activation of human 20S proteasome chymotrypsin-like hydrolysis activity assessed as concentration to doubling the protein activity using SucLLVY-MCA as a fluorogenic substrate measured after 1 hr by fluorescence based assay";"B";"BAO_0000223";"protein complex format";"Homo sapiens";"None";"None";"None";"None";"";"";"";"CHEMBL3831201";"20S proteasome";"Homo sapiens";"PROTEIN COMPLEX GROUP";"CHEMBL5344422";"1";"Scientific Literature";"J Nat Prod";"2024";"None";"TIME = 1.0 hr";"ACTIVATOR";"";"1.6"
"CHEMBL1399124";"SYROSINGOPINE";"2.0";"666.72";"2";"4.70";"1";"CCOC(=O)Oc1c(OC)cc(C(=O)O[C@@H]2C[C@@H]3CN4CCc5c([nH]c6cc(OC)ccc56)[C@H]4C[C@@H]3[C@H](C(=O)OC)[C@H]2OC)cc1OC";"FC";"'='";"8.0";"";"";"";"";"";"";"";"";"";"0";"CHEMBL5345272";"Activation of human 20S proteasome mediated trypsin-like proteolytic activity assessed as maximal fold increase in protein activity using SucLLVY-MCA as a fluorogenic substrate incubated for 1 hr by fluorescence based assay";"B";"BAO_0000223";"protein complex format";"Homo sapiens";"None";"None";"None";"None";"";"";"";"CHEMBL3831201";"20S proteasome";"Homo sapiens";"PROTEIN COMPLEX GROUP";"CHEMBL5344422";"1";"Scientific Literature";"J Nat Prod";"2024";"None";"TIME = 1.0 hr";"ACTIVATOR";"";"8.0"
"CHEMBL4876525";"";"None";"398.27";"None";"None";"12d";"CCC[C@@H](NC(=O)c1cnccn1)C(=O)N[C@@H](CCCc1ccccc1)B(O)O";"IC50";"'>'";"10000.0";"nM";"";"";"";"UO_0000065";"";"";"";"";"0";"CHEMBL4823872";"Inhibition of human erythrocytes 20S proteasome using QXL520-YRGITCSGRQK(5-FAM)-NH2 fluorogenic peptide as substrate preincubated for 10 mins followed by substrate addition and measured after 60 mins by HTRF assay";"B";"BAO_0000221";"tissue-based format";"Homo sapiens";"None";"None";"Erythrocyte";"None";"";"";"";"CHEMBL3831201";"20S proteasome";"Homo sapiens";"PROTEIN COMPLEX GROUP";"CHEMBL4823253";"1";"Scientific Literature";"J Med Chem";"2021";"None";"TIME = 1.167 hr";"";"";"10.0"
"CHEMBL4856768";"";"None";"350.23";"None";"None";"9e";"CCCC[C@@H](NC(=O)c1cnccn1)C(=O)N[C@@H](CC(C)C)B(O)O";"IC50";"'>'";"10000.0";"nM";"";"";"";"UO_0000065";"";"";"";"";"0";"CHEMBL4823872";"Inhibition of human erythrocytes 20S proteasome using QXL520-YRGITCSGRQK(5-FAM)-NH2 fluorogenic peptide as substrate preincubated for 10 mins followed by substrate addition and measured after 60 mins by HTRF assay";"B";"BAO_0000221";"tissue-based format";"Homo sapiens";"None";"None";"Erythrocyte";"None";"";"";"";"CHEMBL3831201";"20S proteasome";"Homo sapiens";"PROTEIN COMPLEX GROUP";"CHEMBL4823253";"1";"Scientific Literature";"J Med Chem";"2021";"None";"TIME = 1.167 hr";"";"";"10.0"
"CHEMBL4861871";"";"None";"336.20";"None";"None";"9d";"CCC[C@@H](NC(=O)c1cnccn1)C(=O)N[C@@H](CC(C)C)B(O)O";"IC50";"'>'";"10000.0";"nM";"";"";"";"UO_0000065";"";"";"";"";"0";"CHEMBL4823872";"Inhibition of human erythrocytes 20S proteasome using QXL520-YRGITCSGRQK(5-FAM)-NH2 fluorogenic peptide as substrate preincubated for 10 mins followed by substrate addition and measured after 60 mins by HTRF assay";"B";"BAO_0000221";"tissue-based format";"Homo sapiens";"None";"None";"Erythrocyte";"None";"";"";"";"CHEMBL3831201";"20S proteasome";"Homo sapiens";"PROTEIN COMPLEX GROUP";"CHEMBL4823253";"1";"Scientific Literature";"J Med Chem";"2021";"None";"TIME = 1.167 hr";"";"";"10.0"
"CHEMBL4853599";"";"None";"322.17";"None";"None";"9c";"CC[C@@H](NC(=O)c1cnccn1)C(=O)N[C@@H](CC(C)C)B(O)O";"IC50";"'>'";"10000.0";"nM";"";"";"";"UO_0000065";"";"";"";"";"0";"CHEMBL4823872";"Inhibition of human erythrocytes 20S proteasome using QXL520-YRGITCSGRQK(5-FAM)-NH2 fluorogenic peptide as substrate preincubated for 10 mins followed by substrate addition and measured after 60 mins by HTRF assay";"B";"BAO_0000221";"tissue-based format";"Homo sapiens";"None";"None";"Erythrocyte";"None";"";"";"";"CHEMBL3831201";"20S proteasome";"Homo sapiens";"PROTEIN COMPLEX GROUP";"CHEMBL4823253";"1";"Scientific Literature";"J Med Chem";"2021";"None";"TIME = 1.167 hr";"";"";"10.0"
"CHEMBL1530";"";"None";"384.25";"None";"None";"5b";"CC(C)C[C@@H](NC(=O)[C@@H](Cc1ccccc1)NC(=O)c1cnccn1)B(O)O";"IC50";"'='";"1701.0";"nM";"5.77";"";"";"UO_0000065";"15.01";"None";"None";"None";"0";"CHEMBL4823872";"Inhibition of human erythrocytes 20S proteasome using QXL520-YRGITCSGRQK(5-FAM)-NH2 fluorogenic peptide as substrate preincubated for 10 mins followed by substrate addition and measured after 60 mins by HTRF assay";"B";"BAO_0000221";"tissue-based format";"Homo sapiens";"None";"None";"Erythrocyte";"None";"";"";"";"CHEMBL3831201";"20S proteasome";"Homo sapiens";"PROTEIN COMPLEX GROUP";"CHEMBL4823253";"1";"Scientific Literature";"J Med Chem";"2021";"None";"TIME = 1.167 hr";"INHIBITOR";"";"1.7009999999999998"
"CHEMBL524664";"";"None";"384.25";"None";"None";"5a";"CC(C)C[C@@H](NC(=O)[C@H](Cc1ccccc1)NC(=O)c1cnccn1)B(O)O";"IC50";"'='";"1524.0";"nM";"5.82";"";"";"UO_0000065";"15.14";"None";"None";"None";"0";"CHEMBL4823872";"Inhibition of human erythrocytes 20S proteasome using QXL520-YRGITCSGRQK(5-FAM)-NH2 fluorogenic peptide as substrate preincubated for 10 mins followed by substrate addition and measured after 60 mins by HTRF assay";"B";"BAO_0000221";"tissue-based format";"Homo sapiens";"None";"None";"Erythrocyte";"None";"";"";"";"CHEMBL3831201";"20S proteasome";"Homo sapiens";"PROTEIN COMPLEX GROUP";"CHEMBL4823253";"1";"Scientific Literature";"J Med Chem";"2021";"None";"TIME = 1.167 hr";"INHIBITOR";"";"1.524"
"CHEMBL4879012";"";"None";"564.76";"1";"1.85";"37";"CSC[C@H](NC(=O)c1cnc(C)s1)C(=O)N[C@@H](CSC)C(=O)N[C@@H](Cc1ccccc1)C(=O)[C@@]1(C)CO1";"IC50";"'='";"35.5";"nM";"7.45";"";"";"UO_0000065";"13.19";"0.27";"5.60";"5.74";"0";"CHEMBL4822825";"Inhibition of chymotrypsin-like activity of human 20S proteasome using Suc-Leu-Leu-Val-Tyr-AMC as substrate preincubated for 10 mins followed by substrate addition measured after 1 hr by fluorescence based spectrofluorimeter assay";"B";"BAO_0000223";"protein complex format";"Homo sapiens";"None";"None";"None";"None";"";"";"";"CHEMBL3831201";"20S proteasome";"Homo sapiens";"PROTEIN COMPLEX GROUP";"CHEMBL4819132";"1";"Scientific Literature";"Bioorg Med Chem";"2021";"None";"TIME = 0.1667 hr";"INHIBITOR";"";"35.5"
"CHEMBL6152485";"";"None";"385.42";"0";"4.50";"B-08";"Cc1cccc(Nc2cc(NCCO)c3noc4c3c2C(=O)c2ccccc2-4)c1";"Activity";"";"";"";"";"";"";"";"";"";"";"";"0";"CHEMBL6097171";"Activation of human erythrocyte-derived 20s proteosome using CT-L as peptide substrate by fluorescence based analysis";"B";"BAO_0000219";"cell-based format";"Homo sapiens";"None";"None";"Erythrocyte";"None";"";"";"";"CHEMBL3831201";"20S proteasome";"Homo sapiens";"PROTEIN COMPLEX GROUP";"CHEMBL6096634";"1";"Scientific Literature";"Bioorg Med Chem";"2024";"None";"";"";"Not active";""
"CHEMBL3956408";"";"None";"396.40";"0";"0.94";"B-19";"O=C(NCCN1CCOCC1)c1cc(O)c2c(c1)C(=O)c1cccc(O)c1C2=O";"Activity";"'='";"68.56";"%";"";"";"";"UO_0000187";"";"";"";"";"0";"CHEMBL6097178";"Activation of human erythrocyte-derived 20s proteosome using CT-L as peptide substrate at 10 uM by fluorescence based analysis relative to control";"B";"BAO_0000219";"cell-based format";"Homo sapiens";"None";"None";"Erythrocyte";"None";"";"";"";"CHEMBL3831201";"20S proteasome";"Homo sapiens";"PROTEIN COMPLEX GROUP";"CHEMBL6096634";"1";"Scientific Literature";"Bioorg Med Chem";"2024";"None";"DOSE = 10.0 microM";"ACTIVATOR";"";"68.56"
"CHEMBL5170733";"";"None";"411.46";"0";"3.59";"10";"Cc1cc2c(Nc3ccccc3F)cc(C(=O)N[C@H]3CCN(C)C[C@H]3F)nc2cn1";"IC50";"'>'";"10000.0";"nM";"";"";"";"UO_0000065";"";"";"";"";"0";"CHEMBL5130423";"Inhibition of human 20s proteasome";"B";"BAO_0000223";"protein complex format";"Homo sapiens";"None";"None";"None";"None";"";"";"";"CHEMBL3831201";"20S proteasome";"Homo sapiens";"PROTEIN COMPLEX GROUP";"CHEMBL5126622";"1";"Scientific Literature";"J Med Chem";"2022";"None";"";"";"";"10000.0"
"CHEMBL6171894";"";"None";"1816.01";"None";"None";"1d";"C[C@@H](O)[C@H](NC(=O)[C@H](Cc1ccccc1)NC(=O)[C@H](Cc1ccc(O)cc1)NC(=O)[C@@H](N)CCCCN)C(=O)NCC(=O)N[C@@H](CO)C(=O)N[C@@H](CCCCN)C(=O)N[C@@H](CC(=O)O)C(=O)N[C@@H](Cc1c[nH]c2ccccc12)C(=O)N(C)[C@@H](CCCNC(=N)N)C(=O)N(C)[C@@H](CO)C(=O)N[C@@H](Cc1ccc(O)cc1)C(=O)N[C@@H](Cc1ccc(O)cc1)C(=O)N[C@@H](CO)C(=O)O";"Activity";"";"";"";"";"";"";"";"";"";"";"";"0";"CHEMBL6138529";"Activation of human erythrocyte-derived 20S proteasome trypsin-like activity using Boc-LRR-AMC as substrate at 1.0 to 50 uM measured every two mins for 60 mins by fluorescence based analysis";"B";"BAO_0000219";"cell-based format";"Homo sapiens";"None";"None";"Erythrocyte";"None";"";"";"";"CHEMBL3831201";"20S proteasome";"Homo sapiens";"PROTEIN COMPLEX GROUP";"CHEMBL6134855";"1";"Scientific Literature";"J Med Chem";"2025";"None";"DOSE_Lower = 1.0 microM | DOSE_Upper = 50.0 microM | TIME = 1.0 hr";"";"Not active";""
"CHEMBL6174310";"";"None";"3109.57";"None";"None";"1f";"C[C@@H](O)[C@H](NC(=O)[C@H](Cc1ccccc1)NC(=O)[C@H](Cc1ccc(O)cc1)NC(=O)CN(CCCCN)C(=O)[C@H](CCCNC(=N)N)NC(=O)[C@H](CCCNC(=N)N)NC(=O)[C@H](CCCNC(=N)N)NC(=O)[C@H](CCC(N)=O)NC(=O)[C@H](CCCNC(=N)N)NC(=O)[C@H](CCCNC(=N)N)NC(=O)[C@H](CCCCN)NC(=O)[C@H](CCCCN)NC(=O)[C@@H](N)CCCNC(=N)N)C(=O)NCC(=O)N[C@@H](CO)C(=O)N[C@@H](CCCCN)C(=O)N[C@@H](CC(=O)O)C(=O)N[C@@H](Cc1c[nH]c2ccccc12)C(=O)N[C@@H](CCCNC(=N)N)C(=O)N[C@@H](CO)C(=O)N[C@@H](Cc1ccc(O)cc1)C(=O)N[C@@H](Cc1ccc(O)cc1)C(=O)N[C@@H](CO)C(=O)O";"Activity";"'>'";"90.0";"%";"";"";"";"UO_0000187";"";"";"";"";"0";"CHEMBL6138542";"Activation of human 20S proteasome assessed as tau degradation at 10 uM by SDS-PAGE analysis relative to control";"B";"BAO_0000223";"protein complex format";"Homo sapiens";"None";"None";"None";"None";"";"";"";"CHEMBL3831201";"20S proteasome";"Homo sapiens";"PROTEIN COMPLEX GROUP";"CHEMBL6134855";"1";"Scientific Literature";"J Med Chem";"2025";"None";"DOSE = 10.0 microM | TIME = 1.5 hr";"ACTIVATOR";"";"90.0"
"CHEMBL6144680";"";"None";"397.48";"1";"6.16";"B-03";"Cc1ccccc1Nc1cc(NCC(C)C)c2noc3c2c1C(=O)c1ccccc1-3";"EC50";"'='";"3380.0";"nM";"5.47";"";"";"UO_0000065";"13.76";"0.25";"-0.69";"8.15";"0";"CHEMBL6097171";"Activation of human erythrocyte-derived 20s proteosome using CT-L as peptide substrate by fluorescence based analysis";"B";"BAO_0000219";"cell-based format";"Homo sapiens";"None";"None";"Erythrocyte";"None";"";"";"";"CHEMBL3831201";"20S proteasome";"Homo sapiens";"PROTEIN COMPLEX GROUP";"CHEMBL6096634";"1";"Scientific Literature";"Bioorg Med Chem";"2024";"None";"";"ACTIVATOR";"";"3.38"
"CHEMBL5176257";"";"None";"556.66";"2";"5.63";"4d";"O=C(NCc1ccccc1C(=O)N[C@H](/C=C(\F)S(=O)(=O)c1ccccc1)CCc1ccccc1)c1ccccc1";"Inhibition";"'='";"25.0";"%";"";"";"";"UO_0000187";"";"";"";"";"0";"CHEMBL5115914";"Inhibition of human 20S proteasome caspase-like activity at 11 uM using Cbz-Leu-Leu-Glu-AMC as fluorogenic substrate by fluorometric assay";"B";"BAO_0000223";"protein complex format";"Homo sapiens";"None";"None";"None";"None";"";"";"";"CHEMBL3831201";"20S proteasome";"Homo sapiens";"PROTEIN COMPLEX GROUP";"CHEMBL5113413";"1";"Scientific Literature";"Eur J Med Chem";"2022";"None";"Dose = 11.0 microM";"";"";"25.0"
"CHEMBL6172180";"";"None";"1834.03";"None";"None";"2a";"C[C@@H](O)[C@H](NC(=O)[C@H](Cc1ccccc1)NC(=O)[C@H](Cc1ccc(O)cc1)NC(=O)CNCCCCN)C(=O)NCC(=O)N[C@@H](CO)C(=O)N[C@@H](CCCCN)C(=O)N[C@@H](CC(=O)O)C(=O)N[C@@H](Cc1ccc(O)cc1)C(=O)N[C@@H](CCCNC(=N)N)C(=O)N[C@@H](CCCNC(=N)N)C(=O)N[C@@H](Cc1ccc(O)cc1)C(=O)N[C@@H](Cc1ccc(O)cc1)C(=O)N[C@@H](CO)C(=O)O";"Activity";"";"";"";"";"";"";"";"";"";"";"";"0";"CHEMBL6138526";"Activation of human erythrocyte-derived 20S proteasome using Dabcyl-EDANS as FRET-type substrate at 1.0 to 50 uM measured every two mins for 60 mins by fluorescence based analysis";"B";"BAO_0000219";"cell-based format";"Homo sapiens";"None";"None";"Erythrocyte";"None";"";"";"";"CHEMBL3831201";"20S proteasome";"Homo sapiens";"PROTEIN COMPLEX GROUP";"CHEMBL6134855";"1";"Scientific Literature";"J Med Chem";"2025";"None";"DOSE_Lower = 1.0 microM | DOSE_Upper = 50.0 microM | TIME = 1.0 hr";"ACTIVATOR";"Active";""
"CHEMBL6175299";"";"None";"1834.03";"None";"None";"2c";"C[C@@H](O)[C@H](NC(=O)[C@H](Cc1ccccc1)NC(=O)[C@H](Cc1ccc(O)cc1)NC(=O)CNCCCCN)C(=O)NCC(=O)N[C@@H](CO)C(=O)N(CCCCN)CC(=O)N[C@@H](CC(=O)O)C(=O)N[C@@H](Cc1ccc(O)cc1)C(=O)N[C@@H](CCCNC(=N)N)C(=O)N[C@@H](CCCNC(=N)N)C(=O)N[C@@H](Cc1ccc(O)cc1)C(=O)N[C@@H](Cc1ccc(O)cc1)C(=O)N[C@@H](CO)C(=O)O";"Activity";"";"";"";"";"";"";"";"";"";"";"";"0";"CHEMBL6138535";"Activation of human erythrocyte-derived 20S proteasome chymotrypsin-like activity using Suc-LLVY-AMC as substrate at higher concentration measured every two mins for 60 mins by fluorescence based analysis";"B";"BAO_0000219";"cell-based format";"Homo sapiens";"None";"None";"Erythrocyte";"None";"";"";"";"CHEMBL3831201";"20S proteasome";"Homo sapiens";"PROTEIN COMPLEX GROUP";"CHEMBL6134855";"1";"Scientific Literature";"J Med Chem";"2025";"None";"TIME = 1.0 hr";"ACTIVATOR";"Active";""
"CHEMBL6176125";"";"None";"1801.98";"None";"None";"1b";"C[C@@H](O)[C@H](NC(=O)[C@H](Cc1ccccc1)NC(=O)[C@H](Cc1ccc(O)cc1)NC(=O)[C@@H](N)CCCCN)C(=O)NCC(=O)N[C@@H](CO)C(=O)N[C@@H](CCCCN)C(=O)N[C@@H](CC(=O)O)C(=O)N[C@@H](Cc1c[nH]c2ccccc12)C(=O)N[C@@H](CCCNC(=N)N)C(=O)N(CCO)CC(=O)N[C@@H](Cc1ccc(O)cc1)C(=O)N[C@@H](Cc1ccc(O)cc1)C(=O)N[C@@H](CO)C(=O)O";"Activity";"";"";"";"";"";"";"";"";"";"";"";"0";"CHEMBL6138526";"Activation of human erythrocyte-derived 20S proteasome using Dabcyl-EDANS as FRET-type substrate at 1.0 to 50 uM measured every two mins for 60 mins by fluorescence based analysis";"B";"BAO_0000219";"cell-based format";"Homo sapiens";"None";"None";"Erythrocyte";"None";"";"";"";"CHEMBL3831201";"20S proteasome";"Homo sapiens";"PROTEIN COMPLEX GROUP";"CHEMBL6134855";"1";"Scientific Literature";"J Med Chem";"2025";"None";"DOSE_Lower = 1.0 microM | DOSE_Upper = 50.0 microM | TIME = 1.0 hr";"ACTIVATOR";"Active";""
"CHEMBL6172454";"";"None";"448.48";"0";"2.28";"Cpd 10; ZINC09519408";"CC(=O)Nc1ccc(NC(=O)C(=O)c2cn(CC(=O)N3CCOCC3)c3ccccc23)cc1";"Inhibition";"";"";"%";"";"";"";"UO_0000187";"";"";"";"";"0";"CHEMBL6130638";"Inhibition of human erythrocyte-derived 20S constitutive proteasome protein using Suc-LLVY-AMC as substrate preincubated for 15 mins followed by substrate addition and measured after 30 mins by multimode plate reader analysis";"B";"BAO_0000219";"cell-based format";"Homo sapiens";"None";"None";"Erythrocyte";"None";"";"";"";"CHEMBL3831201";"20S proteasome";"Homo sapiens";"PROTEIN COMPLEX GROUP";"CHEMBL6127112";"1";"Scientific Literature";"ACS Med Chem Lett";"2024";"None";"TIME = 0.75 hr";"";"Not active";""
"CHEMBL6151907";"";"None";"397.48";"1";"6.16";"B-01; 8016-8398";"Cc1cccc(Nc2cc(NCC(C)C)c3noc4c3c2C(=O)c2ccccc2-4)c1";"EC200";"'='";"0.38";"uM";"";"";"";"UO_0000064";"";"";"";"";"0";"CHEMBL6097171";"Activation of human erythrocyte-derived 20s proteosome using CT-L as peptide substrate by fluorescence based analysis";"B";"BAO_0000219";"cell-based format";"Homo sapiens";"None";"None";"Erythrocyte";"None";"";"";"";"CHEMBL3831201";"20S proteasome";"Homo sapiens";"PROTEIN COMPLEX GROUP";"CHEMBL6096634";"1";"Scientific Literature";"Bioorg Med Chem";"2024";"None";"";"ACTIVATOR";"";"0.38"
"CHEMBL6146318";"";"None";"397.48";"1";"6.16";"B-02";"Cc1ccc(Nc2cc(NCC(C)C)c3noc4c3c2C(=O)c2ccccc2-4)cc1";"EC200";"'='";"0.72";"uM";"";"";"";"UO_0000064";"";"";"";"";"0";"CHEMBL6097171";"Activation of human erythrocyte-derived 20s proteosome using CT-L as peptide substrate by fluorescence based analysis";"B";"BAO_0000219";"cell-based format";"Homo sapiens";"None";"None";"Erythrocyte";"None";"";"";"";"CHEMBL3831201";"20S proteasome";"Homo sapiens";"PROTEIN COMPLEX GROUP";"CHEMBL6096634";"1";"Scientific Literature";"Bioorg Med Chem";"2024";"None";"";"ACTIVATOR";"";"0.72"
"CHEMBL6133961";"";"None";"468.56";"1";"5.69";"B-05";"CC(C)CNc1cc(Nc2ccc(N3CCOCC3)cc2)c2c3c(onc13)-c1ccccc1C2=O";"EC50";"'='";"1330.0";"nM";"5.88";"";"";"UO_0000065";"12.54";"0.23";"0.19";"7.38";"0";"CHEMBL6097171";"Activation of human erythrocyte-derived 20s proteosome using CT-L as peptide substrate by fluorescence based analysis";"B";"BAO_0000219";"cell-based format";"Homo sapiens";"None";"None";"Erythrocyte";"None";"";"";"";"CHEMBL3831201";"20S proteasome";"Homo sapiens";"PROTEIN COMPLEX GROUP";"CHEMBL6096634";"1";"Scientific Literature";"Bioorg Med Chem";"2024";"None";"";"ACTIVATOR";"";"1.33"
"CHEMBL6133961";"";"None";"468.56";"1";"5.69";"B-05";"CC(C)CNc1cc(Nc2ccc(N3CCOCC3)cc2)c2c3c(onc13)-c1ccccc1C2=O";"FC";"'='";"5.83";"";"";"";"";"";"";"";"";"";"0";"CHEMBL6097172";"Activation of human erythrocyte-derived 20s proteosome using T-L as peptide substrate by fluorescence based analysis";"B";"BAO_0000219";"cell-based format";"Homo sapiens";"None";"None";"Erythrocyte";"None";"";"";"";"CHEMBL3831201";"20S proteasome";"Homo sapiens";"PROTEIN COMPLEX GROUP";"CHEMBL6096634";"1";"Scientific Literature";"Bioorg Med Chem";"2024";"None";"";"ACTIVATOR";"";"5.83"
"CHEMBL6143092";"";"None";"445.57";"0";"4.75";"B-06";"O=C1c2ccccc2-c2onc3c(NCN4CCCCC4)cc(NCN4CCCCC4)c1c23";"Activity";"'='";"78.43";"%";"";"";"";"UO_0000187";"";"";"";"";"0";"CHEMBL6097178";"Activation of human erythrocyte-derived 20s proteosome using CT-L as peptide substrate at 10 uM by fluorescence based analysis relative to control";"B";"BAO_0000219";"cell-based format";"Homo sapiens";"None";"None";"Erythrocyte";"None";"";"";"";"CHEMBL3831201";"20S proteasome";"Homo sapiens";"PROTEIN COMPLEX GROUP";"CHEMBL6096634";"1";"Scientific Literature";"Bioorg Med Chem";"2024";"None";"DOSE = 10.0 microM";"ACTIVATOR";"";"78.43"
"CHEMBL6165346";"";"None";"347.42";"0";"4.68";"B-07";"CC(C)CNc1cc(NC2CC2)c2c3c(onc13)-c1ccccc1C2=O";"Activity";"'='";"360.75";"%";"";"";"";"UO_0000187";"";"";"";"";"0";"CHEMBL6097178";"Activation of human erythrocyte-derived 20s proteosome using CT-L as peptide substrate at 10 uM by fluorescence based analysis relative to control";"B";"BAO_0000219";"cell-based format";"Homo sapiens";"None";"None";"Erythrocyte";"None";"";"";"";"CHEMBL3831201";"20S proteasome";"Homo sapiens";"PROTEIN COMPLEX GROUP";"CHEMBL6096634";"1";"Scientific Literature";"Bioorg Med Chem";"2024";"None";"DOSE = 10.0 microM";"ACTIVATOR";"";"360.75"
"CHEMBL6171894";"";"None";"1816.01";"None";"None";"1d";"C[C@@H](O)[C@H](NC(=O)[C@H](Cc1ccccc1)NC(=O)[C@H](Cc1ccc(O)cc1)NC(=O)[C@@H](N)CCCCN)C(=O)NCC(=O)N[C@@H](CO)C(=O)N[C@@H](CCCCN)C(=O)N[C@@H](CC(=O)O)C(=O)N[C@@H](Cc1c[nH]c2ccccc12)C(=O)N(C)[C@@H](CCCNC(=N)N)C(=O)N(C)[C@@H](CO)C(=O)N[C@@H](Cc1ccc(O)cc1)C(=O)N[C@@H](Cc1ccc(O)cc1)C(=O)N[C@@H](CO)C(=O)O";"Activity";"";"";"";"";"";"";"";"";"";"";"";"0";"CHEMBL6138528";"Activation of human erythrocyte-derived 20S proteasome using Dabcyl-EDANS as FRET-type substrate at higher concentration measured every two mins for 60 mins by fluorescence based analysis";"B";"BAO_0000219";"cell-based format";"Homo sapiens";"None";"None";"Erythrocyte";"None";"";"";"";"CHEMBL3831201";"20S proteasome";"Homo sapiens";"PROTEIN COMPLEX GROUP";"CHEMBL6134855";"1";"Scientific Literature";"J Med Chem";"2025";"None";"TIME = 1.0 hr";"ACTIVATOR";"Active";""
"CHEMBL6171073";"";"None";"419.48";"0";"2.94";"Cpd 8; ZINC03007757";"Cc1ccc(NC(=O)C(=O)c2cn(CC(=O)N3CCOCC3)c3ccccc23)c(C)c1";"Inhibition";"";"";"%";"";"";"";"UO_0000187";"";"";"";"";"0";"CHEMBL6130638";"Inhibition of human erythrocyte-derived 20S constitutive proteasome protein using Suc-LLVY-AMC as substrate preincubated for 15 mins followed by substrate addition and measured after 30 mins by multimode plate reader analysis";"B";"BAO_0000219";"cell-based format";"Homo sapiens";"None";"None";"Erythrocyte";"None";"";"";"";"CHEMBL3831201";"20S proteasome";"Homo sapiens";"PROTEIN COMPLEX GROUP";"CHEMBL6127112";"1";"Scientific Literature";"ACS Med Chem Lett";"2024";"None";"TIME = 0.75 hr";"";"Not active";""
"CHEMBL6144680";"";"None";"397.48";"1";"6.16";"B-03";"Cc1ccccc1Nc1cc(NCC(C)C)c2noc3c2c1C(=O)c1ccccc1-3";"EC200";"'='";"0.67";"uM";"";"";"";"UO_0000064";"";"";"";"";"0";"CHEMBL6097171";"Activation of human erythrocyte-derived 20s proteosome using CT-L as peptide substrate by fluorescence based analysis";"B";"BAO_0000219";"cell-based format";"Homo sapiens";"None";"None";"Erythrocyte";"None";"";"";"";"CHEMBL3831201";"20S proteasome";"Homo sapiens";"PROTEIN COMPLEX GROUP";"CHEMBL6096634";"1";"Scientific Literature";"Bioorg Med Chem";"2024";"None";"";"ACTIVATOR";"";"0.67"
"CHEMBL6152509";"";"None";"383.45";"1";"5.91";"B-11";"CCCNc1cc(Nc2cccc(C)c2)c2c3c(onc13)-c1ccccc1C2=O";"EC200";"'='";"0.4";"uM";"";"";"";"UO_0000064";"";"";"";"";"0";"CHEMBL6097171";"Activation of human erythrocyte-derived 20s proteosome using CT-L as peptide substrate by fluorescence based analysis";"B";"BAO_0000219";"cell-based format";"Homo sapiens";"None";"None";"Erythrocyte";"None";"";"";"";"CHEMBL3831201";"20S proteasome";"Homo sapiens";"PROTEIN COMPLEX GROUP";"CHEMBL6096634";"1";"Scientific Literature";"Bioorg Med Chem";"2024";"None";"";"ACTIVATOR";"";"0.4"
"CHEMBL6133502";"";"None";"444.44";"0";"2.96";"B-17";"O=C(Nc1ccc(N2CCOCC2)cc1)c1cc(O)c2c(c1)C(=O)c1cccc(O)c1C2=O";"FC";"'='";"6.36";"";"";"";"";"";"";"";"";"";"0";"CHEMBL6097172";"Activation of human erythrocyte-derived 20s proteosome using T-L as peptide substrate by fluorescence based analysis";"B";"BAO_0000219";"cell-based format";"Homo sapiens";"None";"None";"Erythrocyte";"None";"";"";"";"CHEMBL3831201";"20S proteasome";"Homo sapiens";"PROTEIN COMPLEX GROUP";"CHEMBL6096634";"1";"Scientific Literature";"Bioorg Med Chem";"2024";"None";"";"ACTIVATOR";"";"6.36"
"CHEMBL361383";"";"None";"551.68";"1";"3.16";"TP-101";"CC(C)[C@H](NC(=O)[C@H](Cc1ccc(O)cc1)NC(=O)CC1CCCCC1)C(=O)NC(C=O)Cc1ccc(O)cc1";"IC50";"'='";"3000.0";"nM";"5.52";"";"";"UO_0000065";"";"";"";"";"0";"CHEMBL834792";"Inhibitory concentration to inhibit trypsin-like activity of 20S proteasome from human leukemia HL-60 cells was determined";"F";"BAO_0000220";"subcellular format";"Homo sapiens";"None";"None";"HL-60";"None";"";"";"";"CHEMBL3831201";"20S proteasome";"Homo sapiens";"PROTEIN COMPLEX GROUP";"CHEMBL1143504";"1";"Scientific Literature";"Bioorg Med Chem Lett";"2005";"CHEMBL3307654";"";"";"";"3.0"
"CHEMBL64925";"MG-132";"None";"475.63";"0";"3.59";"MG 132";"CC(C)C[C@@H](C=O)NC(=O)[C@H](CC(C)C)NC(=O)[C@H](CC(C)C)NC(=O)OCc1ccccc1";"IC50";"'='";"1400.0";"nM";"5.85";"";"";"UO_0000065";"";"";"";"";"0";"CHEMBL837922";"Inhibitory concentration to inhibit the PGPH activity of 20S proteasome prepared from human leukemia HL-60 cells was determined";"F";"BAO_0000220";"subcellular format";"Homo sapiens";"None";"None";"HL-60";"None";"";"";"";"CHEMBL3831201";"20S proteasome";"Homo sapiens";"PROTEIN COMPLEX GROUP";"CHEMBL1143504";"1";"Scientific Literature";"Bioorg Med Chem Lett";"2005";"CHEMBL3307654";"";"";"";"1.4"
"CHEMBL5433735";"";"None";"524.21";"None";"None";"18q";"CC(C)C[C@H](NC(=O)CNC(=O)c1cc(Cl)ccc1Cl)B1OC2CC3C(=O)NC(=O)C3CC2(C)O1";"IC50";"'='";"9.8";"nM";"8.01";"";"";"UO_0000065";"15.28";"None";"None";"None";"0";"CHEMBL5388152";"Inhibition of human 20S proteasome chymotrypsin-like activity using Suc-Leu-Leu-Val-Tyr-AMC as fluorogenic peptide pre-incubated for 10 mins with compound followed by substrate addition for 60 mins by spectrofluorimetric analysis";"B";"BAO_0000223";"protein complex format";"Homo sapiens";"None";"None";"None";"None";"";"";"";"CHEMBL3831201";"20S proteasome";"Homo sapiens";"PROTEIN COMPLEX GROUP";"CHEMBL5385891";"1";"Scientific Literature";"Eur J Med Chem";"2023";"None";"TIME = 1.167 hr";"INHIBITOR";"";"9.8"
"CHEMBL5429067";"";"None";"734.81";"1";"2.78";"5";"CC(=O)N[C@H]1Cc2ccc([N+](=O)[O-])c(c2)Oc2ccc3c(c2)C(C[C@@H](C(=O)N[C@@H](CC(C)C)C(=O)[C@@]2(C)CO2)NC(=O)[C@H](CC(C)C)NC1=O)C(=O)N3";"IC50";"'='";"190.0";"nM";"6.72";"";"";"UO_0000065";"9.15";"0.17";"3.94";"2.95";"0";"CHEMBL5338549";"Inhibition of human 20S proteasome chymotrypsin-like activity using Suc-LLVY-AMC as a fluorogenic substrate measured every 20 seconds for 10 mins by fluorescence based assay";"B";"BAO_0000223";"protein complex format";"Homo sapiens";"None";"None";"None";"None";"";"";"";"CHEMBL3831201";"20S proteasome";"Homo sapiens";"PROTEIN COMPLEX GROUP";"CHEMBL5335865";"1";"Scientific Literature";"ACS Med Chem Lett";"2024";"None";"TIME = 0.1667 hr";"INHIBITOR";"";"0.19"
"CHEMBL5574088";"";"None";"561.59";"2";"1.56";"AMC-2-072";"C[C@H](NC(=O)[C@H](CC(=O)NCC(C)(C)C)NC(=O)c1ccc(C(=O)NO)cc1)C(=O)NCc1ccc(F)cc1F";"IC50";"'>'";"30000.0";"nM";"";"";"";"UO_0000065";"";"";"";"";"0";"CHEMBL5550997";"Inhibition of human 20S proteasome chymotrypsin-like activity using Suc-LLVY-Glo as a fluorogenic substrate measured after 10 mins by luminescence based analysis";"B";"BAO_0000223";"protein complex format";"Homo sapiens";"None";"None";"None";"None";"";"";"";"CHEMBL3831201";"20S proteasome";"Homo sapiens";"PROTEIN COMPLEX GROUP";"CHEMBL5550115";"1";"Scientific Literature";"Bioorg Med Chem";"2024";"None";"TIME = 0.1667 hr";"";"";"30.0"
"CHEMBL5555500";"";"None";"624.56";"None";"None";"32c";"COC[C@H](NC(=O)c1cc(Cc2n[nH]c(=O)c(C)c2C)ccc1F)C(=O)N[C@@H](CC(C)C)B1O[C@@H]2C[C@@H]3C[C@@H](C3(C)C)[C@]2(C)O1";"IC50";"";"";"";"";"";"Not Determined";"";"";"";"";"";"0";"CHEMBL5528522";"Inhibition of 20S proteasome (unknown origin) using Suv-LLVY-AMC as substrate";"B";"BAO_0000223";"protein complex format";"Homo sapiens";"None";"None";"None";"None";"";"";"";"CHEMBL3831201";"20S proteasome";"Homo sapiens";"PROTEIN COMPLEX GROUP";"CHEMBL5528008";"1";"Scientific Literature";"Eur J Med Chem";"2024";"None";"";"";"";""
"CHEMBL2141296";"IXAZOMIB";"3.0";"361.03";"None";"None";"Ixazomib";"CC(C)C[C@H](NC(=O)CNC(=O)c1cc(Cl)ccc1Cl)B(O)O";"IC50";"'='";"24.2";"nM";"7.62";"";"";"UO_0000065";"21.10";"None";"None";"None";"0";"CHEMBL5528522";"Inhibition of 20S proteasome (unknown origin) using Suv-LLVY-AMC as substrate";"B";"BAO_0000223";"protein complex format";"Homo sapiens";"None";"None";"None";"None";"";"";"";"CHEMBL3831201";"20S proteasome";"Homo sapiens";"PROTEIN COMPLEX GROUP";"CHEMBL5528008";"1";"Scientific Literature";"Eur J Med Chem";"2024";"None";"";"INHIBITOR";"";"24.2"
"CHEMBL5573422";"";"None";"598.68";"1";"3.88";"41d";"CC(C)C[C@H](NC(=O)[C@H](Cc1ccccc1)NC(=O)c1cc(Cc2n[nH]c(=O)c3ccccc23)ccc1F)C(=O)[C@@]1(C)CO1";"IC50";"'='";"1420.0";"nM";"5.85";"";"";"UO_0000065";"9.77";"0.18";"1.97";"4.38";"0";"CHEMBL5528522";"Inhibition of 20S proteasome (unknown origin) using Suv-LLVY-AMC as substrate";"B";"BAO_0000223";"protein complex format";"Homo sapiens";"None";"None";"None";"None";"";"";"";"CHEMBL3831201";"20S proteasome";"Homo sapiens";"PROTEIN COMPLEX GROUP";"CHEMBL5528008";"1";"Scientific Literature";"Eur J Med Chem";"2024";"None";"";"INHIBITOR";"";"1420.0"
"CHEMBL5563724";"";"None";"569.65";"2";"1.97";"AMC-2-067";"C[C@H](NC(=O)[C@H](CC(=O)NCC(C)(C)C)NC(=O)CCCCCCC(=O)NO)C(=O)NCc1ccc(F)cc1F";"IC50";"'>'";"30000.0";"nM";"";"";"";"UO_0000065";"";"";"";"";"0";"CHEMBL5550997";"Inhibition of human 20S proteasome chymotrypsin-like activity using Suc-LLVY-Glo as a fluorogenic substrate measured after 10 mins by luminescence based analysis";"B";"BAO_0000223";"protein complex format";"Homo sapiens";"None";"None";"None";"None";"";"";"";"CHEMBL3831201";"20S proteasome";"Homo sapiens";"PROTEIN COMPLEX GROUP";"CHEMBL5550115";"1";"Scientific Literature";"Bioorg Med Chem";"2024";"None";"TIME = 0.1667 hr";"";"";"30.0"
"CHEMBL3806032";"";"None";"715.80";"1";"4.53";"16";"CC(C)C[C@@H](C=O)NC(=O)[C@@H]1Cc2ccc(cc2)Oc2cc(ccc2[N+](=O)[O-])C[C@H](NC(=O)OCc2ccccc2)C(=O)N[C@@H](CC(C)C)C(=O)N1";"Inhibition";"";"";"%";"";"";"";"UO_0000187";"";"";"";"";"0";"CHEMBL5338551";"Inhibition of human 20S proteasome trypsin-like activity using Ac-RLR-AMC as a fluorogenic substrate at 130 uM measured every 20 seconds for 10 mins by fluorescence based assay";"B";"BAO_0000223";"protein complex format";"Homo sapiens";"None";"None";"None";"None";"";"";"";"CHEMBL3831201";"20S proteasome";"Homo sapiens";"PROTEIN COMPLEX GROUP";"CHEMBL5335865";"1";"Scientific Literature";"ACS Med Chem Lett";"2024";"None";"DOSE = 130.0 microM | TIME = 0.1667 hr";"";"Not active";""
"CHEMBL3394380";"";"None";"385.64";"1";"7.90";"8";"CCCCCCCC/C=C\CCCCCCCC(=O)N[C@@H](C)c1ccccc1";"Activity";"'='";"195.0";"%";"";"";"";"UO_0000187";"";"";"";"";"0";"CHEMBL5107497";"Stimulation of human 20S proteasome assessed as increase in proteasome activity at 25 uM and measured upto 60 mins using FRET peptide as substrate by FRET assay relative to control";"B";"BAO_0000223";"protein complex format";"Homo sapiens";"None";"None";"None";"None";"";"";"";"CHEMBL3831201";"20S proteasome";"Homo sapiens";"PROTEIN COMPLEX GROUP";"CHEMBL5104206";"1";"Scientific Literature";"RSC Med Chem";"2022";"None";"Dose = 25.0 microM | TIME <= 1.0 hr";"ACTIVATOR";"";"195.0"
"CHEMBL5199732";"";"None";"363.63";"1";"7.47";"20";"CCCCCCCC/C=C\CCCCCCCC(=O)NC1CCCCC1";"Activity";"'='";"204.0";"%";"";"";"";"UO_0000187";"";"";"";"";"0";"CHEMBL5107497";"Stimulation of human 20S proteasome assessed as increase in proteasome activity at 25 uM and measured upto 60 mins using FRET peptide as substrate by FRET assay relative to control";"B";"BAO_0000223";"protein complex format";"Homo sapiens";"None";"None";"None";"None";"";"";"";"CHEMBL3831201";"20S proteasome";"Homo sapiens";"PROTEIN COMPLEX GROUP";"CHEMBL5104206";"1";"Scientific Literature";"RSC Med Chem";"2022";"None";"Dose = 25.0 microM | TIME <= 1.0 hr";"ACTIVATOR";"";"204.0"
"CHEMBL4870945";"";"None";"596.53";"1";"2.67";"13";"COC[C@H](NC(=O)c1cc(Cl)ccc1Cl)C(=O)N[C@@H](CSC)C(=O)N[C@@H](Cc1ccccc1)C(=O)[C@@]1(C)CO1";"IC50";"'='";"31.6";"nM";"7.50";"";"";"UO_0000065";"12.57";"0.26";"4.83";"5.95";"0";"CHEMBL4822825";"Inhibition of chymotrypsin-like activity of human 20S proteasome using Suc-Leu-Leu-Val-Tyr-AMC as substrate preincubated for 10 mins followed by substrate addition measured after 1 hr by fluorescence based spectrofluorimeter assay";"B";"BAO_0000223";"protein complex format";"Homo sapiens";"None";"None";"None";"None";"";"";"";"CHEMBL3831201";"20S proteasome";"Homo sapiens";"PROTEIN COMPLEX GROUP";"CHEMBL4819132";"1";"Scientific Literature";"Bioorg Med Chem";"2021";"None";"TIME = 0.1667 hr";"INHIBITOR";"";"31.6"
"CHEMBL4866461";"";"None";"498.60";"0";"0.46";"26";"COC[C@H](NC(=O)[C@H](CSC)NC(=O)c1cc(C)on1)C(=O)N[C@@H](CC(C)C)C(=O)[C@@]1(C)CO1";"IC50";"'='";"93.4";"nM";"7.03";"";"";"UO_0000065";"14.10";"0.28";"6.57";"4.62";"0";"CHEMBL4822825";"Inhibition of chymotrypsin-like activity of human 20S proteasome using Suc-Leu-Leu-Val-Tyr-AMC as substrate preincubated for 10 mins followed by substrate addition measured after 1 hr by fluorescence based spectrofluorimeter assay";"B";"BAO_0000223";"protein complex format";"Homo sapiens";"None";"None";"None";"None";"";"";"";"CHEMBL3831201";"20S proteasome";"Homo sapiens";"PROTEIN COMPLEX GROUP";"CHEMBL4819132";"1";"Scientific Literature";"Bioorg Med Chem";"2021";"None";"TIME = 0.1667 hr";"INHIBITOR";"";"93.4"
"CHEMBL4852433";"";"None";"472.50";"0";"-0.07";"31";"COC[C@H](NC(=O)c1cc(C)on1)C(=O)NCC(=O)N[C@@H](Cc1ccccc1)C(=O)[C@@]1(C)CO1";"IC50";"'='";"57.0";"nM";"7.24";"";"";"UO_0000065";"15.33";"0.29";"7.31";"4.76";"0";"CHEMBL4822825";"Inhibition of chymotrypsin-like activity of human 20S proteasome using Suc-Leu-Leu-Val-Tyr-AMC as substrate preincubated for 10 mins followed by substrate addition measured after 1 hr by fluorescence based spectrofluorimeter assay";"B";"BAO_0000223";"protein complex format";"Homo sapiens";"None";"None";"None";"None";"";"";"";"CHEMBL3831201";"20S proteasome";"Homo sapiens";"PROTEIN COMPLEX GROUP";"CHEMBL4819132";"1";"Scientific Literature";"Bioorg Med Chem";"2021";"None";"TIME = 0.1667 hr";"INHIBITOR";"";"57.0"
"CHEMBL4873117";"";"None";"438.48";"0";"-0.27";"32";"COC[C@H](NC(=O)CNC(=O)c1cc(C)on1)C(=O)N[C@@H](CC(C)C)C(=O)[C@@]1(C)CO1";"IC50";"'='";"1494.0";"nM";"5.83";"";"";"UO_0000065";"13.29";"0.26";"6.10";"3.83";"0";"CHEMBL4822825";"Inhibition of chymotrypsin-like activity of human 20S proteasome using Suc-Leu-Leu-Val-Tyr-AMC as substrate preincubated for 10 mins followed by substrate addition measured after 1 hr by fluorescence based spectrofluorimeter assay";"B";"BAO_0000223";"protein complex format";"Homo sapiens";"None";"None";"None";"None";"";"";"";"CHEMBL3831201";"20S proteasome";"Homo sapiens";"PROTEIN COMPLEX GROUP";"CHEMBL4819132";"1";"Scientific Literature";"Bioorg Med Chem";"2021";"None";"TIME = 0.1667 hr";"INHIBITOR";"";"1494.0"
"CHEMBL27103";"";"None";"886.06";"3";"4.77";"8";"COc1ccc(CNC(=O)[C@@H](NC(=O)[C@H](NCc2cc(OC)c(OC)cc2OC)[C@H](O)[C@H](Cc2ccccc2)NC(=O)[C@@H](NC(=O)OCc2ccccc2)C(C)(C)C)C(C)C)c(O)c1";"IC50";"'='";"200.0";"nM";"6.70";"";"";"UO_0000065";"7.56";"0.14";"1.93";"3.12";"0";"CHEMBL615352";"Tested in vitro for inhibition of chymotrypsin like activity of purified human 20S proteasome";"B";"BAO_0000220";"subcellular format";"Homo sapiens";"None";"None";"None";"None";"";"";"";"CHEMBL3831201";"20S proteasome";"Homo sapiens";"PROTEIN COMPLEX GROUP";"CHEMBL1136019";"1";"Scientific Literature";"Bioorg Med Chem Lett";"2002";"None";"";"";"";"0.2"
"CHEMBL6163808";"";"None";"1074.19";"None";"None";"Ac-LLVY-Dox";"COc1cccc2c1C(=O)c1c(O)c3c(c(O)c1C2=O)C[C@@](O)(C(=O)CO)C[C@@H]3O[C@H]1C[C@H](NC(=O)[C@H](Cc2ccc(O)cc2)NC(=O)[C@@H](NC(=O)[C@H](CC(C)C)NC(=O)[C@H](CC(C)C)NC(C)=O)C(C)C)[C@H](O)[C@H](C)O1";"Drug metabolism";"";"";"";"";"";"";"";"";"";"";"";"0";"CHEMBL6119706";"Prodrug release in tris HCL buffer at pH 7.4 assessed as human 20S immunoproteasome mediated hydrolysis by measuring Dox release at 10 uM incubated for 4 hrs in presence of 37.5 to 75 nM of PA28alpha/beta activated complex by mass spectrometry analysis";"A";"BAO_0000223";"protein complex format";"Homo sapiens";"None";"None";"None";"None";"";"";"";"CHEMBL3831201";"20S proteasome";"Homo sapiens";"PROTEIN COMPLEX GROUP";"CHEMBL6115038";"1";"Scientific Literature";"J Med Chem";"2025";"None";"DOSE = 10.0 microM | TIME = 4.0 hr";"";"Metabolite not detected";""
"CHEMBL15926";"";"None";"295.51";"1";"5.77";"24";"CCCCCCCC/C=C\CCCCCCCC(=O)NC";"Activity";"'='";"132.0";"%";"";"";"";"UO_0000187";"";"";"";"";"0";"CHEMBL5107497";"Stimulation of human 20S proteasome assessed as increase in proteasome activity at 25 uM and measured upto 60 mins using FRET peptide as substrate by FRET assay relative to control";"B";"BAO_0000223";"protein complex format";"Homo sapiens";"None";"None";"None";"None";"";"";"";"CHEMBL3831201";"20S proteasome";"Homo sapiens";"PROTEIN COMPLEX GROUP";"CHEMBL5104206";"1";"Scientific Literature";"RSC Med Chem";"2022";"None";"Dose = 25.0 microM | TIME <= 1.0 hr";"ACTIVATOR";"";"132.0"
"CHEMBL5407355";"";"None";"482.23";"None";"None";"18i";"CC(C)C[C@H](NC(=O)C1(NC(=O)c2cc(C(F)(F)F)ccc2C(F)(F)F)CCCC1)B(O)O";"IC50";"'='";"284.8";"nM";"6.54";"";"";"UO_0000065";"13.57";"None";"None";"None";"0";"CHEMBL5388152";"Inhibition of human 20S proteasome chymotrypsin-like activity using Suc-Leu-Leu-Val-Tyr-AMC as fluorogenic peptide pre-incubated for 10 mins with compound followed by substrate addition for 60 mins by spectrofluorimetric analysis";"B";"BAO_0000223";"protein complex format";"Homo sapiens";"None";"None";"None";"None";"";"";"";"CHEMBL3831201";"20S proteasome";"Homo sapiens";"PROTEIN COMPLEX GROUP";"CHEMBL5385891";"1";"Scientific Literature";"Eur J Med Chem";"2023";"None";"TIME = 1.167 hr";"INHIBITOR";"";"284.8"
"CHEMBL5398681";"";"None";"482.23";"None";"None";"18k";"CC(C)C[C@H](NC(=O)C(CC1CC1)NC(=O)c1cc(C(F)(F)F)ccc1C(F)(F)F)B(O)O";"IC50";"'='";"5.0";"nM";"8.30";"";"";"UO_0000065";"17.21";"None";"None";"None";"0";"CHEMBL5388152";"Inhibition of human 20S proteasome chymotrypsin-like activity using Suc-Leu-Leu-Val-Tyr-AMC as fluorogenic peptide pre-incubated for 10 mins with compound followed by substrate addition for 60 mins by spectrofluorimetric analysis";"B";"BAO_0000223";"protein complex format";"Homo sapiens";"None";"None";"None";"None";"";"";"";"CHEMBL3831201";"20S proteasome";"Homo sapiens";"PROTEIN COMPLEX GROUP";"CHEMBL5385891";"1";"Scientific Literature";"Eur J Med Chem";"2023";"None";"TIME = 1.167 hr";"INHIBITOR";"";"5.0"
"CHEMBL5440712";"";"None";"499.16";"None";"None";"18m";"CC(C)C[C@H](NC(=O)CNC(=O)c1cc(Cl)ccc1Cl)B1OC2C3CC(C(=O)O)C(O3)C2O1";"IC50";"'='";"6.3";"nM";"8.20";"";"";"UO_0000065";"16.43";"None";"None";"None";"0";"CHEMBL5388152";"Inhibition of human 20S proteasome chymotrypsin-like activity using Suc-Leu-Leu-Val-Tyr-AMC as fluorogenic peptide pre-incubated for 10 mins with compound followed by substrate addition for 60 mins by spectrofluorimetric analysis";"B";"BAO_0000223";"protein complex format";"Homo sapiens";"None";"None";"None";"None";"";"";"";"CHEMBL3831201";"20S proteasome";"Homo sapiens";"PROTEIN COMPLEX GROUP";"CHEMBL5385891";"1";"Scientific Literature";"Eur J Med Chem";"2023";"None";"TIME = 1.167 hr";"INHIBITOR";"";"6.3"
"CHEMBL39878";"";"None";"395.59";"1";"7.48";"AM-404";"CCCCC/C=C\C/C=C\C/C=C\C/C=C\CCCC(=O)Nc1ccc(O)cc1";"Activity";"";"";"";"";"";"";"";"";"";"";"";"0";"CHEMBL5107500";"Activation of human 20S proteasome mediated degradation of alpha-synuclein assessed as amount of alpha-synuclein remaining at 25 uM and incubated for 2 hrs by Coomassie staining based SDS-PAGE analysis";"B";"BAO_0000223";"protein complex format";"Homo sapiens";"None";"None";"None";"None";"";"";"";"CHEMBL3831201";"20S proteasome";"Homo sapiens";"PROTEIN COMPLEX GROUP";"CHEMBL5104206";"1";"Scientific Literature";"RSC Med Chem";"2022";"None";"Dose = 25.0 microM | TIME = 2.0 hr";"ACTIVATOR";"Active";""
"CHEMBL5179356";"";"None";"399.62";"1";"7.87";"2";"CCCCCCCC/C=C\CCCCCCCC(=O)Nc1ccc(C(C)=O)cc1";"Activity";"'='";"241.0";"%";"";"";"";"UO_0000187";"";"";"";"";"0";"CHEMBL5107497";"Stimulation of human 20S proteasome assessed as increase in proteasome activity at 25 uM and measured upto 60 mins using FRET peptide as substrate by FRET assay relative to control";"B";"BAO_0000223";"protein complex format";"Homo sapiens";"None";"None";"None";"None";"";"";"";"CHEMBL3831201";"20S proteasome";"Homo sapiens";"PROTEIN COMPLEX GROUP";"CHEMBL5104206";"1";"Scientific Literature";"RSC Med Chem";"2022";"None";"Dose = 25.0 microM | TIME <= 1.0 hr";"ACTIVATOR";"";"241.0"
"CHEMBL16344";"";"None";"323.57";"1";"6.55";"25";"CCCCCCCC/C=C\CCCCCCCC(=O)NCCC";"Activity";"'='";"154.0";"%";"";"";"";"UO_0000187";"";"";"";"";"0";"CHEMBL5107497";"Stimulation of human 20S proteasome assessed as increase in proteasome activity at 25 uM and measured upto 60 mins using FRET peptide as substrate by FRET assay relative to control";"B";"BAO_0000223";"protein complex format";"Homo sapiens";"None";"None";"None";"None";"";"";"";"CHEMBL3831201";"20S proteasome";"Homo sapiens";"PROTEIN COMPLEX GROUP";"CHEMBL5104206";"1";"Scientific Literature";"RSC Med Chem";"2022";"None";"Dose = 25.0 microM | TIME <= 1.0 hr";"ACTIVATOR";"";"154.0"
"CHEMBL4861347";"";"None";"612.60";"1";"3.39";"17";"CSC[C@H](NC(=O)c1cc(Cl)ccc1Cl)C(=O)N[C@@H](CSC)C(=O)N[C@@H](Cc1ccccc1)C(=O)[C@@]1(C)CO1";"IC50";"'='";"50.8";"nM";"7.29";"";"";"UO_0000065";"11.91";"0.26";"3.90";"6.24";"0";"CHEMBL4822825";"Inhibition of chymotrypsin-like activity of human 20S proteasome using Suc-Leu-Leu-Val-Tyr-AMC as substrate preincubated for 10 mins followed by substrate addition measured after 1 hr by fluorescence based spectrofluorimeter assay";"B";"BAO_0000223";"protein complex format";"Homo sapiens";"None";"None";"None";"None";"";"";"";"CHEMBL3831201";"20S proteasome";"Homo sapiens";"PROTEIN COMPLEX GROUP";"CHEMBL4819132";"1";"Scientific Literature";"Bioorg Med Chem";"2021";"None";"TIME = 0.1667 hr";"INHIBITOR";"";"50.8"
"CHEMBL4863001";"";"None";"498.60";"0";"0.46";"24";"COC[C@H](NC(=O)c1cc(C)on1)C(=O)N[C@@H](CSC)C(=O)N[C@@H](CC(C)C)C(=O)[C@@]1(C)CO1";"IC50";"'='";"90.4";"nM";"7.04";"";"";"UO_0000065";"14.13";"0.28";"6.58";"4.63";"0";"CHEMBL4822825";"Inhibition of chymotrypsin-like activity of human 20S proteasome using Suc-Leu-Leu-Val-Tyr-AMC as substrate preincubated for 10 mins followed by substrate addition measured after 1 hr by fluorescence based spectrofluorimeter assay";"B";"BAO_0000223";"protein complex format";"Homo sapiens";"None";"None";"None";"None";"";"";"";"CHEMBL3831201";"20S proteasome";"Homo sapiens";"PROTEIN COMPLEX GROUP";"CHEMBL4819132";"1";"Scientific Literature";"Bioorg Med Chem";"2021";"None";"TIME = 0.1667 hr";"INHIBITOR";"";"90.4"
"CHEMBL6162686";"";"None";"411.51";"1";"6.55";"B-10";"Cc1cccc(Nc2cc(NCCC(C)C)c3noc4c3c2C(=O)c2ccccc2-4)c1";"Activity";"'='";"174.7";"%";"";"";"";"UO_0000187";"";"";"";"";"0";"CHEMBL6097178";"Activation of human erythrocyte-derived 20s proteosome using CT-L as peptide substrate at 10 uM by fluorescence based analysis relative to control";"B";"BAO_0000219";"cell-based format";"Homo sapiens";"None";"None";"Erythrocyte";"None";"";"";"";"CHEMBL3831201";"20S proteasome";"Homo sapiens";"PROTEIN COMPLEX GROUP";"CHEMBL6096634";"1";"Scientific Literature";"Bioorg Med Chem";"2024";"None";"DOSE = 10.0 microM";"ACTIVATOR";"";"174.7"
"CHEMBL6102866";"";"None";"415.49";"0";"4.86";"B-13";"COc1ccc(Nc2cc(NCC(C)C)c(N)c3c2C(=O)c2ccccc2C3=O)cc1";"Activity";"'='";"359.65";"%";"";"";"";"UO_0000187";"";"";"";"";"0";"CHEMBL6097178";"Activation of human erythrocyte-derived 20s proteosome using CT-L as peptide substrate at 10 uM by fluorescence based analysis relative to control";"B";"BAO_0000219";"cell-based format";"Homo sapiens";"None";"None";"Erythrocyte";"None";"";"";"";"CHEMBL3831201";"20S proteasome";"Homo sapiens";"PROTEIN COMPLEX GROUP";"CHEMBL6096634";"1";"Scientific Literature";"Bioorg Med Chem";"2024";"None";"DOSE = 10.0 microM";"ACTIVATOR";"";"359.65"
"CHEMBL6164397";"";"None";"339.35";"0";"2.26";"B-15";"CC(C)CNC(=O)c1cc(O)c2c(c1)C(=O)c1cccc(O)c1C2=O";"Activity";"'='";"376.09";"%";"";"";"";"UO_0000187";"";"";"";"";"0";"CHEMBL6097178";"Activation of human erythrocyte-derived 20s proteosome using CT-L as peptide substrate at 10 uM by fluorescence based analysis relative to control";"B";"BAO_0000219";"cell-based format";"Homo sapiens";"None";"None";"Erythrocyte";"None";"";"";"";"CHEMBL3831201";"20S proteasome";"Homo sapiens";"PROTEIN COMPLEX GROUP";"CHEMBL6096634";"1";"Scientific Literature";"Bioorg Med Chem";"2024";"None";"DOSE = 10.0 microM";"ACTIVATOR";"";"376.09"
"CHEMBL6102230";"";"None";"435.46";"0";"2.29";"B-23";"O=C1c2cccc(O)c2C(=O)c2c(O)cc(C(=O)N3CCN(c4nccs4)CC3)cc21";"Activity";"'='";"453.03";"%";"";"";"";"UO_0000187";"";"";"";"";"0";"CHEMBL6097178";"Activation of human erythrocyte-derived 20s proteosome using CT-L as peptide substrate at 10 uM by fluorescence based analysis relative to control";"B";"BAO_0000219";"cell-based format";"Homo sapiens";"None";"None";"Erythrocyte";"None";"";"";"";"CHEMBL3831201";"20S proteasome";"Homo sapiens";"PROTEIN COMPLEX GROUP";"CHEMBL6096634";"1";"Scientific Literature";"Bioorg Med Chem";"2024";"None";"DOSE = 10.0 microM";"ACTIVATOR";"";"453.03"
"CHEMBL168";"OLEANOLIC_ACID";"None";"456.71";"1";"7.23";"Oleanolic acid";"CC1(C)CC[C@]2(C(=O)O)CC[C@]3(C)C(=CC[C@@H]4[C@@]5(C)CC[C@H](O)C(C)(C)[C@@H]5CC[C@]43C)[C@@H]2C1";"EC50";"'='";"2700.0";"nM";"5.57";"";"";"UO_0000065";"12.19";"0.23";"-1.66";"9.68";"0";"CHEMBL6097203";"Activation of 20s proteosome (unknown origin) mediated chymotrypsin-like activity";"B";"BAO_0000223";"protein complex format";"Homo sapiens";"None";"None";"None";"None";"";"";"";"CHEMBL3831201";"20S proteasome";"Homo sapiens";"PROTEIN COMPLEX GROUP";"CHEMBL6096634";"1";"Scientific Literature";"Bioorg Med Chem";"2024";"None";"";"ACTIVATOR";"";"2.7"
"CHEMBL4869169";"";"None";"562.52";"1";"2.47";"14";"COC[C@H](NC(=O)[C@H](CSC)NC(=O)c1cc(Cl)ccc1Cl)C(=O)N[C@@H](CC(C)C)C(=O)[C@@]1(C)CO1";"IC50";"'='";"41.9";"nM";"7.38";"";"";"UO_0000065";"13.12";"0.28";"4.91";"5.85";"0";"CHEMBL4822825";"Inhibition of chymotrypsin-like activity of human 20S proteasome using Suc-Leu-Leu-Val-Tyr-AMC as substrate preincubated for 10 mins followed by substrate addition measured after 1 hr by fluorescence based spectrofluorimeter assay";"B";"BAO_0000223";"protein complex format";"Homo sapiens";"None";"None";"None";"None";"";"";"";"CHEMBL3831201";"20S proteasome";"Homo sapiens";"PROTEIN COMPLEX GROUP";"CHEMBL4819132";"1";"Scientific Literature";"Bioorg Med Chem";"2021";"None";"TIME = 0.1667 hr";"INHIBITOR";"";"41.9"
"CHEMBL4845810";"";"None";"529.62";"1";"0.15";"21";"COC[C@H](NC(=O)[C@H](CSC)NC(=O)c1cnccn1)C(=O)N[C@@H](Cc1ccccc1)C(=O)[C@@]1(C)CO1";"IC50";"'='";"751.7";"nM";"6.12";"";"";"UO_0000065";"11.56";"0.23";"5.97";"4.03";"0";"CHEMBL4822825";"Inhibition of chymotrypsin-like activity of human 20S proteasome using Suc-Leu-Leu-Val-Tyr-AMC as substrate preincubated for 10 mins followed by substrate addition measured after 1 hr by fluorescence based spectrofluorimeter assay";"B";"BAO_0000223";"protein complex format";"Homo sapiens";"None";"None";"None";"None";"";"";"";"CHEMBL3831201";"20S proteasome";"Homo sapiens";"PROTEIN COMPLEX GROUP";"CHEMBL4819132";"1";"Scientific Literature";"Bioorg Med Chem";"2021";"None";"TIME = 0.1667 hr";"INHIBITOR";"";"751.7"
"CHEMBL4878122";"";"None";"532.62";"1";"0.66";"25";"COC[C@H](NC(=O)c1cc(C)on1)C(=O)N[C@@H](CSC)C(=O)N[C@@H](Cc1ccccc1)C(=O)[C@@]1(C)CO1";"IC50";"'='";"91.8";"nM";"7.04";"";"";"UO_0000065";"13.21";"0.26";"6.38";"4.62";"0";"CHEMBL4822825";"Inhibition of chymotrypsin-like activity of human 20S proteasome using Suc-Leu-Leu-Val-Tyr-AMC as substrate preincubated for 10 mins followed by substrate addition measured after 1 hr by fluorescence based spectrofluorimeter assay";"B";"BAO_0000223";"protein complex format";"Homo sapiens";"None";"None";"None";"None";"";"";"";"CHEMBL3831201";"20S proteasome";"Homo sapiens";"PROTEIN COMPLEX GROUP";"CHEMBL4819132";"1";"Scientific Literature";"Bioorg Med Chem";"2021";"None";"TIME = 0.1667 hr";"INHIBITOR";"";"91.8"
"CHEMBL5202890";"";"None";"436.26";"0";"3.94";"5";"O=C(NC[C@@H](F)CO)c1cc(Nc2ccccc2F)c2cc(Br)ccc2n1";"IC50";"'>'";"10000.0";"nM";"";"";"";"UO_0000065";"";"";"";"";"0";"CHEMBL5130423";"Inhibition of human 20s proteasome";"B";"BAO_0000223";"protein complex format";"Homo sapiens";"None";"None";"None";"None";"";"";"";"CHEMBL3831201";"20S proteasome";"Homo sapiens";"PROTEIN COMPLEX GROUP";"CHEMBL5126622";"1";"Scientific Literature";"J Med Chem";"2022";"None";"";"";"";"10000.0"
"CHEMBL4861353";"";"None";"562.52";"1";"2.47";"12";"COC[C@H](NC(=O)c1cc(Cl)ccc1Cl)C(=O)N[C@@H](CSC)C(=O)N[C@@H](CC(C)C)C(=O)[C@@]1(C)CO1";"IC50";"'='";"59.3";"nM";"7.23";"";"";"UO_0000065";"12.85";"0.27";"4.76";"5.73";"0";"CHEMBL4822825";"Inhibition of chymotrypsin-like activity of human 20S proteasome using Suc-Leu-Leu-Val-Tyr-AMC as substrate preincubated for 10 mins followed by substrate addition measured after 1 hr by fluorescence based spectrofluorimeter assay";"B";"BAO_0000223";"protein complex format";"Homo sapiens";"None";"None";"None";"None";"";"";"";"CHEMBL3831201";"20S proteasome";"Homo sapiens";"PROTEIN COMPLEX GROUP";"CHEMBL4819132";"1";"Scientific Literature";"Bioorg Med Chem";"2021";"None";"TIME = 0.1667 hr";"INHIBITOR";"";"59.3"
"CHEMBL4452589";"";"None";"1667.99";"None";"None";"6";"CC(C)C[C@H](NC(=O)[C@H](Cc1ccc(O)cc1)NC(=O)[C@@H]1CCCN1C(=O)[C@@H]1CCCN1C(=O)[C@H](CCCNC(=N)N)NC(=O)[C@@H]1CCCN1C(=O)[C@H](CCCNC(=N)N)NC(=O)[C@H](CCCNC(=N)N)NC(=O)[C@@H](N)CCCNC(=N)N)C(=O)N1CCC[C@H]1C(=O)N[C@@H](CCCNC(=N)N)C(=O)N[C@@H](Cc1ccccc1)C(=O)NCC(=O)O";"Activity";"";"";"";"";"";"";"";"";"";"";"";"0";"CHEMBL4371820";"Negative allosteric modulation of SDS-activated human erythrocytes 20S proteasome assessed as reduction in yeast enolase degradation at 1 uM after 1 hr by SDS-PAGE analysis";"B";"BAO_0000019";"assay format";"Homo sapiens";"None";"None";"None";"None";"";"";"";"CHEMBL3831201";"20S proteasome";"Homo sapiens";"PROTEIN COMPLEX GROUP";"CHEMBL4371016";"1";"Scientific Literature";"J Med Chem";"2019";"None";"";"";"Active";""
"CHEMBL4522493";"";"None";"1707.03";"None";"None";"7";"CC(C)C[C@H](NC(=O)[C@H](Cc1ccc(O)cc1)NC(=O)[C@@H]1CCCN1C(=O)[C@@H]1CCCN1C(=O)[C@H](CCCNC(=N)N)NC(=O)[C@@H]1CCCN1C(=O)[C@H](CCCNC(=N)N)NC(=O)[C@H](CCCNC(=N)N)NC(=O)[C@@H](N)CCCNC(=N)N)C(=O)N1CCC[C@H]1C(=O)N[C@@H](CCCNC(=N)N)C(=O)N[C@@H](Cc1c[nH]c2ccccc12)C(=O)NCC(=O)O";"Activity";"";"";"";"";"";"";"";"";"";"";"";"0";"CHEMBL4371821";"Negative allosteric modulation of SDS-activated human erythrocytes 20S proteasome assessed as reduction in yeast enolase degradation at 10 uM after 1 hr by SDS-PAGE analysis";"B";"BAO_0000019";"assay format";"Homo sapiens";"None";"None";"None";"None";"";"";"";"CHEMBL3831201";"20S proteasome";"Homo sapiens";"PROTEIN COMPLEX GROUP";"CHEMBL4371016";"1";"Scientific Literature";"J Med Chem";"2019";"None";"";"";"Active";""
"CHEMBL4445118";"";"None";"1249.49";"None";"None";"12";"CC(C)C[C@H](NC(=O)[C@H](Cc1ccc(O)cc1)NC(=O)[C@H](CCCNC(=N)N)NC(=O)[C@H](CCCNC(=N)N)NC(=O)[C@@H](N)CCCNC(=N)N)C(=O)N1CCC[C@H]1C(=O)N[C@@H](CCCNC(=N)N)C(=O)N[C@@H](Cc1ccc(O)cc1)C(=O)N[C@@H](C)C(N)=O";"Activity";"";"";"";"";"";"";"";"";"";"";"";"0";"CHEMBL4371821";"Negative allosteric modulation of SDS-activated human erythrocytes 20S proteasome assessed as reduction in yeast enolase degradation at 10 uM after 1 hr by SDS-PAGE analysis";"B";"BAO_0000019";"assay format";"Homo sapiens";"None";"None";"None";"None";"";"";"";"CHEMBL3831201";"20S proteasome";"Homo sapiens";"PROTEIN COMPLEX GROUP";"CHEMBL4371016";"1";"Scientific Literature";"J Med Chem";"2019";"None";"";"";"Not active";""
"CHEMBL4522493";"";"None";"1707.03";"None";"None";"7";"CC(C)C[C@H](NC(=O)[C@H](Cc1ccc(O)cc1)NC(=O)[C@@H]1CCCN1C(=O)[C@@H]1CCCN1C(=O)[C@H](CCCNC(=N)N)NC(=O)[C@@H]1CCCN1C(=O)[C@H](CCCNC(=N)N)NC(=O)[C@H](CCCNC(=N)N)NC(=O)[C@@H](N)CCCNC(=N)N)C(=O)N1CCC[C@H]1C(=O)N[C@@H](CCCNC(=N)N)C(=O)N[C@@H](Cc1c[nH]c2ccccc12)C(=O)NCC(=O)O";"Activity";"'<'";"3.0";"%";"";"";"";"UO_0000187";"";"";"";"";"0";"CHEMBL4371826";"Effect on alpha-face conformations of latent human erythrocytes 20S proteasome assessed as open state conformation at 1 uM by atomic force microscopic method (Rvb = 7%)";"B";"BAO_0000019";"assay format";"Homo sapiens";"None";"None";"None";"None";"";"";"";"CHEMBL3831201";"20S proteasome";"Homo sapiens";"PROTEIN COMPLEX GROUP";"CHEMBL4371016";"1";"Scientific Literature";"J Med Chem";"2019";"None";"";"";"";"3.0"
"CHEMBL4522493";"";"None";"1707.03";"None";"None";"7";"CC(C)C[C@H](NC(=O)[C@H](Cc1ccc(O)cc1)NC(=O)[C@@H]1CCCN1C(=O)[C@@H]1CCCN1C(=O)[C@H](CCCNC(=N)N)NC(=O)[C@@H]1CCCN1C(=O)[C@H](CCCNC(=N)N)NC(=O)[C@H](CCCNC(=N)N)NC(=O)[C@@H](N)CCCNC(=N)N)C(=O)N1CCC[C@H]1C(=O)N[C@@H](CCCNC(=N)N)C(=O)N[C@@H](Cc1c[nH]c2ccccc12)C(=O)NCC(=O)O";"Activity";"'='";"73.0";"%";"";"";"";"UO_0000187";"";"";"";"";"0";"CHEMBL4371830";"Effect on alpha-face conformations of latent human erythrocytes 20S proteasome assessed as closed state conformation at 1 uM by atomic force microscopic method (Rvb = 70%)";"B";"BAO_0000019";"assay format";"Homo sapiens";"None";"None";"None";"None";"";"";"";"CHEMBL3831201";"20S proteasome";"Homo sapiens";"PROTEIN COMPLEX GROUP";"CHEMBL4371016";"1";"Scientific Literature";"J Med Chem";"2019";"None";"";"";"";"73.0"
"CHEMBL4862987";"";"None";"350.23";"None";"None";"9g";"CC(C)C[C@H](NC(=O)[C@H](NC(=O)c1cnccn1)C(C)(C)C)B(O)O";"IC50";"'>'";"10000.0";"nM";"";"";"";"UO_0000065";"";"";"";"";"0";"CHEMBL4823872";"Inhibition of human erythrocytes 20S proteasome using QXL520-YRGITCSGRQK(5-FAM)-NH2 fluorogenic peptide as substrate preincubated for 10 mins followed by substrate addition and measured after 60 mins by HTRF assay";"B";"BAO_0000221";"tissue-based format";"Homo sapiens";"None";"None";"Erythrocyte";"None";"";"";"";"CHEMBL3831201";"20S proteasome";"Homo sapiens";"PROTEIN COMPLEX GROUP";"CHEMBL4823253";"1";"Scientific Literature";"J Med Chem";"2021";"None";"TIME = 1.167 hr";"";"";"10.0"
"CHEMBL5573046";"";"None";"636.70";"2";"3.27";"AMC-2-091";"C[C@H](NC(=O)[C@H](CC(=O)NCC(C)(C)C)NC(=O)c1ccc(C(=O)Nc2ccccc2N)cc1)C(=O)NCc1ccc(F)cc1F";"IC50";"";"";"";"";"";"Not Determined";"";"";"";"";"";"0";"CHEMBL5550997";"Inhibition of human 20S proteasome chymotrypsin-like activity using Suc-LLVY-Glo as a fluorogenic substrate measured after 10 mins by luminescence based analysis";"B";"BAO_0000223";"protein complex format";"Homo sapiens";"None";"None";"None";"None";"";"";"";"CHEMBL3831201";"20S proteasome";"Homo sapiens";"PROTEIN COMPLEX GROUP";"CHEMBL5550115";"1";"Scientific Literature";"Bioorg Med Chem";"2024";"None";"TIME = 0.1667 hr";"";"";""
"CHEMBL4878388";"";"None";"548.69";"1";"1.38";"29";"CSC[C@H](NC(=O)c1cc(C)on1)C(=O)N[C@@H](CSC)C(=O)N[C@@H](Cc1ccccc1)C(=O)[C@@]1(C)CO1";"IC50";"'='";"27.3";"nM";"7.56";"";"";"UO_0000065";"13.79";"0.28";"6.18";"5.29";"0";"CHEMBL4822825";"Inhibition of chymotrypsin-like activity of human 20S proteasome using Suc-Leu-Leu-Val-Tyr-AMC as substrate preincubated for 10 mins followed by substrate addition measured after 1 hr by fluorescence based spectrofluorimeter assay";"B";"BAO_0000223";"protein complex format";"Homo sapiens";"None";"None";"None";"None";"";"";"";"CHEMBL3831201";"20S proteasome";"Homo sapiens";"PROTEIN COMPLEX GROUP";"CHEMBL4819132";"1";"Scientific Literature";"Bioorg Med Chem";"2021";"None";"TIME = 0.1667 hr";"INHIBITOR";"";"27.3"
"CHEMBL4856155";"";"None";"530.74";"1";"1.65";"36";"CSC[C@H](NC(=O)c1cnc(C)s1)C(=O)N[C@@H](CSC)C(=O)N[C@@H](CC(C)C)C(=O)[C@@]1(C)CO1";"IC50";"'='";"71.5";"nM";"7.15";"";"";"UO_0000065";"13.46";"0.29";"5.50";"5.51";"0";"CHEMBL4822825";"Inhibition of chymotrypsin-like activity of human 20S proteasome using Suc-Leu-Leu-Val-Tyr-AMC as substrate preincubated for 10 mins followed by substrate addition measured after 1 hr by fluorescence based spectrofluorimeter assay";"B";"BAO_0000223";"protein complex format";"Homo sapiens";"None";"None";"None";"None";"";"";"";"CHEMBL3831201";"20S proteasome";"Homo sapiens";"PROTEIN COMPLEX GROUP";"CHEMBL4819132";"1";"Scientific Literature";"Bioorg Med Chem";"2021";"None";"TIME = 0.1667 hr";"INHIBITOR";"";"71.5"
"CHEMBL5208143";"";"None";"612.70";"2";"5.04";"2b";"O=C(NCc1ccccc1C(=O)N[C@H](/C=C/S(=O)(=O)Oc1ccccc1)CCc1ccccc1)c1ccc2c(c1)OCCO2";"Inhibition";"";"";"%";"";"";"NA";"UO_0000187";"";"";"";"";"0";"CHEMBL5115913";"Inhibition of human 20S proteasome trypsin-like activity at 11 uM using Boc-Leu-Arg-Arg-AMC as fluorogenic substrate by fluorometric assay";"B";"BAO_0000223";"protein complex format";"Homo sapiens";"None";"None";"None";"None";"";"";"";"CHEMBL3831201";"20S proteasome";"Homo sapiens";"PROTEIN COMPLEX GROUP";"CHEMBL5113413";"1";"Scientific Literature";"Eur J Med Chem";"2022";"None";"Dose = 11.0 microM";"";"";""
"CHEMBL5187167";"";"None";"614.70";"2";"5.40";"4b";"O=C(NCc1ccccc1C(=O)N[C@H](/C=C(\F)S(=O)(=O)c1ccccc1)CCc1ccccc1)c1ccc2c(c1)OCCO2";"Inhibition";"'='";"14.0";"%";"";"";"";"UO_0000187";"";"";"";"";"0";"CHEMBL5115913";"Inhibition of human 20S proteasome trypsin-like activity at 11 uM using Boc-Leu-Arg-Arg-AMC as fluorogenic substrate by fluorometric assay";"B";"BAO_0000223";"protein complex format";"Homo sapiens";"None";"None";"None";"None";"";"";"";"CHEMBL3831201";"20S proteasome";"Homo sapiens";"PROTEIN COMPLEX GROUP";"CHEMBL5113413";"1";"Scientific Literature";"Eur J Med Chem";"2022";"None";"Dose = 11.0 microM";"";"";"14.0"
"CHEMBL4762988";"";"None";"390.49";"1";"6.38";"10";"COc1ccc2c(c1)N=C(c1ccccc1)N(c1ccccc1)C2c1ccccc1";"FC";"'='";"15.3";"";"";"";"";"";"";"";"";"";"0";"CHEMBL4736908";"Activation of human 20S proteosome assessed as fold increase in proteosome activity at 5.8 uM using caspase-like Z-LLE-AM fluorogenic peptide as substrate by fluorescence assay relative to control";"B";"BAO_0000223";"protein complex format";"Homo sapiens";"None";"None";"None";"None";"";"";"";"CHEMBL3831201";"20S proteasome";"Homo sapiens";"PROTEIN COMPLEX GROUP";"CHEMBL4732168";"1";"Scientific Literature";"Bioorg Med Chem Lett";"2021";"None";"Dose = 5.8 microM";"ACTIVATOR";"";"15.3"
"CHEMBL4763147";"";"None";"410.56";"1";"6.91";"5";"COc1ccc2c(c1)N=C(C1CCCCC1)N(Cc1ccccc1)C2c1ccccc1";"FC";"'='";"6.5";"";"";"";"";"";"";"";"";"";"0";"CHEMBL4736898";"Activation of human 20S proteosome assessed as increase in 7-amino-4-methylcoumarin release at 30 uM using mixture of chymotrypsin-like Suc-LLVY-AMC, trypsin-like Boc-LRR-AMC and caspase-like Z-LLE-AM fluorogenic peptides as substrates preincubated for 15 mins followed by substrate mixture addition and measured for 1 hr by fluorescence assay relative to control";"B";"BAO_0000223";"protein complex format";"Homo sapiens";"None";"None";"None";"None";"";"";"";"CHEMBL3831201";"20S proteasome";"Homo sapiens";"PROTEIN COMPLEX GROUP";"CHEMBL4732168";"1";"Scientific Literature";"Bioorg Med Chem Lett";"2021";"None";"Dose = 30.0 microM | TIME = 1.25 hr";"ACTIVATOR";"";"6.5"
"CHEMBL4435997";"";"None";"698.91";"1";"1.89";"11p";"CC(C)C[C@H](NC(=O)N1CCC(C(=O)NCCN2CCOCC2)CC1)C(=O)N[C@@H](Cc1ccccc1)C(=O)N[C@@H](CC(C)C)C(=O)[C@@]1(C)CO1";"IC50";"'='";"92.0";"nM";"7.04";"";"";"UO_0000065";"10.07";"0.19";"5.15";"4.35";"0";"CHEMBL4423848";"Inhibition of human 20S proteasome preincubated for 15 mins followed by substrate addition";"B";"BAO_0000223";"protein complex format";"Homo sapiens";"None";"None";"None";"None";"";"";"";"CHEMBL3831201";"20S proteasome";"Homo sapiens";"PROTEIN COMPLEX GROUP";"CHEMBL4422641";"1";"Scientific Literature";"Eur J Med Chem";"2019";"None";"";"";"";"92.0"
"CHEMBL2141296";"IXAZOMIB";"3.0";"361.03";"None";"None";"Ixazomib";"CC(C)C[C@H](NC(=O)CNC(=O)c1cc(Cl)ccc1Cl)B(O)O";"IC50";"'='";"15.0";"nM";"7.82";"";"";"UO_0000065";"21.67";"None";"None";"None";"0";"CHEMBL4357205";"Inhibition of human 20S proteasome using Suc-LLVY-AMC as substrate measured every 5 mins for 120 mins by fluorescence based assay";"B";"BAO_0000223";"protein complex format";"Homo sapiens";"None";"None";"None";"None";"";"";"";"CHEMBL3831201";"20S proteasome";"Homo sapiens";"PROTEIN COMPLEX GROUP";"CHEMBL4354831";"1";"Scientific Literature";"J Med Chem";"2020";"None";"";"";"";"15.0"
"CHEMBL4847335";"";"None";"418.26";"None";"None";"11f";"O=C(N[C@H](Cc1ccccc1)C(=O)N[C@@H](Cc1ccccc1)B(O)O)c1cnccn1";"IC50";"'='";"679.0";"nM";"6.17";"";"";"UO_0000065";"14.75";"None";"None";"None";"0";"CHEMBL4823872";"Inhibition of human erythrocytes 20S proteasome using QXL520-YRGITCSGRQK(5-FAM)-NH2 fluorogenic peptide as substrate preincubated for 10 mins followed by substrate addition and measured after 60 mins by HTRF assay";"B";"BAO_0000221";"tissue-based format";"Homo sapiens";"None";"None";"Erythrocyte";"None";"";"";"";"CHEMBL3831201";"20S proteasome";"Homo sapiens";"PROTEIN COMPLEX GROUP";"CHEMBL4823253";"1";"Scientific Literature";"J Med Chem";"2021";"None";"TIME = 1.167 hr";"INHIBITOR";"";"0.679"
"CHEMBL4870013";"";"None";"415.30";"None";"None";"14";"CCC[C@@H](NC(=O)c1oc(C)nc1C)C(=O)N[C@@H](CCCc1ccccc1)B(O)O";"IC50";"'>'";"10000.0";"nM";"";"";"";"UO_0000065";"";"";"";"";"0";"CHEMBL4823872";"Inhibition of human erythrocytes 20S proteasome using QXL520-YRGITCSGRQK(5-FAM)-NH2 fluorogenic peptide as substrate preincubated for 10 mins followed by substrate addition and measured after 60 mins by HTRF assay";"B";"BAO_0000221";"tissue-based format";"Homo sapiens";"None";"None";"Erythrocyte";"None";"";"";"";"CHEMBL3831201";"20S proteasome";"Homo sapiens";"PROTEIN COMPLEX GROUP";"CHEMBL4823253";"1";"Scientific Literature";"J Med Chem";"2021";"None";"TIME = 1.167 hr";"";"";"10.0"
"CHEMBL367149";"DOCONEXENT";"3.0";"328.50";"1";"6.55";"DHA";"CC/C=C\C/C=C\C/C=C\C/C=C\C/C=C\C/C=C\CCC(=O)O";"Activity";"'='";"340.0";"%";"";"";"";"UO_0000187";"";"";"";"";"0";"CHEMBL4373369";"Stimulation of human 20S proteasome at 25 uM using 11 amino acid FRET peptide as substrate measured every 2 mins over 1 hr by FRET assay relative to control";"B";"BAO_0000223";"protein complex format";"Homo sapiens";"None";"None";"None";"None";"";"";"";"CHEMBL3831201";"20S proteasome";"Homo sapiens";"PROTEIN COMPLEX GROUP";"CHEMBL4371088";"1";"Scientific Literature";"Bioorg Med Chem Lett";"2019";"None";"";"";"";"340.0"
"CHEMBL4560210";"";"None";"311.42";"1";"5.36";"S6";"CCCCCCCC(=O)Nc1cc(-c2ccccc2)ccc1O";"Activity";"'='";"24.0";"%";"";"";"";"UO_0000187";"";"";"";"";"0";"CHEMBL4373369";"Stimulation of human 20S proteasome at 25 uM using 11 amino acid FRET peptide as substrate measured every 2 mins over 1 hr by FRET assay relative to control";"B";"BAO_0000223";"protein complex format";"Homo sapiens";"None";"None";"None";"None";"";"";"";"CHEMBL3831201";"20S proteasome";"Homo sapiens";"PROTEIN COMPLEX GROUP";"CHEMBL4371088";"1";"Scientific Literature";"Bioorg Med Chem Lett";"2019";"None";"";"";"";"24.0"
"CHEMBL4452589";"";"None";"1667.99";"None";"None";"6";"CC(C)C[C@H](NC(=O)[C@H](Cc1ccc(O)cc1)NC(=O)[C@@H]1CCCN1C(=O)[C@@H]1CCCN1C(=O)[C@H](CCCNC(=N)N)NC(=O)[C@@H]1CCCN1C(=O)[C@H](CCCNC(=N)N)NC(=O)[C@H](CCCNC(=N)N)NC(=O)[C@@H](N)CCCNC(=N)N)C(=O)N1CCC[C@H]1C(=O)N[C@@H](CCCNC(=N)N)C(=O)N[C@@H](Cc1ccccc1)C(=O)NCC(=O)O";"Activity";"";"";"";"";"";"";"";"";"";"";"";"0";"CHEMBL4371821";"Negative allosteric modulation of SDS-activated human erythrocytes 20S proteasome assessed as reduction in yeast enolase degradation at 10 uM after 1 hr by SDS-PAGE analysis";"B";"BAO_0000019";"assay format";"Homo sapiens";"None";"None";"None";"None";"";"";"";"CHEMBL3831201";"20S proteasome";"Homo sapiens";"PROTEIN COMPLEX GROUP";"CHEMBL4371016";"1";"Scientific Literature";"J Med Chem";"2019";"None";"";"";"Active";""
"CHEMBL5201368";"";"None";"391.81";"0";"3.83";"6";"O=C(NC[C@@H](F)CO)c1cc(Nc2ccccc2F)c2cc(Cl)ccc2n1";"IC50";"'>'";"10000.0";"nM";"";"";"";"UO_0000065";"";"";"";"";"0";"CHEMBL5130423";"Inhibition of human 20s proteasome";"B";"BAO_0000223";"protein complex format";"Homo sapiens";"None";"None";"None";"None";"";"";"";"CHEMBL3831201";"20S proteasome";"Homo sapiens";"PROTEIN COMPLEX GROUP";"CHEMBL5126622";"1";"Scientific Literature";"J Med Chem";"2022";"None";"";"";"";"10000.0"
"CHEMBL281862";"";"None";"856.03";"3";"4.76";"5";"COc1ccc(CNC(=O)[C@@H](NC(=O)[C@H](NCc2ccc(OC)cc2OC)[C@H](O)[C@H](Cc2ccccc2)NC(=O)[C@@H](NC(=O)OCc2ccccc2)C(C)(C)C)C(C)C)c(O)c1";"IC50";"'='";"1600.0";"nM";"5.80";"";"";"UO_0000065";"6.77";"0.13";"1.04";"2.82";"0";"CHEMBL615352";"Tested in vitro for inhibition of chymotrypsin like activity of purified human 20S proteasome";"B";"BAO_0000220";"subcellular format";"Homo sapiens";"None";"None";"None";"None";"";"";"";"CHEMBL3831201";"20S proteasome";"Homo sapiens";"PROTEIN COMPLEX GROUP";"CHEMBL1136019";"1";"Scientific Literature";"Bioorg Med Chem Lett";"2002";"None";"";"";"";"1.6"
"CHEMBL5187649";"";"None";"574.65";"2";"5.61";"1c";"O=C(NCc1ccccc1C(=O)N[C@H](/C=C/S(=O)(=O)c1ccccc1)CCc1ccccc1)c1cc(F)cc(F)c1";"Inhibition";"";"";"%";"";"";"ND";"UO_0000187";"";"";"";"";"0";"CHEMBL5115915";"Inhibition of human 20S proteasome chymotrypsin-like activity at 11 uM using Succ-Leu-Leu-Val-Tyr-AMC as fluorogenic substrate by fluorometric assay";"B";"BAO_0000223";"protein complex format";"Homo sapiens";"None";"None";"None";"None";"";"";"";"CHEMBL3831201";"20S proteasome";"Homo sapiens";"PROTEIN COMPLEX GROUP";"CHEMBL5113413";"1";"Scientific Literature";"Eur J Med Chem";"2022";"None";"Dose = 11.0 microM";"";"";""
"CHEMBL772";"RESERPINE";"4.0";"608.69";"1";"4.17";"2";"COC(=O)[C@H]1[C@H]2C[C@@H]3c4[nH]c5cc(OC)ccc5c4CCN3C[C@H]2C[C@@H](OC(=O)c2cc(OC)c(OC)c(OC)c2)[C@@H]1OC";"FC";"'='";"4.8";"";"";"";"";"";"";"";"";"";"0";"CHEMBL5345271";"Activation of human 20S proteasome mediated chymotrypsin-like proteolytic activity assessed as maximal fold increase in protein activity using SucLLVY-MCA as a fluorogenic substrate incubated for 1 hr by fluorescence based assay";"B";"BAO_0000223";"protein complex format";"Homo sapiens";"None";"None";"None";"None";"";"";"";"CHEMBL3831201";"20S proteasome";"Homo sapiens";"PROTEIN COMPLEX GROUP";"CHEMBL5344422";"1";"Scientific Literature";"J Nat Prod";"2024";"None";"TIME = 1.0 hr";"ACTIVATOR";"";"4.8"
"CHEMBL64925";"MG-132";"None";"475.63";"0";"3.59";"MG132";"CC(C)C[C@@H](C=O)NC(=O)[C@H](CC(C)C)NC(=O)[C@H](CC(C)C)NC(=O)OCc1ccccc1";"Activity";"'='";"0.11";"";"";"";"";"";"";"";"";"";"0";"CHEMBL5345276";"Activation of 20S proteasome in human HeLa cells assessed as gate opening by measuring increase in membrane-permeable fluorescent probe signal pretreated for 20 hrs followed by treated with Me4BodipyFL-Ahx3Lue3VS probe for 2 hrs by flow cytometry relative to DMSO";"B";"BAO_0000219";"cell-based format";"Homo sapiens";"None";"None";"HeLa";"None";"";"";"";"CHEMBL3831201";"20S proteasome";"Homo sapiens";"PROTEIN COMPLEX GROUP";"CHEMBL5344422";"1";"Scientific Literature";"J Nat Prod";"2024";"None";"TIME = 22.0 hr";"ACTIVATOR";"";"0.11"
"CHEMBL1399124";"SYROSINGOPINE";"2.0";"666.72";"2";"4.70";"1";"CCOC(=O)Oc1c(OC)cc(C(=O)O[C@@H]2C[C@@H]3CN4CCc5c([nH]c6cc(OC)ccc56)[C@H]4C[C@@H]3[C@H](C(=O)OC)[C@H]2OC)cc1OC";"FC";"'='";"12.53";"";"";"";"";"";"";"";"";"";"0";"CHEMBL5345266";"Activation of human 20S proteasome chymotrypsin-like hydrolysis activity assessed as measuring fold increase in protein activity using SucLLVY-MCA as a fluorogenic substrate at 10 uM incubated for 20 mins by fluorescence based assay relative to DMSO";"B";"BAO_0000223";"protein complex format";"Homo sapiens";"None";"None";"None";"None";"";"";"";"CHEMBL3831201";"20S proteasome";"Homo sapiens";"PROTEIN COMPLEX GROUP";"CHEMBL5344422";"1";"Scientific Literature";"J Nat Prod";"2024";"None";"DOSE = 10.0 microM | TIME = 0.3333 hr";"ACTIVATOR";"";"12.53"
"CHEMBL71";"CHLORPROMAZINE";"4.0";"318.87";"0";"4.89";"CPZ";"CN(C)CCCN1c2ccccc2Sc2ccc(Cl)cc21";"FC";"'='";"4.09";"";"";"";"";"";"";"";"";"";"0";"CHEMBL5345267";"Activation of human 20S proteasome chymotrypsin-like hydrolysis activity assessed as measuring fold increase in protein activity using SucLLVY-MCA as a fluorogenic substrate at 20 uM incubated for 20 mins by fluorescence based assay relative to DMSO";"B";"BAO_0000223";"protein complex format";"Homo sapiens";"None";"None";"None";"None";"";"";"";"CHEMBL3831201";"20S proteasome";"Homo sapiens";"PROTEIN COMPLEX GROUP";"CHEMBL5344422";"1";"Scientific Literature";"J Nat Prod";"2024";"None";"DOSE = 20.0 microM | TIME = 0.3333 hr";"ACTIVATOR";"";"4.09"
"CHEMBL1399124";"SYROSINGOPINE";"2.0";"666.72";"2";"4.70";"1";"CCOC(=O)Oc1c(OC)cc(C(=O)O[C@@H]2C[C@@H]3CN4CCc5c([nH]c6cc(OC)ccc56)[C@H]4C[C@@H]3[C@H](C(=O)OC)[C@H]2OC)cc1OC";"CD";"'='";"0.96";"uM";"";"";"";"UO_0000064";"";"";"";"";"0";"CHEMBL5345269";"Activation of human 20S proteasome trypsin-like hydrolysis activity assessed as concentration to doubling the protein activity using SucLLVY-MCA as a fluorogenic substrate measured after 1 hr by fluorescence based assay";"B";"BAO_0000223";"protein complex format";"Homo sapiens";"None";"None";"None";"None";"";"";"";"CHEMBL3831201";"20S proteasome";"Homo sapiens";"PROTEIN COMPLEX GROUP";"CHEMBL5344422";"1";"Scientific Literature";"J Nat Prod";"2024";"None";"TIME = 1.0 hr";"ACTIVATOR";"";"0.96"
"CHEMBL772";"RESERPINE";"4.0";"608.69";"1";"4.17";"2";"COC(=O)[C@H]1[C@H]2C[C@@H]3c4[nH]c5cc(OC)ccc5c4CCN3C[C@H]2C[C@@H](OC(=O)c2cc(OC)c(OC)c(OC)c2)[C@@H]1OC";"FC";"'='";"7.0";"";"";"";"";"";"";"";"";"";"0";"CHEMBL5345272";"Activation of human 20S proteasome mediated trypsin-like proteolytic activity assessed as maximal fold increase in protein activity using SucLLVY-MCA as a fluorogenic substrate incubated for 1 hr by fluorescence based assay";"B";"BAO_0000223";"protein complex format";"Homo sapiens";"None";"None";"None";"None";"";"";"";"CHEMBL3831201";"20S proteasome";"Homo sapiens";"PROTEIN COMPLEX GROUP";"CHEMBL5344422";"1";"Scientific Literature";"J Nat Prod";"2024";"None";"TIME = 1.0 hr";"ACTIVATOR";"";"7.0"
"CHEMBL772";"RESERPINE";"4.0";"608.69";"1";"4.17";"2";"COC(=O)[C@H]1[C@H]2C[C@@H]3c4[nH]c5cc(OC)ccc5c4CCN3C[C@H]2C[C@@H](OC(=O)c2cc(OC)c(OC)c(OC)c2)[C@@H]1OC";"Activity";"";"";"";"";"";"";"";"";"";"";"";"0";"CHEMBL5345275";"Activation of human 20S proteasome assessed as alpha-synuclein degradation in presence of MG132 incubated for 20 mins by Western blot analysis";"B";"BAO_0000223";"protein complex format";"Homo sapiens";"None";"None";"None";"None";"";"";"";"CHEMBL3831201";"20S proteasome";"Homo sapiens";"PROTEIN COMPLEX GROUP";"CHEMBL5344422";"1";"Scientific Literature";"J Nat Prod";"2024";"None";"TIME = 0.3333 hr";"";"Not active";""
"CHEMBL4277587";"";"None";"226.36";"0";"4.55";"S17";"CCCCCCCCCCC/C=C/C(=O)O";"Activity";"'='";"298.0";"%";"";"";"";"UO_0000187";"";"";"";"";"0";"CHEMBL4373369";"Stimulation of human 20S proteasome at 25 uM using 11 amino acid FRET peptide as substrate measured every 2 mins over 1 hr by FRET assay relative to control";"B";"BAO_0000223";"protein complex format";"Homo sapiens";"None";"None";"None";"None";"";"";"";"CHEMBL3831201";"20S proteasome";"Homo sapiens";"PROTEIN COMPLEX GROUP";"CHEMBL4371088";"1";"Scientific Literature";"Bioorg Med Chem Lett";"2019";"None";"";"";"";"298.0"
"CHEMBL5439923";"";"None";"693.76";"2";"1.91";"12";"CC(=O)N[C@H]1Cc2ccc([N+](=O)[O-])c(c2)Oc2ccc3c(c2)C(C[C@@H](C(=O)N[C@@H](CC(C)C)C(N)=O)NC(=O)[C@H](CC(C)C)NC1=O)C(=O)N3";"IC50";"'='";"25000.0";"nM";"4.60";"";"";"UO_0000065";"6.63";"0.13";"2.69";"1.91";"0";"CHEMBL5338549";"Inhibition of human 20S proteasome chymotrypsin-like activity using Suc-LLVY-AMC as a fluorogenic substrate measured every 20 seconds for 10 mins by fluorescence based assay";"B";"BAO_0000223";"protein complex format";"Homo sapiens";"None";"None";"None";"None";"";"";"";"CHEMBL3831201";"20S proteasome";"Homo sapiens";"PROTEIN COMPLEX GROUP";"CHEMBL5335865";"1";"Scientific Literature";"ACS Med Chem Lett";"2024";"None";"TIME = 0.1667 hr";"INHIBITOR";"";"25.0"
"CHEMBL5185467";"";"None";"331.42";"0";"4.52";"1";"Cc1ccc2nc(C(=O)N3CCCC3)cc(Nc3ccccc3)c2c1";"IC50";"'>'";"10000.0";"nM";"";"";"";"UO_0000065";"";"";"";"";"0";"CHEMBL5130423";"Inhibition of human 20s proteasome";"B";"BAO_0000223";"protein complex format";"Homo sapiens";"None";"None";"None";"None";"";"";"";"CHEMBL3831201";"20S proteasome";"Homo sapiens";"PROTEIN COMPLEX GROUP";"CHEMBL5126622";"1";"Scientific Literature";"J Med Chem";"2022";"None";"";"";"";"10000.0"
"CHEMBL5176257";"";"None";"556.66";"2";"5.63";"4d";"O=C(NCc1ccccc1C(=O)N[C@H](/C=C(\F)S(=O)(=O)c1ccccc1)CCc1ccccc1)c1ccccc1";"Inhibition";"";"";"%";"";"";"NA";"UO_0000187";"";"";"";"";"0";"CHEMBL5115913";"Inhibition of human 20S proteasome trypsin-like activity at 11 uM using Boc-Leu-Arg-Arg-AMC as fluorogenic substrate by fluorometric assay";"B";"BAO_0000223";"protein complex format";"Homo sapiens";"None";"None";"None";"None";"";"";"";"CHEMBL3831201";"20S proteasome";"Homo sapiens";"PROTEIN COMPLEX GROUP";"CHEMBL5113413";"1";"Scientific Literature";"Eur J Med Chem";"2022";"None";"Dose = 11.0 microM";"";"";""
"CHEMBL5179910";"";"None";"538.67";"2";"5.34";"1d";"O=C(NCc1ccccc1C(=O)N[C@H](/C=C/S(=O)(=O)c1ccccc1)CCc1ccccc1)c1ccccc1";"Inhibition";"'='";"39.0";"%";"";"";"";"UO_0000187";"";"";"";"";"0";"CHEMBL5115914";"Inhibition of human 20S proteasome caspase-like activity at 11 uM using Cbz-Leu-Leu-Glu-AMC as fluorogenic substrate by fluorometric assay";"B";"BAO_0000223";"protein complex format";"Homo sapiens";"None";"None";"None";"None";"";"";"";"CHEMBL3831201";"20S proteasome";"Homo sapiens";"PROTEIN COMPLEX GROUP";"CHEMBL5113413";"1";"Scientific Literature";"Eur J Med Chem";"2022";"None";"Dose = 11.0 microM";"";"";"39.0"
"CHEMBL5208143";"";"None";"612.70";"2";"5.04";"2b";"O=C(NCc1ccccc1C(=O)N[C@H](/C=C/S(=O)(=O)Oc1ccccc1)CCc1ccccc1)c1ccc2c(c1)OCCO2";"Inhibition";"'='";"43.0";"%";"";"";"";"UO_0000187";"";"";"";"";"0";"CHEMBL5115914";"Inhibition of human 20S proteasome caspase-like activity at 11 uM using Cbz-Leu-Leu-Glu-AMC as fluorogenic substrate by fluorometric assay";"B";"BAO_0000223";"protein complex format";"Homo sapiens";"None";"None";"None";"None";"";"";"";"CHEMBL3831201";"20S proteasome";"Homo sapiens";"PROTEIN COMPLEX GROUP";"CHEMBL5113413";"1";"Scientific Literature";"Eur J Med Chem";"2022";"None";"Dose = 11.0 microM";"INHIBITOR";"";"43.0"
"CHEMBL5208143";"";"None";"612.70";"2";"5.04";"2b";"O=C(NCc1ccccc1C(=O)N[C@H](/C=C/S(=O)(=O)Oc1ccccc1)CCc1ccccc1)c1ccc2c(c1)OCCO2";"Inhibition";"'='";"12.0";"%";"";"";"";"UO_0000187";"";"";"";"";"0";"CHEMBL5115915";"Inhibition of human 20S proteasome chymotrypsin-like activity at 11 uM using Succ-Leu-Leu-Val-Tyr-AMC as fluorogenic substrate by fluorometric assay";"B";"BAO_0000223";"protein complex format";"Homo sapiens";"None";"None";"None";"None";"";"";"";"CHEMBL3831201";"20S proteasome";"Homo sapiens";"PROTEIN COMPLEX GROUP";"CHEMBL5113413";"1";"Scientific Literature";"Eur J Med Chem";"2022";"None";"Dose = 11.0 microM";"";"";"12.0"
"CHEMBL5423091";"";"None";"693.80";"1";"3.29";"15b";"CC(=O)N[C@H]1Cc2ccc([N+](=O)[O-])c(c2)Oc2ccc(cc2)CC[C@@H](C(=O)N[C@@H](CC(C)C)C(=O)[C@@]2(C)CO2)NC(=O)[C@H](CC(C)C)NC1=O";"IC50";"'='";"2900.0";"nM";"5.54";"";"";"UO_0000065";"7.98";"0.15";"2.25";"2.79";"0";"CHEMBL5338549";"Inhibition of human 20S proteasome chymotrypsin-like activity using Suc-LLVY-AMC as a fluorogenic substrate measured every 20 seconds for 10 mins by fluorescence based assay";"B";"BAO_0000223";"protein complex format";"Homo sapiens";"None";"None";"None";"None";"";"";"";"CHEMBL3831201";"20S proteasome";"Homo sapiens";"PROTEIN COMPLEX GROUP";"CHEMBL5335865";"1";"Scientific Literature";"ACS Med Chem Lett";"2024";"None";"TIME = 0.1667 hr";"INHIBITOR";"";"2.9"
"CHEMBL4872322";"";"None";"596.53";"1";"2.67";"15";"COC[C@H](NC(=O)[C@H](CSC)NC(=O)c1cc(Cl)ccc1Cl)C(=O)N[C@@H](Cc1ccccc1)C(=O)[C@@]1(C)CO1";"IC50";"'='";"167.2";"nM";"6.78";"";"";"UO_0000065";"11.36";"0.24";"4.11";"5.37";"0";"CHEMBL4822825";"Inhibition of chymotrypsin-like activity of human 20S proteasome using Suc-Leu-Leu-Val-Tyr-AMC as substrate preincubated for 10 mins followed by substrate addition measured after 1 hr by fluorescence based spectrofluorimeter assay";"B";"BAO_0000223";"protein complex format";"Homo sapiens";"None";"None";"None";"None";"";"";"";"CHEMBL3831201";"20S proteasome";"Homo sapiens";"PROTEIN COMPLEX GROUP";"CHEMBL4819132";"1";"Scientific Literature";"Bioorg Med Chem";"2021";"None";"TIME = 0.1667 hr";"INHIBITOR";"";"167.2"
"CHEMBL4862424";"";"None";"412.30";"None";"None";"11b";"CC(C)CCC[C@H](NC(=O)[C@@H](Cc1ccccc1)NC(=O)c1cnccn1)B(O)O";"IC50";"'='";"1036.0";"nM";"5.99";"";"";"UO_0000065";"14.52";"None";"None";"None";"0";"CHEMBL4823872";"Inhibition of human erythrocytes 20S proteasome using QXL520-YRGITCSGRQK(5-FAM)-NH2 fluorogenic peptide as substrate preincubated for 10 mins followed by substrate addition and measured after 60 mins by HTRF assay";"B";"BAO_0000221";"tissue-based format";"Homo sapiens";"None";"None";"Erythrocyte";"None";"";"";"";"CHEMBL3831201";"20S proteasome";"Homo sapiens";"PROTEIN COMPLEX GROUP";"CHEMBL4823253";"1";"Scientific Literature";"J Med Chem";"2021";"None";"TIME = 1.167 hr";"INHIBITOR";"";"1.036"
"CHEMBL4871127";"";"None";"511.67";"1";"0.67";"22";"CSC[C@H](NC(=O)c1cnccn1)C(=O)N[C@@H](CSC)C(=O)N[C@@H](CC(C)C)C(=O)[C@@]1(C)CO1";"IC50";"'='";"1484.0";"nM";"5.83";"";"";"UO_0000065";"11.39";"0.23";"5.16";"4.09";"0";"CHEMBL4822825";"Inhibition of chymotrypsin-like activity of human 20S proteasome using Suc-Leu-Leu-Val-Tyr-AMC as substrate preincubated for 10 mins followed by substrate addition measured after 1 hr by fluorescence based spectrofluorimeter assay";"B";"BAO_0000223";"protein complex format";"Homo sapiens";"None";"None";"None";"None";"";"";"";"CHEMBL3831201";"20S proteasome";"Homo sapiens";"PROTEIN COMPLEX GROUP";"CHEMBL4819132";"1";"Scientific Literature";"Bioorg Med Chem";"2021";"None";"TIME = 0.1667 hr";"INHIBITOR";"";"1484.0"
"CHEMBL4864762";"";"None";"532.62";"1";"0.66";"27";"COC[C@H](NC(=O)[C@H](CSC)NC(=O)c1cc(C)on1)C(=O)N[C@@H](Cc1ccccc1)C(=O)[C@@]1(C)CO1";"IC50";"'='";"34.2";"nM";"7.47";"";"";"UO_0000065";"14.02";"0.28";"6.81";"4.91";"0";"CHEMBL4822825";"Inhibition of chymotrypsin-like activity of human 20S proteasome using Suc-Leu-Leu-Val-Tyr-AMC as substrate preincubated for 10 mins followed by substrate addition measured after 1 hr by fluorescence based spectrofluorimeter assay";"B";"BAO_0000223";"protein complex format";"Homo sapiens";"None";"None";"None";"None";"";"";"";"CHEMBL3831201";"20S proteasome";"Homo sapiens";"PROTEIN COMPLEX GROUP";"CHEMBL4819132";"1";"Scientific Literature";"Bioorg Med Chem";"2021";"None";"TIME = 0.1667 hr";"INHIBITOR";"";"34.2"
"CHEMBL4875208";"";"None";"514.67";"1";"1.18";"28";"CSC[C@H](NC(=O)c1cc(C)on1)C(=O)N[C@@H](CSC)C(=O)N[C@@H](CC(C)C)C(=O)[C@@]1(C)CO1";"IC50";"'='";"16.4";"nM";"7.79";"";"";"UO_0000065";"15.13";"0.31";"6.61";"5.45";"0";"CHEMBL4822825";"Inhibition of chymotrypsin-like activity of human 20S proteasome using Suc-Leu-Leu-Val-Tyr-AMC as substrate preincubated for 10 mins followed by substrate addition measured after 1 hr by fluorescence based spectrofluorimeter assay";"B";"BAO_0000223";"protein complex format";"Homo sapiens";"None";"None";"None";"None";"";"";"";"CHEMBL3831201";"20S proteasome";"Homo sapiens";"PROTEIN COMPLEX GROUP";"CHEMBL4819132";"1";"Scientific Literature";"Bioorg Med Chem";"2021";"None";"TIME = 0.1667 hr";"INHIBITOR";"";"16.4"
"CHEMBL4865310";"";"None";"438.48";"0";"-0.27";"30";"COC[C@H](NC(=O)c1cc(C)on1)C(=O)NCC(=O)N[C@@H](CC(C)C)C(=O)[C@@]1(C)CO1";"IC50";"'='";"69.2";"nM";"7.16";"";"";"UO_0000065";"16.33";"0.32";"7.43";"4.71";"0";"CHEMBL4822825";"Inhibition of chymotrypsin-like activity of human 20S proteasome using Suc-Leu-Leu-Val-Tyr-AMC as substrate preincubated for 10 mins followed by substrate addition measured after 1 hr by fluorescence based spectrofluorimeter assay";"B";"BAO_0000223";"protein complex format";"Homo sapiens";"None";"None";"None";"None";"";"";"";"CHEMBL3831201";"20S proteasome";"Homo sapiens";"PROTEIN COMPLEX GROUP";"CHEMBL4819132";"1";"Scientific Literature";"Bioorg Med Chem";"2021";"None";"TIME = 0.1667 hr";"INHIBITOR";"";"69.2"
"CHEMBL451887";"CARFILZOMIB";"4.0";"719.92";"1";"2.58";"Carfilzomib";"CC(C)C[C@H](NC(=O)[C@H](CCc1ccccc1)NC(=O)CN1CCOCC1)C(=O)N[C@@H](Cc1ccccc1)C(=O)N[C@@H](CC(C)C)C(=O)[C@@]1(C)CO1";"IC50";"'='";"7.0";"nM";"8.15";"";"";"UO_0000065";"11.33";"0.21";"5.57";"5.15";"0";"CHEMBL4829380";"Inhibition of human 20S proteasome chymotrypsin-like activity in human RPMI-8226 cells using Suc-LLVY-AMC as fluorogenic substrate incubated for 3 hrs by fluorescence assay";"B";"BAO_0000219";"cell-based format";"Homo sapiens";"None";"None";"RPMI-8226";"None";"";"";"";"CHEMBL3831201";"20S proteasome";"Homo sapiens";"PROTEIN COMPLEX GROUP";"CHEMBL4828720";"1";"Scientific Literature";"J Med Chem";"2021";"None";"TIME = 3.0 hr";"INHIBITOR";"";"7.0"
"CHEMBL5180560";"";"None";"697.88";"1";"4.36";"38";"C[C@H](NC(=O)[C@H](CCc1ccccc1)NC(=O)[C@H](CC(=O)NCC(C)(C)C)NC(=O)N1CCC(C(=O)Nc2cccnc2)CC1)c1ccccc1";"IC50";"'>'";"10000.0";"nM";"";"";"";"UO_0000065";"";"";"";"";"0";"CHEMBL5159800";"Inhibition of chymotrypsin-like activity of human 20S proteasome using Suc-Leu Leu-Val-Tyr-AMC as substrate preincubated for 15 mins followed by substrate addition measured by fluorescence assay";"B";"BAO_0000223";"protein complex format";"Homo sapiens";"None";"None";"None";"None";"";"";"";"CHEMBL3831201";"20S proteasome";"Homo sapiens";"PROTEIN COMPLEX GROUP";"CHEMBL5154760";"1";"Scientific Literature";"Eur J Med Chem";"2022";"None";"TIME = 0.25 hr";"";"";"10000.0"
"CHEMBL5201055";"";"None";"754.95";"2";"5.44";"45";"CN(C(=O)C1CCN(C(=O)N[C@@H](CC(=O)NCC(C)(C)C)C(=O)N[C@@H](CCc2ccccc2)C(=O)N[C@@H]2CCCc3ccccc32)CC1)c1ccc(F)cc1";"IC50";"'='";"9.38";"nM";"8.03";"";"";"UO_0000065";"10.63";"0.20";"2.59";"5.74";"0";"CHEMBL5159800";"Inhibition of chymotrypsin-like activity of human 20S proteasome using Suc-Leu Leu-Val-Tyr-AMC as substrate preincubated for 15 mins followed by substrate addition measured by fluorescence assay";"B";"BAO_0000223";"protein complex format";"Homo sapiens";"None";"None";"None";"None";"";"";"";"CHEMBL3831201";"20S proteasome";"Homo sapiens";"PROTEIN COMPLEX GROUP";"CHEMBL5154760";"1";"Scientific Literature";"Eur J Med Chem";"2022";"None";"TIME = 0.25 hr";"INHIBITOR";"";"9.38"
"CHEMBL5412210";"";"None";"679.77";"1";"2.90";"15a";"CC(=O)N[C@H]1Cc2ccc([N+](=O)[O-])c(c2)Oc2ccc(cc2)C[C@@H](C(=O)N[C@@H](CC(C)C)C(=O)[C@@]2(C)CO2)NC(=O)[C@H](CC(C)C)NC1=O";"Inhibition";"";"";"%";"";"";"";"UO_0000187";"";"";"";"";"0";"CHEMBL5338551";"Inhibition of human 20S proteasome trypsin-like activity using Ac-RLR-AMC as a fluorogenic substrate at 130 uM measured every 20 seconds for 10 mins by fluorescence based assay";"B";"BAO_0000223";"protein complex format";"Homo sapiens";"None";"None";"None";"None";"";"";"";"CHEMBL3831201";"20S proteasome";"Homo sapiens";"PROTEIN COMPLEX GROUP";"CHEMBL5335865";"1";"Scientific Literature";"ACS Med Chem Lett";"2024";"None";"DOSE = 130.0 microM | TIME = 0.1667 hr";"";"Not active";""
"CHEMBL5190013";"";"None";"371.39";"0";"3.49";"4";"Cc1ccc2nc(C(=O)NC[C@@H](F)CO)cc(Nc3ccccc3F)c2c1";"IC50";"'>'";"10000.0";"nM";"";"";"";"UO_0000065";"";"";"";"";"0";"CHEMBL5130423";"Inhibition of human 20s proteasome";"B";"BAO_0000223";"protein complex format";"Homo sapiens";"None";"None";"None";"None";"";"";"";"CHEMBL3831201";"20S proteasome";"Homo sapiens";"PROTEIN COMPLEX GROUP";"CHEMBL5126622";"1";"Scientific Literature";"J Med Chem";"2022";"None";"";"";"";"10000.0"
"CHEMBL6167440";"";"None";"1834.03";"None";"None";"2";"C[C@@H](O)[C@H](NC(=O)[C@H](Cc1ccccc1)NC(=O)[C@H](Cc1ccc(O)cc1)NC(=O)[C@@H](N)CCCCN)C(=O)NCC(=O)N[C@@H](CO)C(=O)N[C@@H](CCCCN)C(=O)N[C@@H](CC(=O)O)C(=O)N[C@@H](Cc1ccc(O)cc1)C(=O)N[C@@H](CCCNC(=N)N)C(=O)N[C@@H](CCCNC(=N)N)C(=O)N[C@@H](Cc1ccc(O)cc1)C(=O)N[C@@H](Cc1ccc(O)cc1)C(=O)N[C@@H](CO)C(=O)O";"Activity";"";"";"";"";"";"";"";"";"";"";"";"0";"CHEMBL6138531";"Activation of human erythrocyte-derived 20S proteasome using Dabcyl-EDANS as FRET-type substrate at lower concentration measured every two mins for 60 mins by fluorescence based analysis";"B";"BAO_0000219";"cell-based format";"Homo sapiens";"None";"None";"Erythrocyte";"None";"";"";"";"CHEMBL3831201";"20S proteasome";"Homo sapiens";"PROTEIN COMPLEX GROUP";"CHEMBL6134855";"1";"Scientific Literature";"J Med Chem";"2025";"None";"TIME = 1.0 hr";"ACTIVATOR";"Active";""
"CHEMBL6149502";"";"None";"1848.05";"None";"None";"2e";"COc1ccc(CN(CC(=O)N[C@@H](CCCNC(=N)N)C(=O)N[C@@H](CCCNC(=N)N)C(=O)N[C@@H](Cc2ccc(O)cc2)C(=O)N[C@@H](Cc2ccc(O)cc2)C(=O)N[C@@H](CO)C(=O)O)C(=O)[C@H](CC(=O)O)NC(=O)[C@H](CCCCN)NC(=O)[C@H](CO)NC(=O)CNC(=O)[C@@H](NC(=O)[C@H](Cc2ccccc2)NC(=O)[C@H](Cc2ccc(O)cc2)NC(=O)[C@@H](N)CCCCN)[C@@H](C)O)cc1";"Activity";"";"";"";"";"";"";"";"";"";"";"";"0";"CHEMBL6138531";"Activation of human erythrocyte-derived 20S proteasome using Dabcyl-EDANS as FRET-type substrate at lower concentration measured every two mins for 60 mins by fluorescence based analysis";"B";"BAO_0000219";"cell-based format";"Homo sapiens";"None";"None";"Erythrocyte";"None";"";"";"";"CHEMBL3831201";"20S proteasome";"Homo sapiens";"PROTEIN COMPLEX GROUP";"CHEMBL6134855";"1";"Scientific Literature";"J Med Chem";"2025";"None";"TIME = 1.0 hr";"ACTIVATOR";"Active";""
"CHEMBL6149017";"";"None";"1862.08";"None";"None";"2f";"COc1ccc(CN(CC(=O)N[C@@H](CCCNC(=N)N)C(=O)N[C@@H](CCCNC(=N)N)C(=O)N[C@@H](Cc2ccc(O)cc2)C(=O)N[C@@H](Cc2ccc(O)cc2)C(=O)N[C@@H](CO)C(=O)O)C(=O)[C@H](CC(=O)O)NC(=O)[C@H](CCCCN)NC(=O)[C@H](CO)NC(=O)CNC(=O)[C@@H](NC(=O)[C@H](Cc2ccccc2)NC(=O)CN(Cc2ccc(OC)cc2)C(=O)[C@@H](N)CCCCN)[C@@H](C)O)cc1";"Activity";"";"";"";"";"";"";"";"";"";"";"";"0";"CHEMBL6138533";"Activation of human erythrocyte-derived 20S proteasome caspase-like activity using Z-LLE-AMC as substrate at lower concentration measured every two mins for 60 mins by fluorescence based analysis";"B";"BAO_0000219";"cell-based format";"Homo sapiens";"None";"None";"Erythrocyte";"None";"";"";"";"CHEMBL3831201";"20S proteasome";"Homo sapiens";"PROTEIN COMPLEX GROUP";"CHEMBL6134855";"1";"Scientific Literature";"J Med Chem";"2025";"None";"TIME = 1.0 hr";"ACTIVATOR";"Weak_effect";""
"CHEMBL4285532";"";"None";"254.41";"1";"5.33";"S18";"CCCCCCCCCCCCC/C=C/C(=O)O";"Activity";"'='";"480.0";"%";"";"";"";"UO_0000187";"";"";"";"";"0";"CHEMBL4373369";"Stimulation of human 20S proteasome at 25 uM using 11 amino acid FRET peptide as substrate measured every 2 mins over 1 hr by FRET assay relative to control";"B";"BAO_0000223";"protein complex format";"Homo sapiens";"None";"None";"None";"None";"";"";"";"CHEMBL3831201";"20S proteasome";"Homo sapiens";"PROTEIN COMPLEX GROUP";"CHEMBL4371088";"1";"Scientific Literature";"Bioorg Med Chem Lett";"2019";"None";"";"";"";"480.0"
"CHEMBL4451775";"";"None";"267.33";"0";"3.96";"S11";"CC(C)=CC(=O)Nc1cc(-c2ccccc2)ccc1O";"Activity";"'='";"0.0";"%";"";"";"";"UO_0000187";"";"";"";"";"0";"CHEMBL4373369";"Stimulation of human 20S proteasome at 25 uM using 11 amino acid FRET peptide as substrate measured every 2 mins over 1 hr by FRET assay relative to control";"B";"BAO_0000223";"protein complex format";"Homo sapiens";"None";"None";"None";"None";"";"";"";"CHEMBL3831201";"20S proteasome";"Homo sapiens";"PROTEIN COMPLEX GROUP";"CHEMBL4371088";"1";"Scientific Literature";"Bioorg Med Chem Lett";"2019";"None";"";"";"";"0.0"
"CHEMBL4470050";"";"None";"345.53";"1";"6.59";"18";"CCCCCCCCCCCCC/C=C/C(=O)Nc1ccc(O)cc1";"Activity";"'='";"60.0";"%";"";"";"";"UO_0000187";"";"";"";"";"0";"CHEMBL4373369";"Stimulation of human 20S proteasome at 25 uM using 11 amino acid FRET peptide as substrate measured every 2 mins over 1 hr by FRET assay relative to control";"B";"BAO_0000223";"protein complex format";"Homo sapiens";"None";"None";"None";"None";"";"";"";"CHEMBL3831201";"20S proteasome";"Homo sapiens";"PROTEIN COMPLEX GROUP";"CHEMBL4371088";"1";"Scientific Literature";"Bioorg Med Chem Lett";"2019";"None";"";"";"";"60.0"
"CHEMBL5179910";"";"None";"538.67";"2";"5.34";"1d";"O=C(NCc1ccccc1C(=O)N[C@H](/C=C/S(=O)(=O)c1ccccc1)CCc1ccccc1)c1ccccc1";"Inhibition";"'='";"14.0";"%";"";"";"";"UO_0000187";"";"";"";"";"0";"CHEMBL5115915";"Inhibition of human 20S proteasome chymotrypsin-like activity at 11 uM using Succ-Leu-Leu-Val-Tyr-AMC as fluorogenic substrate by fluorometric assay";"B";"BAO_0000223";"protein complex format";"Homo sapiens";"None";"None";"None";"None";"";"";"";"CHEMBL3831201";"20S proteasome";"Homo sapiens";"PROTEIN COMPLEX GROUP";"CHEMBL5113413";"1";"Scientific Literature";"Eur J Med Chem";"2022";"None";"Dose = 11.0 microM";"";"";"14.0"
"CHEMBL6152776";"";"None";"1801.98";"None";"None";"1c";"C[C@@H](O)[C@H](NC(=O)[C@H](Cc1ccccc1)NC(=O)[C@H](Cc1ccc(O)cc1)NC(=O)CNCCCCN)C(=O)NCC(=O)N[C@@H](CO)C(=O)N[C@@H](CCCCN)C(=O)N[C@@H](CC(=O)O)C(=O)N[C@@H](Cc1c[nH]c2ccccc12)C(=O)N[C@@H](CCCNC(=N)N)C(=O)N(CCO)CC(=O)N[C@@H](Cc1ccc(O)cc1)C(=O)N[C@@H](Cc1ccc(O)cc1)C(=O)N[C@@H](CO)C(=O)O";"Activity";"";"";"";"";"";"Lower Capacity Of Activation Is Observed";"";"";"";"";"";"0";"CHEMBL6138527";"Activation of human erythrocyte-derived 20S proteasome chymotrypsin-like activity using Suc-LLVY-AMC as substrate at 1.0 to 50 uM measured every two mins for 60 mins by fluorescence based analysis";"B";"BAO_0000219";"cell-based format";"Homo sapiens";"None";"None";"Erythrocyte";"None";"";"";"";"CHEMBL3831201";"20S proteasome";"Homo sapiens";"PROTEIN COMPLEX GROUP";"CHEMBL6134855";"1";"Scientific Literature";"J Med Chem";"2025";"None";"DOSE_Lower = 1.0 microM | DOSE_Upper = 50.0 microM | TIME = 1.0 hr";"ACTIVATOR";"Active";""
"CHEMBL6170046";"";"None";"1848.05";"None";"None";"2d";"COc1ccc(CN(CC(=O)N[C@@H](Cc2ccccc2)C(=O)N[C@H](C(=O)NCC(=O)N[C@@H](CO)C(=O)N[C@@H](CCCCN)C(=O)N[C@@H](CC(=O)O)C(=O)N[C@@H](Cc2ccc(O)cc2)C(=O)N[C@@H](CCCNC(=N)N)C(=O)N[C@@H](CCCNC(=N)N)C(=O)N[C@@H](Cc2ccc(O)cc2)C(=O)N[C@@H](Cc2ccc(O)cc2)C(=O)N[C@@H](CO)C(=O)O)[C@@H](C)O)C(=O)[C@@H](N)CCCCN)cc1";"Activity";"";"";"";"";"";"";"";"";"";"";"";"0";"CHEMBL6138534";"Activation of human erythrocyte-derived 20S proteasome chymotrypsin-like activity using Suc-LLVY-AMC as substrate at 1 uM measured every two mins for 60 mins by fluorescence based analysis";"B";"BAO_0000219";"cell-based format";"Homo sapiens";"None";"None";"Erythrocyte";"None";"";"";"";"CHEMBL3831201";"20S proteasome";"Homo sapiens";"PROTEIN COMPLEX GROUP";"CHEMBL6134855";"1";"Scientific Literature";"J Med Chem";"2025";"None";"DOSE = 1.0 microM | TIME = 1.0 hr";"ACTIVATOR";"Moderate_effect";""
"CHEMBL6175634";"";"None";"1787.95";"None";"None";"1";"C[C@@H](O)[C@H](NC(=O)[C@H](Cc1ccccc1)NC(=O)[C@H](Cc1ccc(O)cc1)NC(=O)[C@@H](N)CCCCN)C(=O)NCC(=O)N[C@@H](CO)C(=O)N[C@@H](CCCCN)C(=O)N[C@@H](CC(=O)O)C(=O)N[C@@H](Cc1c[nH]c2ccccc12)C(=O)N[C@@H](CCCNC(=N)N)C(=O)N[C@@H](CO)C(=O)N[C@@H](Cc1ccc(O)cc1)C(=O)N[C@@H](Cc1ccc(O)cc1)C(=O)N[C@@H](CO)C(=O)O";"FC";"'='";"12.0";"";"";"";"";"";"";"";"";"";"0";"CHEMBL6138554";"Activation of human erythrocyte-derived 20S proteasome using Dabcyl-EDANS as FRET-type substrate assessed as fold increase in activity at 1.0 to 50 uM measured every two mins for 60 mins by fluorescence based analysis relative to control";"B";"BAO_0000219";"cell-based format";"Homo sapiens";"None";"None";"Erythrocyte";"None";"";"";"";"CHEMBL3831201";"20S proteasome";"Homo sapiens";"PROTEIN COMPLEX GROUP";"CHEMBL6134855";"1";"Scientific Literature";"J Med Chem";"2025";"None";"DOSE_Lower = 1.0 microM | DOSE_Upper = 50.0 microM | TIME = 1.0 hr";"ACTIVATOR";"";"12.0"
"CHEMBL4436430";"";"None";"663.82";"1";"2.87";"11a";"CC(C)C[C@H](NC(=O)N1CCC(C(=O)Nc2cnccn2)CC1)C(=O)N[C@@H](Cc1ccccc1)C(=O)N[C@@H](CC(C)C)C(=O)[C@@]1(C)CO1";"IC50";"'='";"6.5";"nM";"8.19";"";"";"UO_0000065";"12.33";"0.23";"5.32";"4.68";"0";"CHEMBL4423848";"Inhibition of human 20S proteasome preincubated for 15 mins followed by substrate addition";"B";"BAO_0000223";"protein complex format";"Homo sapiens";"None";"None";"None";"None";"";"";"";"CHEMBL3831201";"20S proteasome";"Homo sapiens";"PROTEIN COMPLEX GROUP";"CHEMBL4422641";"1";"Scientific Literature";"Eur J Med Chem";"2019";"None";"";"";"";"6.5"
"CHEMBL4460323";"";"None";"668.86";"1";"3.53";"11h";"CC(C)C[C@H](NC(=O)N1CCC(C(=O)Nc2nccs2)CC1)C(=O)N[C@@H](Cc1ccccc1)C(=O)N[C@@H](CC(C)C)C(=O)[C@@]1(C)CO1";"Inhibition";"";"";"%";"";"";"";"UO_0000187";"";"";"";"";"0";"CHEMBL4423879";"Inhibition of human 20S proteasome at 100 nM preincubated for 30 mins followed by substrate addition relative to control";"B";"BAO_0000223";"protein complex format";"Homo sapiens";"None";"None";"None";"None";"";"";"";"CHEMBL3831201";"20S proteasome";"Homo sapiens";"PROTEIN COMPLEX GROUP";"CHEMBL4422641";"1";"Scientific Literature";"Eur J Med Chem";"2019";"None";"";"";"Active";""
"CHEMBL4574045";"";"None";"599.77";"1";"2.19";"11n";"CNC(=O)C1CCN(C(=O)N[C@@H](CC(C)C)C(=O)N[C@@H](Cc2ccccc2)C(=O)N[C@@H](CC(C)C)C(=O)[C@@]2(C)CO2)CC1";"IC50";"'='";"232.2";"nM";"6.63";"";"";"UO_0000065";"11.06";"0.21";"4.44";"4.45";"0";"CHEMBL4423848";"Inhibition of human 20S proteasome preincubated for 15 mins followed by substrate addition";"B";"BAO_0000223";"protein complex format";"Homo sapiens";"None";"None";"None";"None";"";"";"";"CHEMBL3831201";"20S proteasome";"Homo sapiens";"PROTEIN COMPLEX GROUP";"CHEMBL4422641";"1";"Scientific Literature";"Eur J Med Chem";"2019";"None";"";"";"";"232.2"
"CHEMBL4571909";"";"None";"706.89";"1";"4.02";"9b";"COc1ccc(NC(=O)NC2CCN(C(=O)N[C@@H](CC(C)C)C(=O)N[C@@H](Cc3ccccc3)C(=O)N[C@@H](CC(C)C)C(=O)[C@@]3(C)CO3)CC2)cc1";"IC50";"'='";"63.8";"nM";"7.20";"";"";"UO_0000065";"10.18";"0.19";"3.18";"4.22";"0";"CHEMBL4423848";"Inhibition of human 20S proteasome preincubated for 15 mins followed by substrate addition";"B";"BAO_0000223";"protein complex format";"Homo sapiens";"None";"None";"None";"None";"";"";"";"CHEMBL3831201";"20S proteasome";"Homo sapiens";"PROTEIN COMPLEX GROUP";"CHEMBL4422641";"1";"Scientific Literature";"Eur J Med Chem";"2019";"None";"";"";"";"63.8"
"CHEMBL39878";"";"None";"395.59";"1";"7.48";"AM-404";"CCCCC/C=C\C/C=C\C/C=C\C/C=C\CCCC(=O)Nc1ccc(O)cc1";"Activity";"'='";"219.0";"%";"";"";"";"UO_0000187";"";"";"";"";"0";"CHEMBL5107497";"Stimulation of human 20S proteasome assessed as increase in proteasome activity at 25 uM and measured upto 60 mins using FRET peptide as substrate by FRET assay relative to control";"B";"BAO_0000223";"protein complex format";"Homo sapiens";"None";"None";"None";"None";"";"";"";"CHEMBL3831201";"20S proteasome";"Homo sapiens";"PROTEIN COMPLEX GROUP";"CHEMBL5104206";"1";"Scientific Literature";"RSC Med Chem";"2022";"None";"Dose = 25.0 microM | TIME <= 1.0 hr";"ACTIVATOR";"";"219.0"
"CHEMBL5190952";"";"None";"337.59";"1";"6.80";"28";"CCCCCCCC/C=C\CCCCCCCC(=O)NCC(C)C";"Activity";"'='";"139.0";"%";"";"";"";"UO_0000187";"";"";"";"";"0";"CHEMBL5107497";"Stimulation of human 20S proteasome assessed as increase in proteasome activity at 25 uM and measured upto 60 mins using FRET peptide as substrate by FRET assay relative to control";"B";"BAO_0000223";"protein complex format";"Homo sapiens";"None";"None";"None";"None";"";"";"";"CHEMBL3831201";"20S proteasome";"Homo sapiens";"PROTEIN COMPLEX GROUP";"CHEMBL5104206";"1";"Scientific Literature";"RSC Med Chem";"2022";"None";"Dose = 25.0 microM | TIME <= 1.0 hr";"ACTIVATOR";"";"139.0"
"CHEMBL4441018";"";"None";"662.83";"1";"3.47";"11l";"CC(C)C[C@H](NC(=O)N1CCC(C(=O)Nc2ccncc2)CC1)C(=O)N[C@@H](Cc1ccccc1)C(=O)N[C@@H](CC(C)C)C(=O)[C@@]1(C)CO1";"IC50";"'='";"9.5";"nM";"8.02";"";"";"UO_0000065";"12.10";"0.23";"4.55";"4.95";"0";"CHEMBL4423848";"Inhibition of human 20S proteasome preincubated for 15 mins followed by substrate addition";"B";"BAO_0000223";"protein complex format";"Homo sapiens";"None";"None";"None";"None";"";"";"";"CHEMBL3831201";"20S proteasome";"Homo sapiens";"PROTEIN COMPLEX GROUP";"CHEMBL4422641";"1";"Scientific Literature";"Eur J Med Chem";"2019";"None";"";"";"";"9.5"
"CHEMBL4444107";"";"None";"679.83";"1";"4.22";"11d";"CC(C)C[C@H](NC(=O)N1CCC(C(=O)Nc2ccc(F)cc2)CC1)C(=O)N[C@@H](Cc1ccccc1)C(=O)N[C@@H](CC(C)C)C(=O)[C@@]1(C)CO1";"IC50";"'='";"3.4";"nM";"8.47";"";"";"UO_0000065";"12.46";"0.24";"4.25";"5.67";"0";"CHEMBL4423848";"Inhibition of human 20S proteasome preincubated for 15 mins followed by substrate addition";"B";"BAO_0000223";"protein complex format";"Homo sapiens";"None";"None";"None";"None";"";"";"";"CHEMBL3831201";"20S proteasome";"Homo sapiens";"PROTEIN COMPLEX GROUP";"CHEMBL4422641";"1";"Scientific Literature";"Eur J Med Chem";"2019";"None";"";"";"";"3.4"
"CHEMBL4467618";"";"None";"691.87";"1";"4.09";"11c";"COc1ccc(NC(=O)C2CCN(C(=O)N[C@@H](CC(C)C)C(=O)N[C@@H](Cc3ccccc3)C(=O)N[C@@H](CC(C)C)C(=O)[C@@]3(C)CO3)CC2)cc1";"IC50";"'='";"4.8";"nM";"8.32";"";"";"UO_0000065";"12.02";"0.23";"4.23";"5.25";"0";"CHEMBL4423848";"Inhibition of human 20S proteasome preincubated for 15 mins followed by substrate addition";"B";"BAO_0000223";"protein complex format";"Homo sapiens";"None";"None";"None";"None";"";"";"";"CHEMBL3831201";"20S proteasome";"Homo sapiens";"PROTEIN COMPLEX GROUP";"CHEMBL4422641";"1";"Scientific Literature";"Eur J Med Chem";"2019";"None";"";"";"";"4.8"
"CHEMBL4455910";"";"None";"697.28";"1";"4.23";"8a";"CC(C)C[C@H](NC(=O)N1CCN(C(=O)Nc2ccc(Cl)cc2)CC1)C(=O)N[C@@H](Cc1ccccc1)C(=O)N[C@@H](CC(C)C)C(=O)[C@@]1(C)CO1";"IC50";"'='";"25.6";"nM";"7.59";"";"";"UO_0000065";"10.89";"0.21";"3.36";"4.98";"0";"CHEMBL4423848";"Inhibition of human 20S proteasome preincubated for 15 mins followed by substrate addition";"B";"BAO_0000223";"protein complex format";"Homo sapiens";"None";"None";"None";"None";"";"";"";"CHEMBL3831201";"20S proteasome";"Homo sapiens";"PROTEIN COMPLEX GROUP";"CHEMBL4422641";"1";"Scientific Literature";"Eur J Med Chem";"2019";"None";"";"";"";"25.6"
"CHEMBL4448845";"";"None";"648.81";"1";"2.48";"2";"CC(C)C[C@H](NC(=O)[C@H](Cc1ccccc1)NC(=O)C1CCN(C(=O)c2cnccn2)CC1)C(=O)N[C@@H](CC(C)C)C(=O)[C@@]1(C)CO1";"Inhibition";"'='";"43.7";"%";"";"";"";"UO_0000187";"";"";"";"";"0";"CHEMBL4423847";"Inhibition of human 20S proteasome at 100 ng/mL preincubated for 15 mins followed by substrate addition relative to control";"B";"BAO_0000223";"protein complex format";"Homo sapiens";"None";"None";"None";"None";"";"";"";"CHEMBL3831201";"20S proteasome";"Homo sapiens";"PROTEIN COMPLEX GROUP";"CHEMBL4422641";"1";"Scientific Literature";"Eur J Med Chem";"2019";"None";"";"";"";"43.7"
"CHEMBL4761117";"";"None";"388.51";"1";"6.68";"3";"Cc1ccc2c(c1)N=C(c1ccccc1)N(Cc1ccccc1)C2c1ccccc1";"FC";"'='";"8.1";"";"";"";"";"";"";"";"";"";"0";"CHEMBL4736898";"Activation of human 20S proteosome assessed as increase in 7-amino-4-methylcoumarin release at 30 uM using mixture of chymotrypsin-like Suc-LLVY-AMC, trypsin-like Boc-LRR-AMC and caspase-like Z-LLE-AM fluorogenic peptides as substrates preincubated for 15 mins followed by substrate mixture addition and measured for 1 hr by fluorescence assay relative to control";"B";"BAO_0000223";"protein complex format";"Homo sapiens";"None";"None";"None";"None";"";"";"";"CHEMBL3831201";"20S proteasome";"Homo sapiens";"PROTEIN COMPLEX GROUP";"CHEMBL4732168";"1";"Scientific Literature";"Bioorg Med Chem Lett";"2021";"None";"Dose = 30.0 microM | TIME = 1.25 hr";"ACTIVATOR";"";"8.1"
"CHEMBL4762862";"";"None";"412.53";"1";"5.61";"20";"COc1ccc2c(c1)N=C(c1ccccc1)N(CC1CCOCC1)C2c1ccccc1";"FC";"'='";"1.6";"";"";"";"";"";"";"";"";"";"0";"CHEMBL4736898";"Activation of human 20S proteosome assessed as increase in 7-amino-4-methylcoumarin release at 30 uM using mixture of chymotrypsin-like Suc-LLVY-AMC, trypsin-like Boc-LRR-AMC and caspase-like Z-LLE-AM fluorogenic peptides as substrates preincubated for 15 mins followed by substrate mixture addition and measured for 1 hr by fluorescence assay relative to control";"B";"BAO_0000223";"protein complex format";"Homo sapiens";"None";"None";"None";"None";"";"";"";"CHEMBL3831201";"20S proteasome";"Homo sapiens";"PROTEIN COMPLEX GROUP";"CHEMBL4732168";"1";"Scientific Literature";"Bioorg Med Chem Lett";"2021";"None";"Dose = 30.0 microM | TIME = 1.25 hr";"ACTIVATOR";"";"1.6"
"CHEMBL5187649";"";"None";"574.65";"2";"5.61";"1c";"O=C(NCc1ccccc1C(=O)N[C@H](/C=C/S(=O)(=O)c1ccccc1)CCc1ccccc1)c1cc(F)cc(F)c1";"Inhibition";"'='";"24.0";"%";"";"";"";"UO_0000187";"";"";"";"";"0";"CHEMBL5115914";"Inhibition of human 20S proteasome caspase-like activity at 11 uM using Cbz-Leu-Leu-Glu-AMC as fluorogenic substrate by fluorometric assay";"B";"BAO_0000223";"protein complex format";"Homo sapiens";"None";"None";"None";"None";"";"";"";"CHEMBL3831201";"20S proteasome";"Homo sapiens";"PROTEIN COMPLEX GROUP";"CHEMBL5113413";"1";"Scientific Literature";"Eur J Med Chem";"2022";"None";"Dose = 11.0 microM";"";"";"24.0"
"CHEMBL5182340";"";"None";"590.65";"2";"5.55";"2c";"O=C(NCc1ccccc1C(=O)N[C@H](/C=C/S(=O)(=O)Oc1ccccc1)CCc1ccccc1)c1cc(F)cc(F)c1";"Inhibition";"'='";"33.0";"%";"";"";"";"UO_0000187";"";"";"";"";"0";"CHEMBL5115914";"Inhibition of human 20S proteasome caspase-like activity at 11 uM using Cbz-Leu-Leu-Glu-AMC as fluorogenic substrate by fluorometric assay";"B";"BAO_0000223";"protein complex format";"Homo sapiens";"None";"None";"None";"None";"";"";"";"CHEMBL3831201";"20S proteasome";"Homo sapiens";"PROTEIN COMPLEX GROUP";"CHEMBL5113413";"1";"Scientific Literature";"Eur J Med Chem";"2022";"None";"Dose = 11.0 microM";"";"";"33.0"
"CHEMBL5176034";"";"None";"351.62";"1";"7.33";"27";"CCCCCCCC/C=C\CCCCCCCC(=O)NCCCCC";"Activity";"'='";"124.0";"%";"";"";"";"UO_0000187";"";"";"";"";"0";"CHEMBL5107497";"Stimulation of human 20S proteasome assessed as increase in proteasome activity at 25 uM and measured upto 60 mins using FRET peptide as substrate by FRET assay relative to control";"B";"BAO_0000223";"protein complex format";"Homo sapiens";"None";"None";"None";"None";"";"";"";"CHEMBL3831201";"20S proteasome";"Homo sapiens";"PROTEIN COMPLEX GROUP";"CHEMBL5104206";"1";"Scientific Literature";"RSC Med Chem";"2022";"None";"Dose = 25.0 microM | TIME <= 1.0 hr";"ACTIVATOR";"";"124.0"
"CHEMBL5196698";"";"None";"354.36";"0";"3.85";"9";"Cc1cc2c(Nc3c(F)cccc3F)cc(C(=O)NC3CC3)nc2cn1";"IC50";"'>'";"10000.0";"nM";"";"";"";"UO_0000065";"";"";"";"";"0";"CHEMBL5130423";"Inhibition of human 20s proteasome";"B";"BAO_0000223";"protein complex format";"Homo sapiens";"None";"None";"None";"None";"";"";"";"CHEMBL3831201";"20S proteasome";"Homo sapiens";"PROTEIN COMPLEX GROUP";"CHEMBL5126622";"1";"Scientific Literature";"J Med Chem";"2022";"None";"";"";"";"10000.0"
"CHEMBL4762311";"";"None";"321.38";"0";"3.37";"18; PPA";"C=CC(=O)Nc1ncnc2c1c(-c1ccccc1)nn2C(C)(C)C";"Inhibition";"";"";"%";"";"";"";"UO_0000187";"";"";"";"";"0";"CHEMBL4736581";"Inhibition of human 20S proteasome stably expressed in HEK293 cells at 5 to 50 uM using succinyl-LLVY-AMC as substrate preincubated for 30 mins followed by substrate addition and measured at 3 mins interval for 30 mins by fluorescence assay";"A";"BAO_0000219";"cell-based format";"Homo sapiens";"None";"None";"HEK293";"None";"";"";"";"CHEMBL3831201";"20S proteasome";"Homo sapiens";"PROTEIN COMPLEX GROUP";"CHEMBL4732155";"1";"Scientific Literature";"Eur J Med Chem";"2021";"None";"Dose_Lower = 5.0 microM | Dose_Upper = 50.0 microM | TIME = 1.0 hr";"";"Not active";""
"CHEMBL5188149";"";"None";"335.58";"1";"6.69";"18";"CCCCCCCC/C=C\CCCCCCCC(=O)NC1CCC1";"Activity";"'='";"202.0";"%";"";"";"";"UO_0000187";"";"";"";"";"0";"CHEMBL5107497";"Stimulation of human 20S proteasome assessed as increase in proteasome activity at 25 uM and measured upto 60 mins using FRET peptide as substrate by FRET assay relative to control";"B";"BAO_0000223";"protein complex format";"Homo sapiens";"None";"None";"None";"None";"";"";"";"CHEMBL3831201";"20S proteasome";"Homo sapiens";"PROTEIN COMPLEX GROUP";"CHEMBL5104206";"1";"Scientific Literature";"RSC Med Chem";"2022";"None";"Dose = 25.0 microM | TIME <= 1.0 hr";"ACTIVATOR";"";"202.0"
"CHEMBL4762528";"";"None";"404.51";"1";"6.38";"2";"COc1ccc2c(c1)N=C(c1ccccc1)N(Cc1ccccc1)C2c1ccccc1";"FC";"'='";"7.9";"";"";"";"";"";"";"";"";"";"0";"CHEMBL4736898";"Activation of human 20S proteosome assessed as increase in 7-amino-4-methylcoumarin release at 30 uM using mixture of chymotrypsin-like Suc-LLVY-AMC, trypsin-like Boc-LRR-AMC and caspase-like Z-LLE-AM fluorogenic peptides as substrates preincubated for 15 mins followed by substrate mixture addition and measured for 1 hr by fluorescence assay relative to control";"B";"BAO_0000223";"protein complex format";"Homo sapiens";"None";"None";"None";"None";"";"";"";"CHEMBL3831201";"20S proteasome";"Homo sapiens";"PROTEIN COMPLEX GROUP";"CHEMBL4732168";"1";"Scientific Literature";"Bioorg Med Chem Lett";"2021";"None";"Dose = 30.0 microM | TIME = 1.25 hr";"ACTIVATOR";"";"7.9"
"CHEMBL4794866";"";"None";"391.47";"1";"5.78";"11";"COc1ccc2c(c1)N=C(c1ccccc1)N(c1ccccn1)C2c1ccccc1";"FC";"'='";"6.9";"";"";"";"";"";"";"";"";"";"0";"CHEMBL4736898";"Activation of human 20S proteosome assessed as increase in 7-amino-4-methylcoumarin release at 30 uM using mixture of chymotrypsin-like Suc-LLVY-AMC, trypsin-like Boc-LRR-AMC and caspase-like Z-LLE-AM fluorogenic peptides as substrates preincubated for 15 mins followed by substrate mixture addition and measured for 1 hr by fluorescence assay relative to control";"B";"BAO_0000223";"protein complex format";"Homo sapiens";"None";"None";"None";"None";"";"";"";"CHEMBL3831201";"20S proteasome";"Homo sapiens";"PROTEIN COMPLEX GROUP";"CHEMBL4732168";"1";"Scientific Literature";"Bioorg Med Chem Lett";"2021";"None";"Dose = 30.0 microM | TIME = 1.25 hr";"ACTIVATOR";"";"6.9"
"CHEMBL4762988";"";"None";"390.49";"1";"6.38";"10";"COc1ccc2c(c1)N=C(c1ccccc1)N(c1ccccc1)C2c1ccccc1";"AC200";"'='";"5.8";"uM";"";"";"";"UO_0000064";"";"";"";"";"0";"CHEMBL4736907";"Activation of human 20S proteosome assessed as concentration required to cause double the proteosome activity using caspase-like Z-LLE-AM fluorogenic peptide as substrate";"B";"BAO_0000223";"protein complex format";"Homo sapiens";"None";"None";"None";"None";"";"";"";"CHEMBL3831201";"20S proteasome";"Homo sapiens";"PROTEIN COMPLEX GROUP";"CHEMBL4732168";"1";"Scientific Literature";"Bioorg Med Chem Lett";"2021";"None";"";"ACTIVATOR";"";"5.8"
"CHEMBL6159716";"";"None";"1816.01";"None";"None";"1e";"CN[C@@H](CCCCN)C(=O)N(C)[C@@H](Cc1ccc(O)cc1)C(=O)N[C@@H](Cc1ccccc1)C(=O)N[C@H](C(=O)NCC(=O)N[C@@H](CO)C(=O)N[C@@H](CCCCN)C(=O)N[C@@H](CC(=O)O)C(=O)N[C@@H](Cc1c[nH]c2ccccc12)C(=O)N[C@@H](CCCNC(=N)N)C(=O)N[C@@H](CO)C(=O)N[C@@H](Cc1ccc(O)cc1)C(=O)N[C@@H](Cc1ccc(O)cc1)C(=O)N[C@@H](CO)C(=O)O)[C@@H](C)O";"Activity";"";"";"";"";"";"";"";"";"";"";"";"0";"CHEMBL6138526";"Activation of human erythrocyte-derived 20S proteasome using Dabcyl-EDANS as FRET-type substrate at 1.0 to 50 uM measured every two mins for 60 mins by fluorescence based analysis";"B";"BAO_0000219";"cell-based format";"Homo sapiens";"None";"None";"Erythrocyte";"None";"";"";"";"CHEMBL3831201";"20S proteasome";"Homo sapiens";"PROTEIN COMPLEX GROUP";"CHEMBL6134855";"1";"Scientific Literature";"J Med Chem";"2025";"None";"DOSE_Lower = 1.0 microM | DOSE_Upper = 50.0 microM | TIME = 1.0 hr";"ACTIVATOR";"Active";""
"CHEMBL6161877";"";"None";"2711.06";"None";"None";"1g";"C[C@@H](O)[C@H](NC(=O)[C@H](Cc1ccccc1)NC(=O)[C@H](Cc1ccc(O)cc1)NC(=O)CN(CCCCN)C(=O)[C@H](CCCNC(=N)N)NC(=O)[C@H](CCCNC(=N)N)NC(=O)[C@H](CCCNC(=N)N)NC(=O)[C@H](CCNC(=N)N)NC(=O)[C@H](CCCNC(=N)N)NC(=O)[C@@H](N)CCCNC(=N)N)C(=O)NCC(=O)N[C@@H](CO)C(=O)N[C@@H](CCCCN)C(=O)N[C@@H](CC(=O)O)C(=O)N[C@@H](Cc1c[nH]c2ccccc12)C(=O)N[C@@H](CCCNC(=N)N)C(=O)N[C@@H](CO)C(=O)N[C@@H](Cc1ccc(O)cc1)C(=O)N[C@@H](Cc1ccc(O)cc1)C(=O)N[C@@H](CO)C(=O)O";"Activity";"";"";"";"";"";"Compound Was Slightly Less Active";"";"";"";"";"";"0";"CHEMBL6138527";"Activation of human erythrocyte-derived 20S proteasome chymotrypsin-like activity using Suc-LLVY-AMC as substrate at 1.0 to 50 uM measured every two mins for 60 mins by fluorescence based analysis";"B";"BAO_0000219";"cell-based format";"Homo sapiens";"None";"None";"Erythrocyte";"None";"";"";"";"CHEMBL3831201";"20S proteasome";"Homo sapiens";"PROTEIN COMPLEX GROUP";"CHEMBL6134855";"1";"Scientific Literature";"J Med Chem";"2025";"None";"DOSE_Lower = 1.0 microM | DOSE_Upper = 50.0 microM | TIME = 1.0 hr";"";"Not active";""
"CHEMBL6149502";"";"None";"1848.05";"None";"None";"2e";"COc1ccc(CN(CC(=O)N[C@@H](CCCNC(=N)N)C(=O)N[C@@H](CCCNC(=N)N)C(=O)N[C@@H](Cc2ccc(O)cc2)C(=O)N[C@@H](Cc2ccc(O)cc2)C(=O)N[C@@H](CO)C(=O)O)C(=O)[C@H](CC(=O)O)NC(=O)[C@H](CCCCN)NC(=O)[C@H](CO)NC(=O)CNC(=O)[C@@H](NC(=O)[C@H](Cc2ccccc2)NC(=O)[C@H](Cc2ccc(O)cc2)NC(=O)[C@@H](N)CCCCN)[C@@H](C)O)cc1";"Activity";"";"";"";"";"";"";"";"";"";"";"";"0";"CHEMBL6138533";"Activation of human erythrocyte-derived 20S proteasome caspase-like activity using Z-LLE-AMC as substrate at lower concentration measured every two mins for 60 mins by fluorescence based analysis";"B";"BAO_0000219";"cell-based format";"Homo sapiens";"None";"None";"Erythrocyte";"None";"";"";"";"CHEMBL3831201";"20S proteasome";"Homo sapiens";"PROTEIN COMPLEX GROUP";"CHEMBL6134855";"1";"Scientific Literature";"J Med Chem";"2025";"None";"TIME = 1.0 hr";"ACTIVATOR";"Weak_effect";""
"CHEMBL6174310";"";"None";"3109.57";"None";"None";"1f";"C[C@@H](O)[C@H](NC(=O)[C@H](Cc1ccccc1)NC(=O)[C@H](Cc1ccc(O)cc1)NC(=O)CN(CCCCN)C(=O)[C@H](CCCNC(=N)N)NC(=O)[C@H](CCCNC(=N)N)NC(=O)[C@H](CCCNC(=N)N)NC(=O)[C@H](CCC(N)=O)NC(=O)[C@H](CCCNC(=N)N)NC(=O)[C@H](CCCNC(=N)N)NC(=O)[C@H](CCCCN)NC(=O)[C@H](CCCCN)NC(=O)[C@@H](N)CCCNC(=N)N)C(=O)NCC(=O)N[C@@H](CO)C(=O)N[C@@H](CCCCN)C(=O)N[C@@H](CC(=O)O)C(=O)N[C@@H](Cc1c[nH]c2ccccc12)C(=O)N[C@@H](CCCNC(=N)N)C(=O)N[C@@H](CO)C(=O)N[C@@H](Cc1ccc(O)cc1)C(=O)N[C@@H](Cc1ccc(O)cc1)C(=O)N[C@@H](CO)C(=O)O";"EC50";"'='";"540.0";"nM";"6.27";"";"";"UO_0000065";"2.02";"None";"None";"None";"0";"CHEMBL6138536";"Activation of human erythrocyte-derived 20S proteasome chymotrypsin-like activity using Suc-LLVY-AMC as substrate measured every two mins for 60 mins by fluorescence based analysis";"B";"BAO_0000219";"cell-based format";"Homo sapiens";"None";"None";"Erythrocyte";"None";"";"";"";"CHEMBL3831201";"20S proteasome";"Homo sapiens";"PROTEIN COMPLEX GROUP";"CHEMBL6134855";"1";"Scientific Literature";"J Med Chem";"2025";"None";"TIME = 1.0 hr";"ACTIVATOR";"";"0.54"
"CHEMBL6161877";"";"None";"2711.06";"None";"None";"1g";"C[C@@H](O)[C@H](NC(=O)[C@H](Cc1ccccc1)NC(=O)[C@H](Cc1ccc(O)cc1)NC(=O)CN(CCCCN)C(=O)[C@H](CCCNC(=N)N)NC(=O)[C@H](CCCNC(=N)N)NC(=O)[C@H](CCCNC(=N)N)NC(=O)[C@H](CCNC(=N)N)NC(=O)[C@H](CCCNC(=N)N)NC(=O)[C@@H](N)CCCNC(=N)N)C(=O)NCC(=O)N[C@@H](CO)C(=O)N[C@@H](CCCCN)C(=O)N[C@@H](CC(=O)O)C(=O)N[C@@H](Cc1c[nH]c2ccccc12)C(=O)N[C@@H](CCCNC(=N)N)C(=O)N[C@@H](CO)C(=O)N[C@@H](Cc1ccc(O)cc1)C(=O)N[C@@H](Cc1ccc(O)cc1)C(=O)N[C@@H](CO)C(=O)O";"EC50";"'='";"760.0";"nM";"6.12";"";"";"UO_0000065";"2.26";"None";"None";"None";"0";"CHEMBL6138536";"Activation of human erythrocyte-derived 20S proteasome chymotrypsin-like activity using Suc-LLVY-AMC as substrate measured every two mins for 60 mins by fluorescence based analysis";"B";"BAO_0000219";"cell-based format";"Homo sapiens";"None";"None";"Erythrocyte";"None";"";"";"";"CHEMBL3831201";"20S proteasome";"Homo sapiens";"PROTEIN COMPLEX GROUP";"CHEMBL6134855";"1";"Scientific Literature";"J Med Chem";"2025";"None";"TIME = 1.0 hr";"ACTIVATOR";"";"0.76"
"CHEMBL6174310";"";"None";"3109.57";"None";"None";"1f";"C[C@@H](O)[C@H](NC(=O)[C@H](Cc1ccccc1)NC(=O)[C@H](Cc1ccc(O)cc1)NC(=O)CN(CCCCN)C(=O)[C@H](CCCNC(=N)N)NC(=O)[C@H](CCCNC(=N)N)NC(=O)[C@H](CCCNC(=N)N)NC(=O)[C@H](CCC(N)=O)NC(=O)[C@H](CCCNC(=N)N)NC(=O)[C@H](CCCNC(=N)N)NC(=O)[C@H](CCCCN)NC(=O)[C@H](CCCCN)NC(=O)[C@@H](N)CCCNC(=N)N)C(=O)NCC(=O)N[C@@H](CO)C(=O)N[C@@H](CCCCN)C(=O)N[C@@H](CC(=O)O)C(=O)N[C@@H](Cc1c[nH]c2ccccc12)C(=O)N[C@@H](CCCNC(=N)N)C(=O)N[C@@H](CO)C(=O)N[C@@H](Cc1ccc(O)cc1)C(=O)N[C@@H](Cc1ccc(O)cc1)C(=O)N[C@@H](CO)C(=O)O";"EC50";"'='";"1330.0";"nM";"5.88";"";"";"UO_0000065";"1.89";"None";"None";"None";"0";"CHEMBL6138540";"Binding affinity to NT-647 dye-labeled human 20S proteasome by MST assay";"B";"BAO_0000223";"protein complex format";"Homo sapiens";"None";"None";"None";"None";"";"";"";"CHEMBL3831201";"20S proteasome";"Homo sapiens";"PROTEIN COMPLEX GROUP";"CHEMBL6134855";"1";"Scientific Literature";"J Med Chem";"2025";"None";"";"ACTIVATOR";"";"1.33"
"CHEMBL6161877";"";"None";"2711.06";"None";"None";"1g";"C[C@@H](O)[C@H](NC(=O)[C@H](Cc1ccccc1)NC(=O)[C@H](Cc1ccc(O)cc1)NC(=O)CN(CCCCN)C(=O)[C@H](CCCNC(=N)N)NC(=O)[C@H](CCCNC(=N)N)NC(=O)[C@H](CCCNC(=N)N)NC(=O)[C@H](CCNC(=N)N)NC(=O)[C@H](CCCNC(=N)N)NC(=O)[C@@H](N)CCCNC(=N)N)C(=O)NCC(=O)N[C@@H](CO)C(=O)N[C@@H](CCCCN)C(=O)N[C@@H](CC(=O)O)C(=O)N[C@@H](Cc1c[nH]c2ccccc12)C(=O)N[C@@H](CCCNC(=N)N)C(=O)N[C@@H](CO)C(=O)N[C@@H](Cc1ccc(O)cc1)C(=O)N[C@@H](Cc1ccc(O)cc1)C(=O)N[C@@H](CO)C(=O)O";"Activity";"'>'";"90.0";"%";"";"";"";"UO_0000187";"";"";"";"";"0";"CHEMBL6138542";"Activation of human 20S proteasome assessed as tau degradation at 10 uM by SDS-PAGE analysis relative to control";"B";"BAO_0000223";"protein complex format";"Homo sapiens";"None";"None";"None";"None";"";"";"";"CHEMBL3831201";"20S proteasome";"Homo sapiens";"PROTEIN COMPLEX GROUP";"CHEMBL6134855";"1";"Scientific Literature";"J Med Chem";"2025";"None";"DOSE = 10.0 microM | TIME = 1.5 hr";"ACTIVATOR";"";"90.0"
"CHEMBL6161877";"";"None";"2711.06";"None";"None";"1g";"C[C@@H](O)[C@H](NC(=O)[C@H](Cc1ccccc1)NC(=O)[C@H](Cc1ccc(O)cc1)NC(=O)CN(CCCCN)C(=O)[C@H](CCCNC(=N)N)NC(=O)[C@H](CCCNC(=N)N)NC(=O)[C@H](CCCNC(=N)N)NC(=O)[C@H](CCNC(=N)N)NC(=O)[C@H](CCCNC(=N)N)NC(=O)[C@@H](N)CCCNC(=N)N)C(=O)NCC(=O)N[C@@H](CO)C(=O)N[C@@H](CCCCN)C(=O)N[C@@H](CC(=O)O)C(=O)N[C@@H](Cc1c[nH]c2ccccc12)C(=O)N[C@@H](CCCNC(=N)N)C(=O)N[C@@H](CO)C(=O)N[C@@H](Cc1ccc(O)cc1)C(=O)N[C@@H](Cc1ccc(O)cc1)C(=O)N[C@@H](CO)C(=O)O";"FC";"'~'";"4.0";"";"";"";"";"";"";"";"";"";"0";"CHEMBL6138550";"Activation of 20S proteasome chymotrypsin-like activity in HEK293T cell lysate using Suc-LLVY-AMC as substrate assessed as fold increase in activity at 5 uM by fluorescence based analysis relative to control";"B";"BAO_0000220";"subcellular format";"Homo sapiens";"None";"None";"HEK293T";"Lysate";"";"";"";"CHEMBL3831201";"20S proteasome";"Homo sapiens";"PROTEIN COMPLEX GROUP";"CHEMBL6134855";"1";"Scientific Literature";"J Med Chem";"2025";"None";"DOSE = 5.0 microM";"ACTIVATOR";"";"4.0"
"CHEMBL6152006";"";"None";"1276.73";"None";"None";"TAT1-DEN";"NCCCC[C@H](NC(=O)[C@H](CCCCN)NC(=O)[C@@H](N)CCCCN)C(=O)Nc1cc(NC(=O)[C@H](CCCCN)NC(=O)[C@H](CCCCN)NC(=O)[C@@H](N)CCCCN)cc(NC(=O)[C@H](CCCCN)NC(=O)[C@H](CCCCN)NC(=O)[C@@H](N)CCCCN)c1";"EC50";"'='";"200.0";"nM";"6.70";"";"";"UO_0000065";"5.25";"None";"None";"None";"0";"CHEMBL6138551";"Activation of human erythrocyte-derived 20S proteasome chymotrypsin-like activity using succinyl-LeuLeuValTyr-AMC as substrate incubated for 1 hr by fluorescence based analysis";"B";"BAO_0000219";"cell-based format";"Homo sapiens";"None";"None";"Erythrocyte";"None";"";"";"";"CHEMBL3831201";"20S proteasome";"Homo sapiens";"PROTEIN COMPLEX GROUP";"CHEMBL6134855";"1";"Scientific Literature";"J Med Chem";"2025";"None";"TIME = 1.0 hr";"ACTIVATOR";"";"200.0"
"CHEMBL6159716";"";"None";"1816.01";"None";"None";"1e";"CN[C@@H](CCCCN)C(=O)N(C)[C@@H](Cc1ccc(O)cc1)C(=O)N[C@@H](Cc1ccccc1)C(=O)N[C@H](C(=O)NCC(=O)N[C@@H](CO)C(=O)N[C@@H](CCCCN)C(=O)N[C@@H](CC(=O)O)C(=O)N[C@@H](Cc1c[nH]c2ccccc12)C(=O)N[C@@H](CCCNC(=N)N)C(=O)N[C@@H](CO)C(=O)N[C@@H](Cc1ccc(O)cc1)C(=O)N[C@@H](Cc1ccc(O)cc1)C(=O)N[C@@H](CO)C(=O)O)[C@@H](C)O";"FC";"'='";"8.0";"";"";"";"";"";"";"";"";"";"0";"CHEMBL6138552";"Activation of human erythrocyte-derived 20S proteasome chymotrypsin-like activity using Suc-LLVY-AMC as substrate assessed as fold increase in activity at 1.0 to 50 uM measured every two mins for 60 mins by fluorescence based analysis relative to control";"B";"BAO_0000219";"cell-based format";"Homo sapiens";"None";"None";"Erythrocyte";"None";"";"";"";"CHEMBL3831201";"20S proteasome";"Homo sapiens";"PROTEIN COMPLEX GROUP";"CHEMBL6134855";"1";"Scientific Literature";"J Med Chem";"2025";"None";"DOSE_Lower = 1.0 microM | DOSE_Upper = 50.0 microM | TIME = 1.0 hr";"ACTIVATOR";"";"8.0"
"CHEMBL6159716";"";"None";"1816.01";"None";"None";"1e";"CN[C@@H](CCCCN)C(=O)N(C)[C@@H](Cc1ccc(O)cc1)C(=O)N[C@@H](Cc1ccccc1)C(=O)N[C@H](C(=O)NCC(=O)N[C@@H](CO)C(=O)N[C@@H](CCCCN)C(=O)N[C@@H](CC(=O)O)C(=O)N[C@@H](Cc1c[nH]c2ccccc12)C(=O)N[C@@H](CCCNC(=N)N)C(=O)N[C@@H](CO)C(=O)N[C@@H](Cc1ccc(O)cc1)C(=O)N[C@@H](Cc1ccc(O)cc1)C(=O)N[C@@H](CO)C(=O)O)[C@@H](C)O";"FC";"'='";"12.0";"";"";"";"";"";"";"";"";"";"0";"CHEMBL6138554";"Activation of human erythrocyte-derived 20S proteasome using Dabcyl-EDANS as FRET-type substrate assessed as fold increase in activity at 1.0 to 50 uM measured every two mins for 60 mins by fluorescence based analysis relative to control";"B";"BAO_0000219";"cell-based format";"Homo sapiens";"None";"None";"Erythrocyte";"None";"";"";"";"CHEMBL3831201";"20S proteasome";"Homo sapiens";"PROTEIN COMPLEX GROUP";"CHEMBL6134855";"1";"Scientific Literature";"J Med Chem";"2025";"None";"DOSE_Lower = 1.0 microM | DOSE_Upper = 50.0 microM | TIME = 1.0 hr";"ACTIVATOR";"";"12.0"
"CHEMBL6151907";"";"None";"397.48";"1";"6.16";"B-01; 8016-8398";"Cc1cccc(Nc2cc(NCC(C)C)c3noc4c3c2C(=O)c2ccccc2-4)c1";"EC50";"'='";"1830.0";"nM";"5.74";"";"";"UO_0000065";"14.43";"0.26";"-0.42";"8.54";"0";"CHEMBL6097171";"Activation of human erythrocyte-derived 20s proteosome using CT-L as peptide substrate by fluorescence based analysis";"B";"BAO_0000219";"cell-based format";"Homo sapiens";"None";"None";"Erythrocyte";"None";"";"";"";"CHEMBL3831201";"20S proteasome";"Homo sapiens";"PROTEIN COMPLEX GROUP";"CHEMBL6096634";"1";"Scientific Literature";"Bioorg Med Chem";"2024";"None";"";"ACTIVATOR";"";"1.83"
"CHEMBL6165346";"";"None";"347.42";"0";"4.68";"B-07";"CC(C)CNc1cc(NC2CC2)c2c3c(onc13)-c1ccccc1C2=O";"EC200";"'='";"1.41";"uM";"";"";"";"UO_0000064";"";"";"";"";"0";"CHEMBL6097171";"Activation of human erythrocyte-derived 20s proteosome using CT-L as peptide substrate by fluorescence based analysis";"B";"BAO_0000219";"cell-based format";"Homo sapiens";"None";"None";"Erythrocyte";"None";"";"";"";"CHEMBL3831201";"20S proteasome";"Homo sapiens";"PROTEIN COMPLEX GROUP";"CHEMBL6096634";"1";"Scientific Literature";"Bioorg Med Chem";"2024";"None";"";"ACTIVATOR";"";"1.41"
"CHEMBL6133502";"";"None";"444.44";"0";"2.96";"B-17";"O=C(Nc1ccc(N2CCOCC2)cc1)c1cc(O)c2c(c1)C(=O)c1cccc(O)c1C2=O";"Activity";"'='";"552.34";"%";"";"";"";"UO_0000187";"";"";"";"";"0";"CHEMBL6097178";"Activation of human erythrocyte-derived 20s proteosome using CT-L as peptide substrate at 10 uM by fluorescence based analysis relative to control";"B";"BAO_0000219";"cell-based format";"Homo sapiens";"None";"None";"Erythrocyte";"None";"";"";"";"CHEMBL3831201";"20S proteasome";"Homo sapiens";"PROTEIN COMPLEX GROUP";"CHEMBL6096634";"1";"Scientific Literature";"Bioorg Med Chem";"2024";"None";"DOSE = 10.0 microM";"ACTIVATOR";"";"552.34"
"CHEMBL6134390";"";"None";"457.49";"0";"2.88";"B-18";"CN1CCN(c2ccc(NC(=O)c3cc(O)c4c(c3)C(=O)c3cccc(O)c3C4=O)cc2)CC1";"Activity";"'='";"549.32";"%";"";"";"";"UO_0000187";"";"";"";"";"0";"CHEMBL6097178";"Activation of human erythrocyte-derived 20s proteosome using CT-L as peptide substrate at 10 uM by fluorescence based analysis relative to control";"B";"BAO_0000219";"cell-based format";"Homo sapiens";"None";"None";"Erythrocyte";"None";"";"";"";"CHEMBL3831201";"20S proteasome";"Homo sapiens";"PROTEIN COMPLEX GROUP";"CHEMBL6096634";"1";"Scientific Literature";"Bioorg Med Chem";"2024";"None";"DOSE = 10.0 microM";"ACTIVATOR";"";"549.32"
"CHEMBL1481596";"";"None";"451.48";"0";"2.34";"Cpd 0; ZINC09519392";"COc1ccc(NC(=O)C(=O)c2cn(CC(=O)N3CCOCC3)c3ccccc23)cc1OC";"Inhibition";"";"";"%";"";"";"Dose-Dependent Effect";"UO_0000187";"";"";"";"";"0";"CHEMBL6130638";"Inhibition of human erythrocyte-derived 20S constitutive proteasome protein using Suc-LLVY-AMC as substrate preincubated for 15 mins followed by substrate addition and measured after 30 mins by multimode plate reader analysis";"B";"BAO_0000219";"cell-based format";"Homo sapiens";"None";"None";"Erythrocyte";"None";"";"";"";"CHEMBL3831201";"20S proteasome";"Homo sapiens";"PROTEIN COMPLEX GROUP";"CHEMBL6127112";"1";"Scientific Literature";"ACS Med Chem Lett";"2024";"None";"TIME = 0.75 hr";"INHIBITOR";"";""
"CHEMBL2408481";"";"None";"595.74";"2";"7.77";"TCH-165";"CCOC(=O)[C@]1(c2ccccc2)N=C(c2ccc(OC)cc2)N(Cc2ccccc2)[C@@H]1c1ccc(NCc2ccccc2)cc1";"FC";"'='";"4.31";"";"";"";"";"";"";"";"";"";"0";"CHEMBL6097172";"Activation of human erythrocyte-derived 20s proteosome using T-L as peptide substrate by fluorescence based analysis";"B";"BAO_0000219";"cell-based format";"Homo sapiens";"None";"None";"Erythrocyte";"None";"";"";"";"CHEMBL3831201";"20S proteasome";"Homo sapiens";"PROTEIN COMPLEX GROUP";"CHEMBL6096634";"1";"Scientific Literature";"Bioorg Med Chem";"2024";"None";"";"ACTIVATOR";"";"4.31"
"CHEMBL6146318";"";"None";"397.48";"1";"6.16";"B-02";"Cc1ccc(Nc2cc(NCC(C)C)c3noc4c3c2C(=O)c2ccccc2-4)cc1";"Activity";"'='";"359.11";"%";"";"";"";"UO_0000187";"";"";"";"";"0";"CHEMBL6097178";"Activation of human erythrocyte-derived 20s proteosome using CT-L as peptide substrate at 10 uM by fluorescence based analysis relative to control";"B";"BAO_0000219";"cell-based format";"Homo sapiens";"None";"None";"Erythrocyte";"None";"";"";"";"CHEMBL3831201";"20S proteasome";"Homo sapiens";"PROTEIN COMPLEX GROUP";"CHEMBL6096634";"1";"Scientific Literature";"Bioorg Med Chem";"2024";"None";"DOSE = 10.0 microM";"ACTIVATOR";"";"359.11"
"CHEMBL2408481";"";"None";"595.74";"2";"7.77";"TCH-165";"CCOC(=O)[C@]1(c2ccccc2)N=C(c2ccc(OC)cc2)N(Cc2ccccc2)[C@@H]1c1ccc(NCc2ccccc2)cc1";"Activity";"'='";"437.66";"%";"";"";"";"UO_0000187";"";"";"";"";"0";"CHEMBL6097178";"Activation of human erythrocyte-derived 20s proteosome using CT-L as peptide substrate at 10 uM by fluorescence based analysis relative to control";"B";"BAO_0000219";"cell-based format";"Homo sapiens";"None";"None";"Erythrocyte";"None";"";"";"";"CHEMBL3831201";"20S proteasome";"Homo sapiens";"PROTEIN COMPLEX GROUP";"CHEMBL6096634";"1";"Scientific Literature";"Bioorg Med Chem";"2024";"None";"DOSE = 10.0 microM";"ACTIVATOR";"";"437.66"
"CHEMBL6172180";"";"None";"1834.03";"None";"None";"2a";"C[C@@H](O)[C@H](NC(=O)[C@H](Cc1ccccc1)NC(=O)[C@H](Cc1ccc(O)cc1)NC(=O)CNCCCCN)C(=O)NCC(=O)N[C@@H](CO)C(=O)N[C@@H](CCCCN)C(=O)N[C@@H](CC(=O)O)C(=O)N[C@@H](Cc1ccc(O)cc1)C(=O)N[C@@H](CCCNC(=N)N)C(=O)N[C@@H](CCCNC(=N)N)C(=O)N[C@@H](Cc1ccc(O)cc1)C(=O)N[C@@H](Cc1ccc(O)cc1)C(=O)N[C@@H](CO)C(=O)O";"Activity";"";"";"";"";"";"";"";"";"";"";"";"0";"CHEMBL6138530";"Activation of human erythrocyte-derived 20S proteasome chymotrypsin-like activity using Suc-LLVY-AMC as substrate at lower concentration measured every two mins for 60 mins by fluorescence based analysis";"B";"BAO_0000219";"cell-based format";"Homo sapiens";"None";"None";"Erythrocyte";"None";"";"";"";"CHEMBL3831201";"20S proteasome";"Homo sapiens";"PROTEIN COMPLEX GROUP";"CHEMBL6134855";"1";"Scientific Literature";"J Med Chem";"2025";"None";"TIME = 1.0 hr";"ACTIVATOR";"Active";""
"CHEMBL6161877";"";"None";"2711.06";"None";"None";"1g";"C[C@@H](O)[C@H](NC(=O)[C@H](Cc1ccccc1)NC(=O)[C@H](Cc1ccc(O)cc1)NC(=O)CN(CCCCN)C(=O)[C@H](CCCNC(=N)N)NC(=O)[C@H](CCCNC(=N)N)NC(=O)[C@H](CCCNC(=N)N)NC(=O)[C@H](CCNC(=N)N)NC(=O)[C@H](CCCNC(=N)N)NC(=O)[C@@H](N)CCCNC(=N)N)C(=O)NCC(=O)N[C@@H](CO)C(=O)N[C@@H](CCCCN)C(=O)N[C@@H](CC(=O)O)C(=O)N[C@@H](Cc1c[nH]c2ccccc12)C(=O)N[C@@H](CCCNC(=N)N)C(=O)N[C@@H](CO)C(=O)N[C@@H](Cc1ccc(O)cc1)C(=O)N[C@@H](Cc1ccc(O)cc1)C(=O)N[C@@H](CO)C(=O)O";"EC50";"'='";"2030.0";"nM";"5.69";"";"";"UO_0000065";"2.10";"None";"None";"None";"0";"CHEMBL6138540";"Binding affinity to NT-647 dye-labeled human 20S proteasome by MST assay";"B";"BAO_0000223";"protein complex format";"Homo sapiens";"None";"None";"None";"None";"";"";"";"CHEMBL3831201";"20S proteasome";"Homo sapiens";"PROTEIN COMPLEX GROUP";"CHEMBL6134855";"1";"Scientific Literature";"J Med Chem";"2025";"None";"";"ACTIVATOR";"";"2.03"
"CHEMBL6150466";"";"None";"364.40";"0";"3.38";"Cpd 12; ZINC65084103";"COc1cc(NC(=O)C(=O)c2ccn(Cc3ccccc3)c2)cc(OC)c1";"Inhibition";"";"";"%";"";"";"";"UO_0000187";"";"";"";"";"0";"CHEMBL6130638";"Inhibition of human erythrocyte-derived 20S constitutive proteasome protein using Suc-LLVY-AMC as substrate preincubated for 15 mins followed by substrate addition and measured after 30 mins by multimode plate reader analysis";"B";"BAO_0000219";"cell-based format";"Homo sapiens";"None";"None";"Erythrocyte";"None";"";"";"";"CHEMBL3831201";"20S proteasome";"Homo sapiens";"PROTEIN COMPLEX GROUP";"CHEMBL6127112";"1";"Scientific Literature";"ACS Med Chem Lett";"2024";"None";"TIME = 0.75 hr";"";"Not active";""
"CHEMBL6159677";"";"None";"869.88";"3";"-1.80";"Ac-AAAA-Dox";"COc1cccc2c1C(=O)c1c(O)c3c(c(O)c1C2=O)C[C@@](O)(C(=O)CO)C[C@@H]3O[C@H]1C[C@H](NC(=O)[C@H](C)NC(=O)[C@H](C)NC(=O)[C@H](C)NC(=O)[C@H](C)NC(C)=O)[C@H](O)[C@H](C)O1";"Drug metabolism";"";"";"";"";"";"";"";"";"";"";"";"0";"CHEMBL6119701";"Prodrug release in tris HCL buffer assessed as human 20S immunoproteasome-mediated hydrolysis by measuring Dox release measured upto 8 hrs by mass spectrometry analysis";"A";"BAO_0000223";"protein complex format";"Homo sapiens";"None";"None";"None";"None";"";"";"";"CHEMBL3831201";"20S proteasome";"Homo sapiens";"PROTEIN COMPLEX GROUP";"CHEMBL6115038";"1";"Scientific Literature";"J Med Chem";"2025";"None";"TIME <= 8.0 hr";"";"Metabolite detected";""
"CHEMBL5597908";"";"None";"389.36";"0";"3.13";"B-16";"COc1ccc(NC(=O)c2cc(O)c3c(c2)C(=O)c2cccc(O)c2C3=O)cc1";"EC200";"'='";"0.32";"uM";"";"";"";"UO_0000064";"";"";"";"";"0";"CHEMBL6097171";"Activation of human erythrocyte-derived 20s proteosome using CT-L as peptide substrate by fluorescence based analysis";"B";"BAO_0000219";"cell-based format";"Homo sapiens";"None";"None";"Erythrocyte";"None";"";"";"";"CHEMBL3831201";"20S proteasome";"Homo sapiens";"PROTEIN COMPLEX GROUP";"CHEMBL6096634";"1";"Scientific Literature";"Bioorg Med Chem";"2024";"None";"";"ACTIVATOR";"";"0.32"
"CHEMBL6151907";"";"None";"397.48";"1";"6.16";"B-01; 8016-8398";"Cc1cccc(Nc2cc(NCC(C)C)c3noc4c3c2C(=O)c2ccccc2-4)c1";"EC200";"'='";"0.46";"uM";"";"";"";"UO_0000064";"";"";"";"";"0";"CHEMBL6097171";"Activation of human erythrocyte-derived 20s proteosome using CT-L as peptide substrate by fluorescence based analysis";"B";"BAO_0000219";"cell-based format";"Homo sapiens";"None";"None";"Erythrocyte";"None";"";"";"";"CHEMBL3831201";"20S proteasome";"Homo sapiens";"PROTEIN COMPLEX GROUP";"CHEMBL6096634";"1";"Scientific Literature";"Bioorg Med Chem";"2024";"None";"";"ACTIVATOR";"";"0.46"
"CHEMBL6165154";"";"None";"413.48";"1";"5.86";"B-04";"COc1ccc(Nc2cc(NCC(C)C)c3noc4c3c2C(=O)c2ccccc2-4)cc1";"EC200";"'='";"0.7";"uM";"";"";"";"UO_0000064";"";"";"";"";"0";"CHEMBL6097171";"Activation of human erythrocyte-derived 20s proteosome using CT-L as peptide substrate by fluorescence based analysis";"B";"BAO_0000219";"cell-based format";"Homo sapiens";"None";"None";"Erythrocyte";"None";"";"";"";"CHEMBL3831201";"20S proteasome";"Homo sapiens";"PROTEIN COMPLEX GROUP";"CHEMBL6096634";"1";"Scientific Literature";"Bioorg Med Chem";"2024";"None";"";"ACTIVATOR";"";"0.7"
"CHEMBL6174918";"";"None";"1787.95";"None";"None";"1a";"C[C@@H](O)[C@H](NC(=O)[C@H](Cc1ccccc1)NC(=O)[C@H](Cc1ccc(O)cc1)NC(=O)CNCCCCN)C(=O)NCC(=O)N[C@@H](CO)C(=O)N[C@@H](CCCCN)C(=O)N[C@@H](CC(=O)O)C(=O)N[C@@H](Cc1c[nH]c2ccccc12)C(=O)N[C@@H](CCCNC(=N)N)C(=O)N[C@@H](CO)C(=O)N[C@@H](Cc1ccc(O)cc1)C(=O)N[C@@H](Cc1ccc(O)cc1)C(=O)N[C@@H](CO)C(=O)O";"FC";"'='";"12.0";"";"";"";"";"";"";"";"";"";"0";"CHEMBL6138554";"Activation of human erythrocyte-derived 20S proteasome using Dabcyl-EDANS as FRET-type substrate assessed as fold increase in activity at 1.0 to 50 uM measured every two mins for 60 mins by fluorescence based analysis relative to control";"B";"BAO_0000219";"cell-based format";"Homo sapiens";"None";"None";"Erythrocyte";"None";"";"";"";"CHEMBL3831201";"20S proteasome";"Homo sapiens";"PROTEIN COMPLEX GROUP";"CHEMBL6134855";"1";"Scientific Literature";"J Med Chem";"2025";"None";"DOSE_Lower = 1.0 microM | DOSE_Upper = 50.0 microM | TIME = 1.0 hr";"ACTIVATOR";"";"12.0"
"CHEMBL6174310";"";"None";"3109.57";"None";"None";"1f";"C[C@@H](O)[C@H](NC(=O)[C@H](Cc1ccccc1)NC(=O)[C@H](Cc1ccc(O)cc1)NC(=O)CN(CCCCN)C(=O)[C@H](CCCNC(=N)N)NC(=O)[C@H](CCCNC(=N)N)NC(=O)[C@H](CCCNC(=N)N)NC(=O)[C@H](CCC(N)=O)NC(=O)[C@H](CCCNC(=N)N)NC(=O)[C@H](CCCNC(=N)N)NC(=O)[C@H](CCCCN)NC(=O)[C@H](CCCCN)NC(=O)[C@@H](N)CCCNC(=N)N)C(=O)NCC(=O)N[C@@H](CO)C(=O)N[C@@H](CCCCN)C(=O)N[C@@H](CC(=O)O)C(=O)N[C@@H](Cc1c[nH]c2ccccc12)C(=O)N[C@@H](CCCNC(=N)N)C(=O)N[C@@H](CO)C(=O)N[C@@H](Cc1ccc(O)cc1)C(=O)N[C@@H](Cc1ccc(O)cc1)C(=O)N[C@@H](CO)C(=O)O";"FC";"'~'";"16.0";"";"";"";"";"";"";"";"";"";"0";"CHEMBL6138556";"Activation of human erythrocyte-derived 20S proteasome chymotrypsin-like activity using Suc-LLVY-AMC as substrate assessed as fold increase in activity at 1 uM measured every two mins for 60 mins by fluorescence based analysis relative to control";"B";"BAO_0000219";"cell-based format";"Homo sapiens";"None";"None";"Erythrocyte";"None";"";"";"";"CHEMBL3831201";"20S proteasome";"Homo sapiens";"PROTEIN COMPLEX GROUP";"CHEMBL6134855";"1";"Scientific Literature";"J Med Chem";"2025";"None";"DOSE = 1.0 microM | TIME = 1.0 hr";"ACTIVATOR";"";"16.0"
"CHEMBL6149017";"";"None";"1862.08";"None";"None";"2f";"COc1ccc(CN(CC(=O)N[C@@H](CCCNC(=N)N)C(=O)N[C@@H](CCCNC(=N)N)C(=O)N[C@@H](Cc2ccc(O)cc2)C(=O)N[C@@H](Cc2ccc(O)cc2)C(=O)N[C@@H](CO)C(=O)O)C(=O)[C@H](CC(=O)O)NC(=O)[C@H](CCCCN)NC(=O)[C@H](CO)NC(=O)CNC(=O)[C@@H](NC(=O)[C@H](Cc2ccccc2)NC(=O)CN(Cc2ccc(OC)cc2)C(=O)[C@@H](N)CCCCN)[C@@H](C)O)cc1";"Activity";"";"";"";"";"";"";"";"";"";"";"";"0";"CHEMBL6138526";"Activation of human erythrocyte-derived 20S proteasome using Dabcyl-EDANS as FRET-type substrate at 1.0 to 50 uM measured every two mins for 60 mins by fluorescence based analysis";"B";"BAO_0000219";"cell-based format";"Homo sapiens";"None";"None";"Erythrocyte";"None";"";"";"";"CHEMBL3831201";"20S proteasome";"Homo sapiens";"PROTEIN COMPLEX GROUP";"CHEMBL6134855";"1";"Scientific Literature";"J Med Chem";"2025";"None";"DOSE_Lower = 1.0 microM | DOSE_Upper = 50.0 microM | TIME = 1.0 hr";"ACTIVATOR";"Active";""
"CHEMBL6171894";"";"None";"1816.01";"None";"None";"1d";"C[C@@H](O)[C@H](NC(=O)[C@H](Cc1ccccc1)NC(=O)[C@H](Cc1ccc(O)cc1)NC(=O)[C@@H](N)CCCCN)C(=O)NCC(=O)N[C@@H](CO)C(=O)N[C@@H](CCCCN)C(=O)N[C@@H](CC(=O)O)C(=O)N[C@@H](Cc1c[nH]c2ccccc12)C(=O)N(C)[C@@H](CCCNC(=N)N)C(=O)N(C)[C@@H](CO)C(=O)N[C@@H](Cc1ccc(O)cc1)C(=O)N[C@@H](Cc1ccc(O)cc1)C(=O)N[C@@H](CO)C(=O)O";"Activity";"";"";"";"";"";"Lower Capacity Of Activation Is Observed";"";"";"";"";"";"0";"CHEMBL6138527";"Activation of human erythrocyte-derived 20S proteasome chymotrypsin-like activity using Suc-LLVY-AMC as substrate at 1.0 to 50 uM measured every two mins for 60 mins by fluorescence based analysis";"B";"BAO_0000219";"cell-based format";"Homo sapiens";"None";"None";"Erythrocyte";"None";"";"";"";"CHEMBL3831201";"20S proteasome";"Homo sapiens";"PROTEIN COMPLEX GROUP";"CHEMBL6134855";"1";"Scientific Literature";"J Med Chem";"2025";"None";"DOSE_Lower = 1.0 microM | DOSE_Upper = 50.0 microM | TIME = 1.0 hr";"ACTIVATOR";"Active";""
"CHEMBL6161873";"";"None";"1834.03";"None";"None";"2b";"C[C@@H](O)[C@H](NC(=O)[C@H](Cc1ccccc1)NC(=O)[C@H](Cc1ccc(O)cc1)NC(=O)[C@@H](N)CCCCN)C(=O)NCC(=O)N[C@@H](CO)C(=O)N(CCCCN)CC(=O)N[C@@H](CC(=O)O)C(=O)N[C@@H](Cc1ccc(O)cc1)C(=O)N[C@@H](CCCNC(=N)N)C(=O)N[C@@H](CCCNC(=N)N)C(=O)N[C@@H](Cc1ccc(O)cc1)C(=O)N[C@@H](Cc1ccc(O)cc1)C(=O)N[C@@H](CO)C(=O)O";"Activity";"";"";"";"";"";"";"";"";"";"";"";"0";"CHEMBL6138535";"Activation of human erythrocyte-derived 20S proteasome chymotrypsin-like activity using Suc-LLVY-AMC as substrate at higher concentration measured every two mins for 60 mins by fluorescence based analysis";"B";"BAO_0000219";"cell-based format";"Homo sapiens";"None";"None";"Erythrocyte";"None";"";"";"";"CHEMBL3831201";"20S proteasome";"Homo sapiens";"PROTEIN COMPLEX GROUP";"CHEMBL6134855";"1";"Scientific Literature";"J Med Chem";"2025";"None";"TIME = 1.0 hr";"ACTIVATOR";"Active";""
"CHEMBL6174310";"";"None";"3109.57";"None";"None";"1f";"C[C@@H](O)[C@H](NC(=O)[C@H](Cc1ccccc1)NC(=O)[C@H](Cc1ccc(O)cc1)NC(=O)CN(CCCCN)C(=O)[C@H](CCCNC(=N)N)NC(=O)[C@H](CCCNC(=N)N)NC(=O)[C@H](CCCNC(=N)N)NC(=O)[C@H](CCC(N)=O)NC(=O)[C@H](CCCNC(=N)N)NC(=O)[C@H](CCCNC(=N)N)NC(=O)[C@H](CCCCN)NC(=O)[C@H](CCCCN)NC(=O)[C@@H](N)CCCNC(=N)N)C(=O)NCC(=O)N[C@@H](CO)C(=O)N[C@@H](CCCCN)C(=O)N[C@@H](CC(=O)O)C(=O)N[C@@H](Cc1c[nH]c2ccccc12)C(=O)N[C@@H](CCCNC(=N)N)C(=O)N[C@@H](CO)C(=O)N[C@@H](Cc1ccc(O)cc1)C(=O)N[C@@H](Cc1ccc(O)cc1)C(=O)N[C@@H](CO)C(=O)O";"Activity";"'<'";"40.0";"%";"";"";"";"UO_0000187";"";"";"";"";"0";"CHEMBL6138541";"Activation of human 20S proteasome assessed as alpha-synuclein degradation by measuring residual activity at 10 uM by SDS-PAGE analysis relative to control";"B";"BAO_0000223";"protein complex format";"Homo sapiens";"None";"None";"None";"None";"";"";"";"CHEMBL3831201";"20S proteasome";"Homo sapiens";"PROTEIN COMPLEX GROUP";"CHEMBL6134855";"1";"Scientific Literature";"J Med Chem";"2025";"None";"DOSE = 10.0 microM | TIME = 1.5 hr";"ACTIVATOR";"";"40.0"
"CHEMBL6161877";"";"None";"2711.06";"None";"None";"1g";"C[C@@H](O)[C@H](NC(=O)[C@H](Cc1ccccc1)NC(=O)[C@H](Cc1ccc(O)cc1)NC(=O)CN(CCCCN)C(=O)[C@H](CCCNC(=N)N)NC(=O)[C@H](CCCNC(=N)N)NC(=O)[C@H](CCCNC(=N)N)NC(=O)[C@H](CCNC(=N)N)NC(=O)[C@H](CCCNC(=N)N)NC(=O)[C@@H](N)CCCNC(=N)N)C(=O)NCC(=O)N[C@@H](CO)C(=O)N[C@@H](CCCCN)C(=O)N[C@@H](CC(=O)O)C(=O)N[C@@H](Cc1c[nH]c2ccccc12)C(=O)N[C@@H](CCCNC(=N)N)C(=O)N[C@@H](CO)C(=O)N[C@@H](Cc1ccc(O)cc1)C(=O)N[C@@H](Cc1ccc(O)cc1)C(=O)N[C@@H](CO)C(=O)O";"Activity";"'<'";"40.0";"%";"";"";"";"UO_0000187";"";"";"";"";"0";"CHEMBL6138541";"Activation of human 20S proteasome assessed as alpha-synuclein degradation by measuring residual activity at 10 uM by SDS-PAGE analysis relative to control";"B";"BAO_0000223";"protein complex format";"Homo sapiens";"None";"None";"None";"None";"";"";"";"CHEMBL3831201";"20S proteasome";"Homo sapiens";"PROTEIN COMPLEX GROUP";"CHEMBL6134855";"1";"Scientific Literature";"J Med Chem";"2025";"None";"DOSE = 10.0 microM | TIME = 1.5 hr";"ACTIVATOR";"";"40.0"
"CHEMBL6146953";"";"None";"467.53";"0";"3.99";"Cpd 9; ZINC03007755";"O=C(Nc1ccccc1-c1ccccc1)C(=O)c1cn(CC(=O)N2CCOCC2)c2ccccc12";"Inhibition";"";"";"%";"";"";"";"UO_0000187";"";"";"";"";"0";"CHEMBL6130638";"Inhibition of human erythrocyte-derived 20S constitutive proteasome protein using Suc-LLVY-AMC as substrate preincubated for 15 mins followed by substrate addition and measured after 30 mins by multimode plate reader analysis";"B";"BAO_0000219";"cell-based format";"Homo sapiens";"None";"None";"Erythrocyte";"None";"";"";"";"CHEMBL3831201";"20S proteasome";"Homo sapiens";"PROTEIN COMPLEX GROUP";"CHEMBL6127112";"1";"Scientific Literature";"ACS Med Chem Lett";"2024";"None";"TIME = 0.75 hr";"";"Not active";""
"CHEMBL6133961";"";"None";"468.56";"1";"5.69";"B-05";"CC(C)CNc1cc(Nc2ccc(N3CCOCC3)cc2)c2c3c(onc13)-c1ccccc1C2=O";"EC200";"'='";"0.12";"uM";"";"";"";"UO_0000064";"";"";"";"";"0";"CHEMBL6097171";"Activation of human erythrocyte-derived 20s proteosome using CT-L as peptide substrate by fluorescence based analysis";"B";"BAO_0000219";"cell-based format";"Homo sapiens";"None";"None";"Erythrocyte";"None";"";"";"";"CHEMBL3831201";"20S proteasome";"Homo sapiens";"PROTEIN COMPLEX GROUP";"CHEMBL6096634";"1";"Scientific Literature";"Bioorg Med Chem";"2024";"None";"";"ACTIVATOR";"";"0.12"
"CHEMBL6152509";"";"None";"383.45";"1";"5.91";"B-11";"CCCNc1cc(Nc2cccc(C)c2)c2c3c(onc13)-c1ccccc1C2=O";"EC50";"'='";"4360.0";"nM";"5.36";"";"";"UO_0000065";"13.98";"0.25";"-0.55";"7.98";"0";"CHEMBL6097171";"Activation of human erythrocyte-derived 20s proteosome using CT-L as peptide substrate by fluorescence based analysis";"B";"BAO_0000219";"cell-based format";"Homo sapiens";"None";"None";"Erythrocyte";"None";"";"";"";"CHEMBL3831201";"20S proteasome";"Homo sapiens";"PROTEIN COMPLEX GROUP";"CHEMBL6096634";"1";"Scientific Literature";"Bioorg Med Chem";"2024";"None";"";"ACTIVATOR";"";"4.36"
"CHEMBL6164397";"";"None";"339.35";"0";"2.26";"B-15";"CC(C)CNC(=O)c1cc(O)c2c(c1)C(=O)c1cccc(O)c1C2=O";"EC50";"'='";"2570.0";"nM";"5.59";"";"";"UO_0000065";"16.47";"0.31";"3.33";"5.39";"0";"CHEMBL6097171";"Activation of human erythrocyte-derived 20s proteosome using CT-L as peptide substrate by fluorescence based analysis";"B";"BAO_0000219";"cell-based format";"Homo sapiens";"None";"None";"Erythrocyte";"None";"";"";"";"CHEMBL3831201";"20S proteasome";"Homo sapiens";"PROTEIN COMPLEX GROUP";"CHEMBL6096634";"1";"Scientific Literature";"Bioorg Med Chem";"2024";"None";"";"ACTIVATOR";"";"2.57"
"CHEMBL6151907";"";"None";"397.48";"1";"6.16";"B-01; 8016-8398";"Cc1cccc(Nc2cc(NCC(C)C)c3noc4c3c2C(=O)c2ccccc2-4)c1";"FC";"'='";"4.37";"";"";"";"";"";"";"";"";"";"0";"CHEMBL6097175";"Activation of human erythrocyte-derived 20s proteosome assessed as fold maximum enhancement using T-L as peptide substrate by fluorescence based analysis";"B";"BAO_0000219";"cell-based format";"Homo sapiens";"None";"None";"Erythrocyte";"None";"";"";"";"CHEMBL3831201";"20S proteasome";"Homo sapiens";"PROTEIN COMPLEX GROUP";"CHEMBL6096634";"1";"Scientific Literature";"Bioorg Med Chem";"2024";"None";"";"ACTIVATOR";"";"4.37"
"CHEMBL6133961";"";"None";"468.56";"1";"5.69";"B-05";"CC(C)CNc1cc(Nc2ccc(N3CCOCC3)cc2)c2c3c(onc13)-c1ccccc1C2=O";"Activity";"'='";"425.06";"%";"";"";"";"UO_0000187";"";"";"";"";"0";"CHEMBL6097178";"Activation of human erythrocyte-derived 20s proteosome using CT-L as peptide substrate at 10 uM by fluorescence based analysis relative to control";"B";"BAO_0000219";"cell-based format";"Homo sapiens";"None";"None";"Erythrocyte";"None";"";"";"";"CHEMBL3831201";"20S proteasome";"Homo sapiens";"PROTEIN COMPLEX GROUP";"CHEMBL6096634";"1";"Scientific Literature";"Bioorg Med Chem";"2024";"None";"DOSE = 10.0 microM";"ACTIVATOR";"";"425.06"
"CHEMBL5597033";"";"None";"373.36";"0";"3.43";"B-14";"Cc1cccc(NC(=O)c2cc(O)c3c(c2)C(=O)c2cccc(O)c2C3=O)c1";"Activity";"'='";"566.9";"%";"";"";"";"UO_0000187";"";"";"";"";"0";"CHEMBL6097178";"Activation of human erythrocyte-derived 20s proteosome using CT-L as peptide substrate at 10 uM by fluorescence based analysis relative to control";"B";"BAO_0000219";"cell-based format";"Homo sapiens";"None";"None";"Erythrocyte";"None";"";"";"";"CHEMBL3831201";"20S proteasome";"Homo sapiens";"PROTEIN COMPLEX GROUP";"CHEMBL6096634";"1";"Scientific Literature";"Bioorg Med Chem";"2024";"None";"DOSE = 10.0 microM";"ACTIVATOR";"";"566.9"
"CHEMBL6147989";"";"None";"399.40";"0";"3.07";"B-22";"O=C1c2cccc(O)c2C(=O)c2c(O)cc(C(=O)N3CCc4ccccc4C3)cc21";"Activity";"'='";"350.33";"%";"";"";"";"UO_0000187";"";"";"";"";"0";"CHEMBL6097178";"Activation of human erythrocyte-derived 20s proteosome using CT-L as peptide substrate at 10 uM by fluorescence based analysis relative to control";"B";"BAO_0000219";"cell-based format";"Homo sapiens";"None";"None";"Erythrocyte";"None";"";"";"";"CHEMBL3831201";"20S proteasome";"Homo sapiens";"PROTEIN COMPLEX GROUP";"CHEMBL6096634";"1";"Scientific Literature";"Bioorg Med Chem";"2024";"None";"DOSE = 10.0 microM";"ACTIVATOR";"";"350.33"
"CHEMBL2408481";"";"None";"595.74";"2";"7.77";"TCH-165";"CCOC(=O)[C@]1(c2ccccc2)N=C(c2ccc(OC)cc2)N(Cc2ccccc2)[C@@H]1c1ccc(NCc2ccccc2)cc1";"EC200";"'='";"1.4";"uM";"";"";"";"UO_0000064";"";"";"";"";"0";"CHEMBL6097203";"Activation of 20s proteosome (unknown origin) mediated chymotrypsin-like activity";"B";"BAO_0000223";"protein complex format";"Homo sapiens";"None";"None";"None";"None";"";"";"";"CHEMBL3831201";"20S proteasome";"Homo sapiens";"PROTEIN COMPLEX GROUP";"CHEMBL6096634";"1";"Scientific Literature";"Bioorg Med Chem";"2024";"None";"";"ACTIVATOR";"";"1.4"
"CHEMBL2408481";"";"None";"595.74";"2";"7.77";"TCH-165";"CCOC(=O)[C@]1(c2ccccc2)N=C(c2ccc(OC)cc2)N(Cc2ccccc2)[C@@H]1c1ccc(NCc2ccccc2)cc1";"FC";"'='";"8.3";"";"";"";"";"";"";"";"";"";"0";"CHEMBL6097204";"Activation of 20s proteosome (unknown origin) mediated chymotrypsin-like activity assessed as fold maximum enhancement";"B";"BAO_0000223";"protein complex format";"Homo sapiens";"None";"None";"None";"None";"";"";"";"CHEMBL3831201";"20S proteasome";"Homo sapiens";"PROTEIN COMPLEX GROUP";"CHEMBL6096634";"1";"Scientific Literature";"Bioorg Med Chem";"2024";"None";"";"ACTIVATOR";"";"8.3"
"CHEMBL6152776";"";"None";"1801.98";"None";"None";"1c";"C[C@@H](O)[C@H](NC(=O)[C@H](Cc1ccccc1)NC(=O)[C@H](Cc1ccc(O)cc1)NC(=O)CNCCCCN)C(=O)NCC(=O)N[C@@H](CO)C(=O)N[C@@H](CCCCN)C(=O)N[C@@H](CC(=O)O)C(=O)N[C@@H](Cc1c[nH]c2ccccc12)C(=O)N[C@@H](CCCNC(=N)N)C(=O)N(CCO)CC(=O)N[C@@H](Cc1ccc(O)cc1)C(=O)N[C@@H](Cc1ccc(O)cc1)C(=O)N[C@@H](CO)C(=O)O";"Activity";"";"";"";"";"";"";"";"";"";"";"";"0";"CHEMBL6138526";"Activation of human erythrocyte-derived 20S proteasome using Dabcyl-EDANS as FRET-type substrate at 1.0 to 50 uM measured every two mins for 60 mins by fluorescence based analysis";"B";"BAO_0000219";"cell-based format";"Homo sapiens";"None";"None";"Erythrocyte";"None";"";"";"";"CHEMBL3831201";"20S proteasome";"Homo sapiens";"PROTEIN COMPLEX GROUP";"CHEMBL6134855";"1";"Scientific Literature";"J Med Chem";"2025";"None";"DOSE_Lower = 1.0 microM | DOSE_Upper = 50.0 microM | TIME = 1.0 hr";"ACTIVATOR";"Active";""
"CHEMBL6161877";"";"None";"2711.06";"None";"None";"1g";"C[C@@H](O)[C@H](NC(=O)[C@H](Cc1ccccc1)NC(=O)[C@H](Cc1ccc(O)cc1)NC(=O)CN(CCCCN)C(=O)[C@H](CCCNC(=N)N)NC(=O)[C@H](CCCNC(=N)N)NC(=O)[C@H](CCCNC(=N)N)NC(=O)[C@H](CCNC(=N)N)NC(=O)[C@H](CCCNC(=N)N)NC(=O)[C@@H](N)CCCNC(=N)N)C(=O)NCC(=O)N[C@@H](CO)C(=O)N[C@@H](CCCCN)C(=O)N[C@@H](CC(=O)O)C(=O)N[C@@H](Cc1c[nH]c2ccccc12)C(=O)N[C@@H](CCCNC(=N)N)C(=O)N[C@@H](CO)C(=O)N[C@@H](Cc1ccc(O)cc1)C(=O)N[C@@H](Cc1ccc(O)cc1)C(=O)N[C@@H](CO)C(=O)O";"Activity";"";"";"";"";"";"";"";"";"";"";"";"0";"CHEMBL6138529";"Activation of human erythrocyte-derived 20S proteasome trypsin-like activity using Boc-LRR-AMC as substrate at 1.0 to 50 uM measured every two mins for 60 mins by fluorescence based analysis";"B";"BAO_0000219";"cell-based format";"Homo sapiens";"None";"None";"Erythrocyte";"None";"";"";"";"CHEMBL3831201";"20S proteasome";"Homo sapiens";"PROTEIN COMPLEX GROUP";"CHEMBL6134855";"1";"Scientific Literature";"J Med Chem";"2025";"None";"DOSE_Lower = 1.0 microM | DOSE_Upper = 50.0 microM | TIME = 1.0 hr";"ACTIVATOR";"Active";""
"CHEMBL6165914";"";"None";"1578.90";"None";"None";"TAT1-8,9TOD";"N=C(N)NCCC[C@H](NC(=O)CN)C(=O)N[C@@H](CCCCN)C(=O)N[C@@H](CCCCN)C(=O)N[C@@H](CCCNC(=N)N)C(=O)N[C@@H](CCCNC(=N)N)C(=O)N[C@@H](CCC(N)=O)C(=O)N1Cc2ccccc2CC1C(=O)N1[C@@H](C(=O)N[C@@H](CCCNC(=N)N)C(=O)N2CCC[C@H]2C(=O)N[C@@H](CO)C(=O)O)C[C@@H]2CCCC[C@@H]21";"FC";"'='";"8.0";"";"";"";"";"";"";"";"";"";"0";"CHEMBL6138553";"Activation of human erythrocyte-derived 20S proteasome chymotrypsin-like activity using succinyl-LeuLeuValTyr-AMC as substrate assessed as fold increase in activity incubated for 1 hr by fluorescence based analysis relative to control";"B";"BAO_0000219";"cell-based format";"Homo sapiens";"None";"None";"Erythrocyte";"None";"";"";"";"CHEMBL3831201";"20S proteasome";"Homo sapiens";"PROTEIN COMPLEX GROUP";"CHEMBL6134855";"1";"Scientific Literature";"J Med Chem";"2025";"None";"TIME = 1.0 hr";"ACTIVATOR";"";"8.0"
"CHEMBL4590201";"";"None";"342.37";"0";"1.68";"8e";"O=C(CF)CNC(=O)[C@H](Cc1ccccc1)NC(=O)c1ccccc1";"IC50";"'>'";"100000.0";"nM";"";"";"";"UO_0000065";"";"";"";"";"0";"CHEMBL4480323";"Inhibition of 20S proteasome (unknown origin) using suc-LLVY-AMC as substrate preincubated for 20 mins followed by substrate addition by fluorescence plate reader analysis";"B";"BAO_0000223";"protein complex format";"Homo sapiens";"None";"None";"None";"None";"";"";"";"CHEMBL3831201";"20S proteasome";"Homo sapiens";"PROTEIN COMPLEX GROUP";"CHEMBL4477275";"1";"Scientific Literature";"ACS Med Chem Lett";"2016";"None";"";"";"";"100.0"
"CHEMBL325041";"BORTEZOMIB";"4.0";"384.25";"None";"None";"Bortezomib";"CC(C)C[C@H](NC(=O)[C@H](Cc1ccccc1)NC(=O)c1cnccn1)B(O)O";"Ki";"'='";"0.6";"nM";"9.22";"";"";"UO_0000065";"24.00";"None";"None";"None";"1";"CHEMBL6155554";"Inhibition of 20s proteasome (unknown origin) assessed as inhibition constant using Succinyl-Leu-Leu-ValTyr-Amido-4-methyl-coumarin as substrate by fluorescence based analysis";"B";"BAO_0000223";"protein complex format";"Homo sapiens";"None";"None";"None";"None";"";"";"";"CHEMBL3831201";"20S proteasome";"Homo sapiens";"PROTEIN COMPLEX GROUP";"CHEMBL6153073";"1";"Scientific Literature";"Eur J Med Chem";"2025";"None";"";"INHIBITOR";"";"0.6"
"CHEMBL6165914";"";"None";"1578.90";"None";"None";"TAT1-8,9TOD";"N=C(N)NCCC[C@H](NC(=O)CN)C(=O)N[C@@H](CCCCN)C(=O)N[C@@H](CCCCN)C(=O)N[C@@H](CCCNC(=N)N)C(=O)N[C@@H](CCCNC(=N)N)C(=O)N[C@@H](CCC(N)=O)C(=O)N1Cc2ccccc2CC1C(=O)N1[C@@H](C(=O)N[C@@H](CCCNC(=N)N)C(=O)N2CCC[C@H]2C(=O)N[C@@H](CO)C(=O)O)C[C@@H]2CCCC[C@@H]21";"EC50";"'='";"200.0";"nM";"6.70";"";"";"UO_0000065";"4.24";"None";"None";"None";"0";"CHEMBL6138551";"Activation of human erythrocyte-derived 20S proteasome chymotrypsin-like activity using succinyl-LeuLeuValTyr-AMC as substrate incubated for 1 hr by fluorescence based analysis";"B";"BAO_0000219";"cell-based format";"Homo sapiens";"None";"None";"Erythrocyte";"None";"";"";"";"CHEMBL3831201";"20S proteasome";"Homo sapiens";"PROTEIN COMPLEX GROUP";"CHEMBL6134855";"1";"Scientific Literature";"J Med Chem";"2025";"None";"TIME = 1.0 hr";"ACTIVATOR";"";"200.0"
"CHEMBL1443610";"";"None";"405.45";"0";"2.00";"Cpd 7; ZINC03007702";"O=C(NCc1ccccc1)C(=O)c1cn(CC(=O)N2CCOCC2)c2ccccc12";"Inhibition";"'='";"26.0";"%";"";"";"";"UO_0000187";"";"";"";"";"0";"CHEMBL6130636";"Inhibition of human erythrocyte-derived 20S constitutive proteasome protein at 100 uM using Suc-LLVY-AMC as substrate preincubated for 15 mins followed by substrate addition and measured after 30 mins by multimode plate reader analysis relative to control";"B";"BAO_0000219";"cell-based format";"Homo sapiens";"None";"None";"Erythrocyte";"None";"";"";"";"CHEMBL3831201";"20S proteasome";"Homo sapiens";"PROTEIN COMPLEX GROUP";"CHEMBL6127112";"1";"Scientific Literature";"ACS Med Chem Lett";"2024";"None";"DOSE = 100.0 microM | TIME = 0.75 hr";"";"";"26.0"
"CHEMBL1342507";"";"None";"451.48";"0";"2.34";"Cpd 13; ZINC4163246";"COc1ccc(NC(=O)C(=O)c2cn(CC(=O)N3CCOCC3)c3ccccc23)c(OC)c1";"Inhibition";"";"";"%";"";"";"";"UO_0000187";"";"";"";"";"0";"CHEMBL6130638";"Inhibition of human erythrocyte-derived 20S constitutive proteasome protein using Suc-LLVY-AMC as substrate preincubated for 15 mins followed by substrate addition and measured after 30 mins by multimode plate reader analysis";"B";"BAO_0000219";"cell-based format";"Homo sapiens";"None";"None";"Erythrocyte";"None";"";"";"";"CHEMBL3831201";"20S proteasome";"Homo sapiens";"PROTEIN COMPLEX GROUP";"CHEMBL6127112";"1";"Scientific Literature";"ACS Med Chem Lett";"2024";"None";"TIME = 0.75 hr";"";"Not active";""
"CHEMBL6151070";"";"None";"454.53";"0";"4.84";"B-09";"Cc1cccc(Nc2cc(NCCN3CCOCC3)c3noc4c3c2C(=O)c2ccccc2-4)c1";"Activity";"'='";"47.89";"%";"";"";"";"UO_0000187";"";"";"";"";"0";"CHEMBL6097178";"Activation of human erythrocyte-derived 20s proteosome using CT-L as peptide substrate at 10 uM by fluorescence based analysis relative to control";"B";"BAO_0000219";"cell-based format";"Homo sapiens";"None";"None";"Erythrocyte";"None";"";"";"";"CHEMBL3831201";"20S proteasome";"Homo sapiens";"PROTEIN COMPLEX GROUP";"CHEMBL6096634";"1";"Scientific Literature";"Bioorg Med Chem";"2024";"None";"DOSE = 10.0 microM";"ACTIVATOR";"";"47.89"
"CHEMBL6150617";"";"None";"401.42";"0";"3.19";"B-21";"CN(CCc1ccccc1)C(=O)c1cc(O)c2c(c1)C(=O)c1cccc(O)c1C2=O";"Activity";"'='";"148.34";"%";"";"";"";"UO_0000187";"";"";"";"";"0";"CHEMBL6097178";"Activation of human erythrocyte-derived 20s proteosome using CT-L as peptide substrate at 10 uM by fluorescence based analysis relative to control";"B";"BAO_0000219";"cell-based format";"Homo sapiens";"None";"None";"Erythrocyte";"None";"";"";"";"CHEMBL3831201";"20S proteasome";"Homo sapiens";"PROTEIN COMPLEX GROUP";"CHEMBL6096634";"1";"Scientific Literature";"Bioorg Med Chem";"2024";"None";"DOSE = 10.0 microM";"ACTIVATOR";"";"148.34"
"CHEMBL6162686";"";"None";"411.51";"1";"6.55";"B-10";"Cc1cccc(Nc2cc(NCCC(C)C)c3noc4c3c2C(=O)c2ccccc2-4)c1";"EC50";"'='";"2090.0";"nM";"5.68";"";"";"UO_0000065";"13.80";"0.25";"-0.87";"8.46";"0";"CHEMBL6097171";"Activation of human erythrocyte-derived 20s proteosome using CT-L as peptide substrate by fluorescence based analysis";"B";"BAO_0000219";"cell-based format";"Homo sapiens";"None";"None";"Erythrocyte";"None";"";"";"";"CHEMBL3831201";"20S proteasome";"Homo sapiens";"PROTEIN COMPLEX GROUP";"CHEMBL6096634";"1";"Scientific Literature";"Bioorg Med Chem";"2024";"None";"";"ACTIVATOR";"";"2.09"
"CHEMBL6142373";"";"None";"399.49";"1";"5.16";"B-12";"Cc1ccc(Nc2cc(NCC(C)C)c(N)c3c2C(=O)c2ccccc2C3=O)cc1";"EC50";"'='";"3680.0";"nM";"5.43";"";"";"UO_0000065";"13.60";"0.25";"0.27";"6.45";"0";"CHEMBL6097171";"Activation of human erythrocyte-derived 20s proteosome using CT-L as peptide substrate by fluorescence based analysis";"B";"BAO_0000219";"cell-based format";"Homo sapiens";"None";"None";"Erythrocyte";"None";"";"";"";"CHEMBL3831201";"20S proteasome";"Homo sapiens";"PROTEIN COMPLEX GROUP";"CHEMBL6096634";"1";"Scientific Literature";"Bioorg Med Chem";"2024";"None";"";"ACTIVATOR";"";"3.68"
"CHEMBL6151907";"";"None";"397.48";"1";"6.16";"B-01; 8016-8398";"Cc1cccc(Nc2cc(NCC(C)C)c3noc4c3c2C(=O)c2ccccc2-4)c1";"EC200";"'='";"0.75";"uM";"";"";"";"UO_0000064";"";"";"";"";"0";"CHEMBL6097172";"Activation of human erythrocyte-derived 20s proteosome using T-L as peptide substrate by fluorescence based analysis";"B";"BAO_0000219";"cell-based format";"Homo sapiens";"None";"None";"Erythrocyte";"None";"";"";"";"CHEMBL3831201";"20S proteasome";"Homo sapiens";"PROTEIN COMPLEX GROUP";"CHEMBL6096634";"1";"Scientific Literature";"Bioorg Med Chem";"2024";"None";"";"ACTIVATOR";"";"0.75"
"CHEMBL6149017";"";"None";"1862.08";"None";"None";"2f";"COc1ccc(CN(CC(=O)N[C@@H](CCCNC(=N)N)C(=O)N[C@@H](CCCNC(=N)N)C(=O)N[C@@H](Cc2ccc(O)cc2)C(=O)N[C@@H](Cc2ccc(O)cc2)C(=O)N[C@@H](CO)C(=O)O)C(=O)[C@H](CC(=O)O)NC(=O)[C@H](CCCCN)NC(=O)[C@H](CO)NC(=O)CNC(=O)[C@@H](NC(=O)[C@H](Cc2ccccc2)NC(=O)CN(Cc2ccc(OC)cc2)C(=O)[C@@H](N)CCCCN)[C@@H](C)O)cc1";"Activity";"";"";"";"";"";"";"";"";"";"";"";"0";"CHEMBL6138531";"Activation of human erythrocyte-derived 20S proteasome using Dabcyl-EDANS as FRET-type substrate at lower concentration measured every two mins for 60 mins by fluorescence based analysis";"B";"BAO_0000219";"cell-based format";"Homo sapiens";"None";"None";"Erythrocyte";"None";"";"";"";"CHEMBL3831201";"20S proteasome";"Homo sapiens";"PROTEIN COMPLEX GROUP";"CHEMBL6134855";"1";"Scientific Literature";"J Med Chem";"2025";"None";"TIME = 1.0 hr";"ACTIVATOR";"Active";""
"CHEMBL6175634";"";"None";"1787.95";"None";"None";"1";"C[C@@H](O)[C@H](NC(=O)[C@H](Cc1ccccc1)NC(=O)[C@H](Cc1ccc(O)cc1)NC(=O)[C@@H](N)CCCCN)C(=O)NCC(=O)N[C@@H](CO)C(=O)N[C@@H](CCCCN)C(=O)N[C@@H](CC(=O)O)C(=O)N[C@@H](Cc1c[nH]c2ccccc12)C(=O)N[C@@H](CCCNC(=N)N)C(=O)N[C@@H](CO)C(=O)N[C@@H](Cc1ccc(O)cc1)C(=O)N[C@@H](Cc1ccc(O)cc1)C(=O)N[C@@H](CO)C(=O)O";"FC";"'='";"8.0";"";"";"";"";"";"";"";"";"";"0";"CHEMBL6138552";"Activation of human erythrocyte-derived 20S proteasome chymotrypsin-like activity using Suc-LLVY-AMC as substrate assessed as fold increase in activity at 1.0 to 50 uM measured every two mins for 60 mins by fluorescence based analysis relative to control";"B";"BAO_0000219";"cell-based format";"Homo sapiens";"None";"None";"Erythrocyte";"None";"";"";"";"CHEMBL3831201";"20S proteasome";"Homo sapiens";"PROTEIN COMPLEX GROUP";"CHEMBL6134855";"1";"Scientific Literature";"J Med Chem";"2025";"None";"DOSE_Lower = 1.0 microM | DOSE_Upper = 50.0 microM | TIME = 1.0 hr";"ACTIVATOR";"";"8.0"
"CHEMBL6174310";"";"None";"3109.57";"None";"None";"1f";"C[C@@H](O)[C@H](NC(=O)[C@H](Cc1ccccc1)NC(=O)[C@H](Cc1ccc(O)cc1)NC(=O)CN(CCCCN)C(=O)[C@H](CCCNC(=N)N)NC(=O)[C@H](CCCNC(=N)N)NC(=O)[C@H](CCCNC(=N)N)NC(=O)[C@H](CCC(N)=O)NC(=O)[C@H](CCCNC(=N)N)NC(=O)[C@H](CCCNC(=N)N)NC(=O)[C@H](CCCCN)NC(=O)[C@H](CCCCN)NC(=O)[C@@H](N)CCCNC(=N)N)C(=O)NCC(=O)N[C@@H](CO)C(=O)N[C@@H](CCCCN)C(=O)N[C@@H](CC(=O)O)C(=O)N[C@@H](Cc1c[nH]c2ccccc12)C(=O)N[C@@H](CCCNC(=N)N)C(=O)N[C@@H](CO)C(=O)N[C@@H](Cc1ccc(O)cc1)C(=O)N[C@@H](Cc1ccc(O)cc1)C(=O)N[C@@H](CO)C(=O)O";"FC";"'~'";"4.0";"";"";"";"";"";"";"";"";"";"0";"CHEMBL6138550";"Activation of 20S proteasome chymotrypsin-like activity in HEK293T cell lysate using Suc-LLVY-AMC as substrate assessed as fold increase in activity at 5 uM by fluorescence based analysis relative to control";"B";"BAO_0000220";"subcellular format";"Homo sapiens";"None";"None";"HEK293T";"Lysate";"";"";"";"CHEMBL3831201";"20S proteasome";"Homo sapiens";"PROTEIN COMPLEX GROUP";"CHEMBL6134855";"1";"Scientific Literature";"J Med Chem";"2025";"None";"DOSE = 5.0 microM";"ACTIVATOR";"";"4.0"
"CHEMBL6174918";"";"None";"1787.95";"None";"None";"1a";"C[C@@H](O)[C@H](NC(=O)[C@H](Cc1ccccc1)NC(=O)[C@H](Cc1ccc(O)cc1)NC(=O)CNCCCCN)C(=O)NCC(=O)N[C@@H](CO)C(=O)N[C@@H](CCCCN)C(=O)N[C@@H](CC(=O)O)C(=O)N[C@@H](Cc1c[nH]c2ccccc12)C(=O)N[C@@H](CCCNC(=N)N)C(=O)N[C@@H](CO)C(=O)N[C@@H](Cc1ccc(O)cc1)C(=O)N[C@@H](Cc1ccc(O)cc1)C(=O)N[C@@H](CO)C(=O)O";"FC";"'='";"8.0";"";"";"";"";"";"";"";"";"";"0";"CHEMBL6138552";"Activation of human erythrocyte-derived 20S proteasome chymotrypsin-like activity using Suc-LLVY-AMC as substrate assessed as fold increase in activity at 1.0 to 50 uM measured every two mins for 60 mins by fluorescence based analysis relative to control";"B";"BAO_0000219";"cell-based format";"Homo sapiens";"None";"None";"Erythrocyte";"None";"";"";"";"CHEMBL3831201";"20S proteasome";"Homo sapiens";"PROTEIN COMPLEX GROUP";"CHEMBL6134855";"1";"Scientific Literature";"J Med Chem";"2025";"None";"DOSE_Lower = 1.0 microM | DOSE_Upper = 50.0 microM | TIME = 1.0 hr";"ACTIVATOR";"";"8.0"
"CHEMBL6171894";"";"None";"1816.01";"None";"None";"1d";"C[C@@H](O)[C@H](NC(=O)[C@H](Cc1ccccc1)NC(=O)[C@H](Cc1ccc(O)cc1)NC(=O)[C@@H](N)CCCCN)C(=O)NCC(=O)N[C@@H](CO)C(=O)N[C@@H](CCCCN)C(=O)N[C@@H](CC(=O)O)C(=O)N[C@@H](Cc1c[nH]c2ccccc12)C(=O)N(C)[C@@H](CCCNC(=N)N)C(=O)N(C)[C@@H](CO)C(=O)N[C@@H](Cc1ccc(O)cc1)C(=O)N[C@@H](Cc1ccc(O)cc1)C(=O)N[C@@H](CO)C(=O)O";"Activity";"";"";"";"";"";"";"";"";"";"";"";"0";"CHEMBL6138555";"Activation of human erythrocyte-derived 20S proteasome caspase-like activity using Z-LLE-AMC as substrate at 1.0 to 50 uM measured every two mins for 60 mins by fluorescence based analysis";"B";"BAO_0000219";"cell-based format";"Homo sapiens";"None";"None";"Erythrocyte";"None";"";"";"";"CHEMBL3831201";"20S proteasome";"Homo sapiens";"PROTEIN COMPLEX GROUP";"CHEMBL6134855";"1";"Scientific Literature";"J Med Chem";"2025";"None";"DOSE_Lower = 1.0 microM | DOSE_Upper = 50.0 microM | TIME = 1.0 hr";"ACTIVATOR";"Moderate_effect";""
"CHEMBL6168163";"";"None";"449.51";"0";"3.49";"Cpd 2; ZINC03015459";"COc1ccc(NC(=O)C(=O)c2cn(CC(=O)N3CCCCC3)c3ccccc23)cc1OC";"IC50";"'='";"18500.0";"nM";"4.73";"";"";"UO_0000065";"10.53";"0.20";"1.24";"5.27";"0";"CHEMBL6130638";"Inhibition of human erythrocyte-derived 20S constitutive proteasome protein using Suc-LLVY-AMC as substrate preincubated for 15 mins followed by substrate addition and measured after 30 mins by multimode plate reader analysis";"B";"BAO_0000219";"cell-based format";"Homo sapiens";"None";"None";"Erythrocyte";"None";"";"";"";"CHEMBL3831201";"20S proteasome";"Homo sapiens";"PROTEIN COMPLEX GROUP";"CHEMBL6127112";"1";"Scientific Literature";"ACS Med Chem Lett";"2024";"None";"TIME = 0.75 hr";"INHIBITOR";"";"18.5"
"CHEMBL6170279";"";"None";"433.46";"0";"2.52";"Cpd 3; ZINC03007751";"CC(=O)c1cccc(NC(=O)C(=O)c2cn(CC(=O)N3CCOCC3)c3ccccc23)c1";"IC50";"'='";"31300.0";"nM";"4.50";"";"";"UO_0000065";"10.39";"0.19";"1.98";"4.61";"0";"CHEMBL6130638";"Inhibition of human erythrocyte-derived 20S constitutive proteasome protein using Suc-LLVY-AMC as substrate preincubated for 15 mins followed by substrate addition and measured after 30 mins by multimode plate reader analysis";"B";"BAO_0000219";"cell-based format";"Homo sapiens";"None";"None";"Erythrocyte";"None";"";"";"";"CHEMBL3831201";"20S proteasome";"Homo sapiens";"PROTEIN COMPLEX GROUP";"CHEMBL6127112";"1";"Scientific Literature";"ACS Med Chem Lett";"2024";"None";"TIME = 0.75 hr";"INHIBITOR";"";"31.3"
"CHEMBL6152577";"";"None";"449.46";"0";"2.09";"Cpd 4; ZINC09519396";"O=C(Nc1ccc2c(c1)OCCO2)C(=O)c1cn(CC(=O)N2CCOCC2)c2ccccc12";"IC50";"'='";"40800.0";"nM";"4.39";"";"";"UO_0000065";"9.77";"0.18";"2.30";"4.43";"0";"CHEMBL6130638";"Inhibition of human erythrocyte-derived 20S constitutive proteasome protein using Suc-LLVY-AMC as substrate preincubated for 15 mins followed by substrate addition and measured after 30 mins by multimode plate reader analysis";"B";"BAO_0000219";"cell-based format";"Homo sapiens";"None";"None";"Erythrocyte";"None";"";"";"";"CHEMBL3831201";"20S proteasome";"Homo sapiens";"PROTEIN COMPLEX GROUP";"CHEMBL6127112";"1";"Scientific Literature";"ACS Med Chem Lett";"2024";"None";"TIME = 0.75 hr";"INHIBITOR";"";"40.8"
"CHEMBL6163026";"";"None";"371.44";"0";"1.60";"Cpd 5; ZINC03007683";"CC[C@@H](C)NC(=O)C(=O)c1cn(CC(=O)N2CCOCC2)c2ccccc12";"IC50";"'='";"69200.0";"nM";"4.16";"";"";"UO_0000065";"11.20";"0.21";"2.56";"5.16";"0";"CHEMBL6130638";"Inhibition of human erythrocyte-derived 20S constitutive proteasome protein using Suc-LLVY-AMC as substrate preincubated for 15 mins followed by substrate addition and measured after 30 mins by multimode plate reader analysis";"B";"BAO_0000219";"cell-based format";"Homo sapiens";"None";"None";"Erythrocyte";"None";"";"";"";"CHEMBL3831201";"20S proteasome";"Homo sapiens";"PROTEIN COMPLEX GROUP";"CHEMBL6127112";"1";"Scientific Literature";"ACS Med Chem Lett";"2024";"None";"TIME = 0.75 hr";"INHIBITOR";"";"69.2"
"CHEMBL5597033";"";"None";"373.36";"0";"3.43";"B-14";"Cc1cccc(NC(=O)c2cc(O)c3c(c2)C(=O)c2cccc(O)c2C3=O)c1";"EC200";"'='";"1.67";"uM";"";"";"";"UO_0000064";"";"";"";"";"0";"CHEMBL6097171";"Activation of human erythrocyte-derived 20s proteosome using CT-L as peptide substrate by fluorescence based analysis";"B";"BAO_0000219";"cell-based format";"Homo sapiens";"None";"None";"Erythrocyte";"None";"";"";"";"CHEMBL3831201";"20S proteasome";"Homo sapiens";"PROTEIN COMPLEX GROUP";"CHEMBL6096634";"1";"Scientific Literature";"Bioorg Med Chem";"2024";"None";"";"ACTIVATOR";"";"1.67"
"CHEMBL6164397";"";"None";"339.35";"0";"2.26";"B-15";"CC(C)CNC(=O)c1cc(O)c2c(c1)C(=O)c1cccc(O)c1C2=O";"FC";"'='";"2.23";"";"";"";"";"";"";"";"";"";"0";"CHEMBL6097172";"Activation of human erythrocyte-derived 20s proteosome using T-L as peptide substrate by fluorescence based analysis";"B";"BAO_0000219";"cell-based format";"Homo sapiens";"None";"None";"Erythrocyte";"None";"";"";"";"CHEMBL3831201";"20S proteasome";"Homo sapiens";"PROTEIN COMPLEX GROUP";"CHEMBL6096634";"1";"Scientific Literature";"Bioorg Med Chem";"2024";"None";"";"ACTIVATOR";"";"2.23"
"CHEMBL6165154";"";"None";"413.48";"1";"5.86";"B-04";"COc1ccc(Nc2cc(NCC(C)C)c3noc4c3c2C(=O)c2ccccc2-4)cc1";"Activity";"'='";"276.38";"%";"";"";"";"UO_0000187";"";"";"";"";"0";"CHEMBL6097178";"Activation of human erythrocyte-derived 20s proteosome using CT-L as peptide substrate at 10 uM by fluorescence based analysis relative to control";"B";"BAO_0000219";"cell-based format";"Homo sapiens";"None";"None";"Erythrocyte";"None";"";"";"";"CHEMBL3831201";"20S proteasome";"Homo sapiens";"PROTEIN COMPLEX GROUP";"CHEMBL6096634";"1";"Scientific Literature";"Bioorg Med Chem";"2024";"None";"DOSE = 10.0 microM";"ACTIVATOR";"";"276.38"
"CHEMBL6152485";"";"None";"385.42";"0";"4.50";"B-08";"Cc1cccc(Nc2cc(NCCO)c3noc4c3c2C(=O)c2ccccc2-4)c1";"Activity";"'='";"119.11";"%";"";"";"";"UO_0000187";"";"";"";"";"0";"CHEMBL6097178";"Activation of human erythrocyte-derived 20s proteosome using CT-L as peptide substrate at 10 uM by fluorescence based analysis relative to control";"B";"BAO_0000219";"cell-based format";"Homo sapiens";"None";"None";"Erythrocyte";"None";"";"";"";"CHEMBL3831201";"20S proteasome";"Homo sapiens";"PROTEIN COMPLEX GROUP";"CHEMBL6096634";"1";"Scientific Literature";"Bioorg Med Chem";"2024";"None";"DOSE = 10.0 microM";"ACTIVATOR";"";"119.11"
"CHEMBL6149502";"";"None";"1848.05";"None";"None";"2e";"COc1ccc(CN(CC(=O)N[C@@H](CCCNC(=N)N)C(=O)N[C@@H](CCCNC(=N)N)C(=O)N[C@@H](Cc2ccc(O)cc2)C(=O)N[C@@H](Cc2ccc(O)cc2)C(=O)N[C@@H](CO)C(=O)O)C(=O)[C@H](CC(=O)O)NC(=O)[C@H](CCCCN)NC(=O)[C@H](CO)NC(=O)CNC(=O)[C@@H](NC(=O)[C@H](Cc2ccccc2)NC(=O)[C@H](Cc2ccc(O)cc2)NC(=O)[C@@H](N)CCCCN)[C@@H](C)O)cc1";"Activity";"";"";"";"";"";"";"";"";"";"";"";"0";"CHEMBL6138526";"Activation of human erythrocyte-derived 20S proteasome using Dabcyl-EDANS as FRET-type substrate at 1.0 to 50 uM measured every two mins for 60 mins by fluorescence based analysis";"B";"BAO_0000219";"cell-based format";"Homo sapiens";"None";"None";"Erythrocyte";"None";"";"";"";"CHEMBL3831201";"20S proteasome";"Homo sapiens";"PROTEIN COMPLEX GROUP";"CHEMBL6134855";"1";"Scientific Literature";"J Med Chem";"2025";"None";"DOSE_Lower = 1.0 microM | DOSE_Upper = 50.0 microM | TIME = 1.0 hr";"ACTIVATOR";"Active";""
"CHEMBL6171894";"";"None";"1816.01";"None";"None";"1d";"C[C@@H](O)[C@H](NC(=O)[C@H](Cc1ccccc1)NC(=O)[C@H](Cc1ccc(O)cc1)NC(=O)[C@@H](N)CCCCN)C(=O)NCC(=O)N[C@@H](CO)C(=O)N[C@@H](CCCCN)C(=O)N[C@@H](CC(=O)O)C(=O)N[C@@H](Cc1c[nH]c2ccccc12)C(=O)N(C)[C@@H](CCCNC(=N)N)C(=O)N(C)[C@@H](CO)C(=O)N[C@@H](Cc1ccc(O)cc1)C(=O)N[C@@H](Cc1ccc(O)cc1)C(=O)N[C@@H](CO)C(=O)O";"Activity";"";"";"";"";"";"";"";"";"";"";"";"0";"CHEMBL6138526";"Activation of human erythrocyte-derived 20S proteasome using Dabcyl-EDANS as FRET-type substrate at 1.0 to 50 uM measured every two mins for 60 mins by fluorescence based analysis";"B";"BAO_0000219";"cell-based format";"Homo sapiens";"None";"None";"Erythrocyte";"None";"";"";"";"CHEMBL3831201";"20S proteasome";"Homo sapiens";"PROTEIN COMPLEX GROUP";"CHEMBL6134855";"1";"Scientific Literature";"J Med Chem";"2025";"None";"DOSE_Lower = 1.0 microM | DOSE_Upper = 50.0 microM | TIME = 1.0 hr";"ACTIVATOR";"Active";""
"CHEMBL6149502";"";"None";"1848.05";"None";"None";"2e";"COc1ccc(CN(CC(=O)N[C@@H](CCCNC(=N)N)C(=O)N[C@@H](CCCNC(=N)N)C(=O)N[C@@H](Cc2ccc(O)cc2)C(=O)N[C@@H](Cc2ccc(O)cc2)C(=O)N[C@@H](CO)C(=O)O)C(=O)[C@H](CC(=O)O)NC(=O)[C@H](CCCCN)NC(=O)[C@H](CO)NC(=O)CNC(=O)[C@@H](NC(=O)[C@H](Cc2ccccc2)NC(=O)[C@H](Cc2ccc(O)cc2)NC(=O)[C@@H](N)CCCCN)[C@@H](C)O)cc1";"Activity";"";"";"";"";"";"";"";"";"";"";"";"0";"CHEMBL6138530";"Activation of human erythrocyte-derived 20S proteasome chymotrypsin-like activity using Suc-LLVY-AMC as substrate at lower concentration measured every two mins for 60 mins by fluorescence based analysis";"B";"BAO_0000219";"cell-based format";"Homo sapiens";"None";"None";"Erythrocyte";"None";"";"";"";"CHEMBL3831201";"20S proteasome";"Homo sapiens";"PROTEIN COMPLEX GROUP";"CHEMBL6134855";"1";"Scientific Literature";"J Med Chem";"2025";"None";"TIME = 1.0 hr";"ACTIVATOR";"Active";""
"CHEMBL6134390";"";"None";"457.49";"0";"2.88";"B-18";"CN1CCN(c2ccc(NC(=O)c3cc(O)c4c(c3)C(=O)c3cccc(O)c3C4=O)cc2)CC1";"EC200";"'='";"3.85";"uM";"";"";"";"UO_0000064";"";"";"";"";"0";"CHEMBL6097171";"Activation of human erythrocyte-derived 20s proteosome using CT-L as peptide substrate by fluorescence based analysis";"B";"BAO_0000219";"cell-based format";"Homo sapiens";"None";"None";"Erythrocyte";"None";"";"";"";"CHEMBL3831201";"20S proteasome";"Homo sapiens";"PROTEIN COMPLEX GROUP";"CHEMBL6096634";"1";"Scientific Literature";"Bioorg Med Chem";"2024";"None";"";"ACTIVATOR";"";"3.85"
"CHEMBL6150617";"";"None";"401.42";"0";"3.19";"B-21";"CN(CCc1ccccc1)C(=O)c1cc(O)c2c(c1)C(=O)c1cccc(O)c1C2=O";"Activity";"";"";"";"";"";"";"";"";"";"";"";"0";"CHEMBL6097171";"Activation of human erythrocyte-derived 20s proteosome using CT-L as peptide substrate by fluorescence based analysis";"B";"BAO_0000219";"cell-based format";"Homo sapiens";"None";"None";"Erythrocyte";"None";"";"";"";"CHEMBL3831201";"20S proteasome";"Homo sapiens";"PROTEIN COMPLEX GROUP";"CHEMBL6096634";"1";"Scientific Literature";"Bioorg Med Chem";"2024";"None";"";"";"Not active";""
"CHEMBL6134390";"";"None";"457.49";"0";"2.88";"B-18";"CN1CCN(c2ccc(NC(=O)c3cc(O)c4c(c3)C(=O)c3cccc(O)c3C4=O)cc2)CC1";"FC";"'='";"7.32";"";"";"";"";"";"";"";"";"";"0";"CHEMBL6097172";"Activation of human erythrocyte-derived 20s proteosome using T-L as peptide substrate by fluorescence based analysis";"B";"BAO_0000219";"cell-based format";"Homo sapiens";"None";"None";"Erythrocyte";"None";"";"";"";"CHEMBL3831201";"20S proteasome";"Homo sapiens";"PROTEIN COMPLEX GROUP";"CHEMBL6096634";"1";"Scientific Literature";"Bioorg Med Chem";"2024";"None";"";"ACTIVATOR";"";"7.32"
"CHEMBL6102866";"";"None";"415.49";"0";"4.86";"B-13";"COc1ccc(Nc2cc(NCC(C)C)c(N)c3c2C(=O)c2ccccc2C3=O)cc1";"FC";"'='";"5.03";"";"";"";"";"";"";"";"";"";"0";"CHEMBL6097172";"Activation of human erythrocyte-derived 20s proteosome using T-L as peptide substrate by fluorescence based analysis";"B";"BAO_0000219";"cell-based format";"Homo sapiens";"None";"None";"Erythrocyte";"None";"";"";"";"CHEMBL3831201";"20S proteasome";"Homo sapiens";"PROTEIN COMPLEX GROUP";"CHEMBL6096634";"1";"Scientific Literature";"Bioorg Med Chem";"2024";"None";"";"ACTIVATOR";"";"5.03"
"CHEMBL6151070";"";"None";"454.53";"0";"4.84";"B-09";"Cc1cccc(Nc2cc(NCCN3CCOCC3)c3noc4c3c2C(=O)c2ccccc2-4)c1";"Activity";"";"";"";"";"";"";"";"";"";"";"";"0";"CHEMBL6097171";"Activation of human erythrocyte-derived 20s proteosome using CT-L as peptide substrate by fluorescence based analysis";"B";"BAO_0000219";"cell-based format";"Homo sapiens";"None";"None";"Erythrocyte";"None";"";"";"";"CHEMBL3831201";"20S proteasome";"Homo sapiens";"PROTEIN COMPLEX GROUP";"CHEMBL6096634";"1";"Scientific Literature";"Bioorg Med Chem";"2024";"None";"";"";"Not active";""
"CHEMBL6102866";"";"None";"415.49";"0";"4.86";"B-13";"COc1ccc(Nc2cc(NCC(C)C)c(N)c3c2C(=O)c2ccccc2C3=O)cc1";"EC200";"'='";"0.61";"uM";"";"";"";"UO_0000064";"";"";"";"";"0";"CHEMBL6097171";"Activation of human erythrocyte-derived 20s proteosome using CT-L as peptide substrate by fluorescence based analysis";"B";"BAO_0000219";"cell-based format";"Homo sapiens";"None";"None";"Erythrocyte";"None";"";"";"";"CHEMBL3831201";"20S proteasome";"Homo sapiens";"PROTEIN COMPLEX GROUP";"CHEMBL6096634";"1";"Scientific Literature";"Bioorg Med Chem";"2024";"None";"";"ACTIVATOR";"";"0.61"
"CHEMBL6133502";"";"None";"444.44";"0";"2.96";"B-17";"O=C(Nc1ccc(N2CCOCC2)cc1)c1cc(O)c2c(c1)C(=O)c1cccc(O)c1C2=O";"EC200";"'='";"0.2";"uM";"";"";"";"UO_0000064";"";"";"";"";"0";"CHEMBL6097171";"Activation of human erythrocyte-derived 20s proteosome using CT-L as peptide substrate by fluorescence based analysis";"B";"BAO_0000219";"cell-based format";"Homo sapiens";"None";"None";"Erythrocyte";"None";"";"";"";"CHEMBL3831201";"20S proteasome";"Homo sapiens";"PROTEIN COMPLEX GROUP";"CHEMBL6096634";"1";"Scientific Literature";"Bioorg Med Chem";"2024";"None";"";"ACTIVATOR";"";"0.2"
"CHEMBL6102230";"";"None";"435.46";"0";"2.29";"B-23";"O=C1c2cccc(O)c2C(=O)c2c(O)cc(C(=O)N3CCN(c4nccs4)CC3)cc21";"EC50";"'='";"3570.0";"nM";"5.45";"";"";"UO_0000065";"12.51";"0.24";"3.16";"4.91";"0";"CHEMBL6097171";"Activation of human erythrocyte-derived 20s proteosome using CT-L as peptide substrate by fluorescence based analysis";"B";"BAO_0000219";"cell-based format";"Homo sapiens";"None";"None";"Erythrocyte";"None";"";"";"";"CHEMBL3831201";"20S proteasome";"Homo sapiens";"PROTEIN COMPLEX GROUP";"CHEMBL6096634";"1";"Scientific Literature";"Bioorg Med Chem";"2024";"None";"";"ACTIVATOR";"";"3.57"
"CHEMBL6176024";"";"None";"1075.16";"None";"None";"Ac-ATMW-Dox";"COc1cccc2c1C(=O)c1c(O)c3c(c(O)c1C2=O)C[C@@](O)(C(=O)CO)C[C@@H]3O[C@H]1C[C@H](NC(=O)[C@H](Cc2c[nH]c3ccccc23)NC(=O)[C@H](CCSC)NC(=O)[C@@H](NC(=O)[C@H](C)NC(C)=O)[C@@H](C)O)[C@H](O)[C@H](C)O1";"Drug metabolism";"";"";"";"";"";"";"";"";"";"";"";"0";"CHEMBL6119704";"Prodrug release in tris HCL buffer at pH 7.4 assessed as human 20S immunoproteasome mediated hydrolysis by measuring Dox release at 10 uM incubated for 90 mins in presence of PA28alpha/beta activated complex by fluorescence based analysis";"A";"BAO_0000223";"protein complex format";"Homo sapiens";"None";"None";"None";"None";"";"";"";"CHEMBL3831201";"20S proteasome";"Homo sapiens";"PROTEIN COMPLEX GROUP";"CHEMBL6115038";"1";"Scientific Literature";"J Med Chem";"2025";"None";"DOSE = 10.0 microM | TIME = 1.5 hr";"";"Metabolite detected";""
"CHEMBL6149017";"";"None";"1862.08";"None";"None";"2f";"COc1ccc(CN(CC(=O)N[C@@H](CCCNC(=N)N)C(=O)N[C@@H](CCCNC(=N)N)C(=O)N[C@@H](Cc2ccc(O)cc2)C(=O)N[C@@H](Cc2ccc(O)cc2)C(=O)N[C@@H](CO)C(=O)O)C(=O)[C@H](CC(=O)O)NC(=O)[C@H](CCCCN)NC(=O)[C@H](CO)NC(=O)CNC(=O)[C@@H](NC(=O)[C@H](Cc2ccccc2)NC(=O)CN(Cc2ccc(OC)cc2)C(=O)[C@@H](N)CCCCN)[C@@H](C)O)cc1";"Activity";"";"";"";"";"";"";"";"";"";"";"";"0";"CHEMBL6138532";"Activation of human erythrocyte-derived 20S proteasome trypsin-like activity using Boc-LRR-AMC as substrate at lower concentration measured every two mins for 60 mins by fluorescence based analysis";"B";"BAO_0000219";"cell-based format";"Homo sapiens";"None";"None";"Erythrocyte";"None";"";"";"";"CHEMBL3831201";"20S proteasome";"Homo sapiens";"PROTEIN COMPLEX GROUP";"CHEMBL6134855";"1";"Scientific Literature";"J Med Chem";"2025";"None";"TIME = 1.0 hr";"ACTIVATOR";"Weak_effect";""
"CHEMBL6151907";"";"None";"397.48";"1";"6.16";"B-01; 8016-8398";"Cc1cccc(Nc2cc(NCC(C)C)c3noc4c3c2C(=O)c2ccccc2-4)c1";"EC50";"'='";"1900.0";"nM";"5.72";"";"";"UO_0000065";"14.39";"0.26";"-0.44";"8.52";"0";"CHEMBL6097173";"Activation of human erythrocyte-derived 20s proteosome using Casp-L as peptide substrate by fluorescence based analysis";"B";"BAO_0000219";"cell-based format";"Homo sapiens";"None";"None";"Erythrocyte";"None";"";"";"";"CHEMBL3831201";"20S proteasome";"Homo sapiens";"PROTEIN COMPLEX GROUP";"CHEMBL6096634";"1";"Scientific Literature";"Bioorg Med Chem";"2024";"None";"";"ACTIVATOR";"";"1.9"
"CHEMBL6146318";"";"None";"397.48";"1";"6.16";"B-02";"Cc1ccc(Nc2cc(NCC(C)C)c3noc4c3c2C(=O)c2ccccc2-4)cc1";"FC";"'='";"4.8";"";"";"";"";"";"";"";"";"";"0";"CHEMBL6097172";"Activation of human erythrocyte-derived 20s proteosome using T-L as peptide substrate by fluorescence based analysis";"B";"BAO_0000219";"cell-based format";"Homo sapiens";"None";"None";"Erythrocyte";"None";"";"";"";"CHEMBL3831201";"20S proteasome";"Homo sapiens";"PROTEIN COMPLEX GROUP";"CHEMBL6096634";"1";"Scientific Literature";"Bioorg Med Chem";"2024";"None";"";"ACTIVATOR";"";"4.8"
"CHEMBL6144680";"";"None";"397.48";"1";"6.16";"B-03";"Cc1ccccc1Nc1cc(NCC(C)C)c2noc3c2c1C(=O)c1ccccc1-3";"FC";"'='";"6.38";"";"";"";"";"";"";"";"";"";"0";"CHEMBL6097172";"Activation of human erythrocyte-derived 20s proteosome using T-L as peptide substrate by fluorescence based analysis";"B";"BAO_0000219";"cell-based format";"Homo sapiens";"None";"None";"Erythrocyte";"None";"";"";"";"CHEMBL3831201";"20S proteasome";"Homo sapiens";"PROTEIN COMPLEX GROUP";"CHEMBL6096634";"1";"Scientific Literature";"Bioorg Med Chem";"2024";"None";"";"ACTIVATOR";"";"6.38"
"CHEMBL6167606";"";"None";"427.46";"0";"3.89";"B-20";"O=C1c2cccc(O)c2C(=O)c2c(O)cc(C(=O)N3CCC(c4ccccc4)CC3)cc21";"FC";"'='";"3.71";"";"";"";"";"";"";"";"";"";"0";"CHEMBL6097172";"Activation of human erythrocyte-derived 20s proteosome using T-L as peptide substrate by fluorescence based analysis";"B";"BAO_0000219";"cell-based format";"Homo sapiens";"None";"None";"Erythrocyte";"None";"";"";"";"CHEMBL3831201";"20S proteasome";"Homo sapiens";"PROTEIN COMPLEX GROUP";"CHEMBL6096634";"1";"Scientific Literature";"Bioorg Med Chem";"2024";"None";"";"ACTIVATOR";"";"3.71"
"CHEMBL6102230";"";"None";"435.46";"0";"2.29";"B-23";"O=C1c2cccc(O)c2C(=O)c2c(O)cc(C(=O)N3CCN(c4nccs4)CC3)cc21";"FC";"'='";"4.07";"";"";"";"";"";"";"";"";"";"0";"CHEMBL6097172";"Activation of human erythrocyte-derived 20s proteosome using T-L as peptide substrate by fluorescence based analysis";"B";"BAO_0000219";"cell-based format";"Homo sapiens";"None";"None";"Erythrocyte";"None";"";"";"";"CHEMBL3831201";"20S proteasome";"Homo sapiens";"PROTEIN COMPLEX GROUP";"CHEMBL6096634";"1";"Scientific Literature";"Bioorg Med Chem";"2024";"None";"";"ACTIVATOR";"";"4.07"
"CHEMBL6176024";"";"None";"1075.16";"None";"None";"Ac-ATMW-Dox";"COc1cccc2c1C(=O)c1c(O)c3c(c(O)c1C2=O)C[C@@](O)(C(=O)CO)C[C@@H]3O[C@H]1C[C@H](NC(=O)[C@H](Cc2c[nH]c3ccccc23)NC(=O)[C@H](CCSC)NC(=O)[C@@H](NC(=O)[C@H](C)NC(C)=O)[C@@H](C)O)[C@H](O)[C@H](C)O1";"Drug metabolism";"";"";"";"";"";"";"";"";"";"";"";"0";"CHEMBL6119705";"Prodrug release in tris HCL buffer at pH 7.4 assessed as human 20S immunoproteasome mediated hydrolysis by measuring Dox release at 10 uM incubated for 4 hrs in presence of PA28alpha/beta activated complex by mass spectrometry analysis";"A";"BAO_0000223";"protein complex format";"Homo sapiens";"None";"None";"None";"None";"";"";"";"CHEMBL3831201";"20S proteasome";"Homo sapiens";"PROTEIN COMPLEX GROUP";"CHEMBL6115038";"1";"Scientific Literature";"J Med Chem";"2025";"None";"DOSE = 10.0 microM | TIME = 4.0 hr";"";"Metabolite detected";""
"CHEMBL6164397";"";"None";"339.35";"0";"2.26";"B-15";"CC(C)CNC(=O)c1cc(O)c2c(c1)C(=O)c1cccc(O)c1C2=O";"EC200";"'='";"2.15";"uM";"";"";"";"UO_0000064";"";"";"";"";"0";"CHEMBL6097171";"Activation of human erythrocyte-derived 20s proteosome using CT-L as peptide substrate by fluorescence based analysis";"B";"BAO_0000219";"cell-based format";"Homo sapiens";"None";"None";"Erythrocyte";"None";"";"";"";"CHEMBL3831201";"20S proteasome";"Homo sapiens";"PROTEIN COMPLEX GROUP";"CHEMBL6096634";"1";"Scientific Literature";"Bioorg Med Chem";"2024";"None";"";"ACTIVATOR";"";"2.15"
"CHEMBL6167606";"";"None";"427.46";"0";"3.89";"B-20";"O=C1c2cccc(O)c2C(=O)c2c(O)cc(C(=O)N3CCC(c4ccccc4)CC3)cc21";"EC200";"'='";"1.37";"uM";"";"";"";"UO_0000064";"";"";"";"";"0";"CHEMBL6097171";"Activation of human erythrocyte-derived 20s proteosome using CT-L as peptide substrate by fluorescence based analysis";"B";"BAO_0000219";"cell-based format";"Homo sapiens";"None";"None";"Erythrocyte";"None";"";"";"";"CHEMBL3831201";"20S proteasome";"Homo sapiens";"PROTEIN COMPLEX GROUP";"CHEMBL6096634";"1";"Scientific Literature";"Bioorg Med Chem";"2024";"None";"";"ACTIVATOR";"";"1.37"
"CHEMBL6151907";"";"None";"397.48";"1";"6.16";"B-01; 8016-8398";"Cc1cccc(Nc2cc(NCC(C)C)c3noc4c3c2C(=O)c2ccccc2-4)c1";"EC50";"'='";"850.0";"nM";"6.07";"";"";"UO_0000065";"15.27";"0.28";"-0.09";"9.04";"0";"CHEMBL6097171";"Activation of human erythrocyte-derived 20s proteosome using CT-L as peptide substrate by fluorescence based analysis";"B";"BAO_0000219";"cell-based format";"Homo sapiens";"None";"None";"Erythrocyte";"None";"";"";"";"CHEMBL3831201";"20S proteasome";"Homo sapiens";"PROTEIN COMPLEX GROUP";"CHEMBL6096634";"1";"Scientific Literature";"Bioorg Med Chem";"2024";"None";"";"ACTIVATOR";"";"0.85"
"CHEMBL6165154";"";"None";"413.48";"1";"5.86";"B-04";"COc1ccc(Nc2cc(NCC(C)C)c3noc4c3c2C(=O)c2ccccc2-4)cc1";"EC50";"'='";"3020.0";"nM";"5.52";"";"";"UO_0000065";"13.35";"0.24";"-0.34";"7.23";"0";"CHEMBL6097171";"Activation of human erythrocyte-derived 20s proteosome using CT-L as peptide substrate by fluorescence based analysis";"B";"BAO_0000219";"cell-based format";"Homo sapiens";"None";"None";"Erythrocyte";"None";"";"";"";"CHEMBL3831201";"20S proteasome";"Homo sapiens";"PROTEIN COMPLEX GROUP";"CHEMBL6096634";"1";"Scientific Literature";"Bioorg Med Chem";"2024";"None";"";"ACTIVATOR";"";"3.02"
"CHEMBL6151907";"";"None";"397.48";"1";"6.16";"B-01; 8016-8398";"Cc1cccc(Nc2cc(NCC(C)C)c3noc4c3c2C(=O)c2ccccc2-4)c1";"FC";"'='";"5.98";"";"";"";"";"";"";"";"";"";"0";"CHEMBL6097172";"Activation of human erythrocyte-derived 20s proteosome using T-L as peptide substrate by fluorescence based analysis";"B";"BAO_0000219";"cell-based format";"Homo sapiens";"None";"None";"Erythrocyte";"None";"";"";"";"CHEMBL3831201";"20S proteasome";"Homo sapiens";"PROTEIN COMPLEX GROUP";"CHEMBL6096634";"1";"Scientific Literature";"Bioorg Med Chem";"2024";"None";"";"ACTIVATOR";"";"5.98"
"CHEMBL5597908";"";"None";"389.36";"0";"3.13";"B-16";"COc1ccc(NC(=O)c2cc(O)c3c(c2)C(=O)c2cccc(O)c2C3=O)cc1";"FC";"'='";"8.91";"";"";"";"";"";"";"";"";"";"0";"CHEMBL6097172";"Activation of human erythrocyte-derived 20s proteosome using T-L as peptide substrate by fluorescence based analysis";"B";"BAO_0000219";"cell-based format";"Homo sapiens";"None";"None";"Erythrocyte";"None";"";"";"";"CHEMBL3831201";"20S proteasome";"Homo sapiens";"PROTEIN COMPLEX GROUP";"CHEMBL6096634";"1";"Scientific Literature";"Bioorg Med Chem";"2024";"None";"";"ACTIVATOR";"";"8.91"
"CHEMBL6163808";"";"None";"1074.19";"None";"None";"Ac-LLVY-Dox";"COc1cccc2c1C(=O)c1c(O)c3c(c(O)c1C2=O)C[C@@](O)(C(=O)CO)C[C@@H]3O[C@H]1C[C@H](NC(=O)[C@H](Cc2ccc(O)cc2)NC(=O)[C@@H](NC(=O)[C@H](CC(C)C)NC(=O)[C@H](CC(C)C)NC(C)=O)C(C)C)[C@H](O)[C@H](C)O1";"Drug metabolism";"'='";"20.0";"%";"";"";"";"UO_0000187";"";"";"";"";"0";"CHEMBL6119703";"Prodrug release in tris HCL buffer assessed as human 20S immunoproteasome-mediated hydrolysis by measuring Dox release measured after 8 hrs by mass spectrometry analysis";"A";"BAO_0000223";"protein complex format";"Homo sapiens";"None";"None";"None";"None";"";"";"";"CHEMBL3831201";"20S proteasome";"Homo sapiens";"PROTEIN COMPLEX GROUP";"CHEMBL6115038";"1";"Scientific Literature";"J Med Chem";"2025";"None";"TIME = 8.0 hr";"";"";"20.0"
"CHEMBL6169555";"";"None";"446.89";"0";"4.94";"Cpd 11; ZINC12360220";"O=C(Nc1ccc2c(c1)OCCO2)C(=O)c1cn(Cc2ccc(Cl)cc2)c2ccccc12";"Inhibition";"";"";"%";"";"";"";"UO_0000187";"";"";"";"";"0";"CHEMBL6130638";"Inhibition of human erythrocyte-derived 20S constitutive proteasome protein using Suc-LLVY-AMC as substrate preincubated for 15 mins followed by substrate addition and measured after 30 mins by multimode plate reader analysis";"B";"BAO_0000219";"cell-based format";"Homo sapiens";"None";"None";"Erythrocyte";"None";"";"";"";"CHEMBL3831201";"20S proteasome";"Homo sapiens";"PROTEIN COMPLEX GROUP";"CHEMBL6127112";"1";"Scientific Literature";"ACS Med Chem Lett";"2024";"None";"TIME = 0.75 hr";"";"Not active";""
"CHEMBL6165346";"";"None";"347.42";"0";"4.68";"B-07";"CC(C)CNc1cc(NC2CC2)c2c3c(onc13)-c1ccccc1C2=O";"EC50";"'='";"3300.0";"nM";"5.48";"";"";"UO_0000065";"15.78";"0.29";"0.80";"8.16";"0";"CHEMBL6097171";"Activation of human erythrocyte-derived 20s proteosome using CT-L as peptide substrate by fluorescence based analysis";"B";"BAO_0000219";"cell-based format";"Homo sapiens";"None";"None";"Erythrocyte";"None";"";"";"";"CHEMBL3831201";"20S proteasome";"Homo sapiens";"PROTEIN COMPLEX GROUP";"CHEMBL6096634";"1";"Scientific Literature";"Bioorg Med Chem";"2024";"None";"";"ACTIVATOR";"";"3.3"
"CHEMBL6102866";"";"None";"415.49";"0";"4.86";"B-13";"COc1ccc(Nc2cc(NCC(C)C)c(N)c3c2C(=O)c2ccccc2C3=O)cc1";"EC50";"'='";"1570.0";"nM";"5.80";"";"";"UO_0000065";"13.97";"0.26";"0.94";"6.21";"0";"CHEMBL6097171";"Activation of human erythrocyte-derived 20s proteosome using CT-L as peptide substrate by fluorescence based analysis";"B";"BAO_0000219";"cell-based format";"Homo sapiens";"None";"None";"Erythrocyte";"None";"";"";"";"CHEMBL3831201";"20S proteasome";"Homo sapiens";"PROTEIN COMPLEX GROUP";"CHEMBL6096634";"1";"Scientific Literature";"Bioorg Med Chem";"2024";"None";"";"ACTIVATOR";"";"1.57"
"CHEMBL2408481";"";"None";"595.74";"2";"7.77";"TCH-165";"CCOC(=O)[C@]1(c2ccccc2)N=C(c2ccc(OC)cc2)N(Cc2ccccc2)[C@@H]1c1ccc(NCc2ccccc2)cc1";"EC50";"'='";"5120.0";"nM";"5.29";"";"";"UO_0000065";"8.88";"0.16";"-2.48";"8.38";"0";"CHEMBL6097171";"Activation of human erythrocyte-derived 20s proteosome using CT-L as peptide substrate by fluorescence based analysis";"B";"BAO_0000219";"cell-based format";"Homo sapiens";"None";"None";"Erythrocyte";"None";"";"";"";"CHEMBL3831201";"20S proteasome";"Homo sapiens";"PROTEIN COMPLEX GROUP";"CHEMBL6096634";"1";"Scientific Literature";"Bioorg Med Chem";"2024";"None";"";"ACTIVATOR";"";"5.12"
"CHEMBL6134390";"";"None";"457.49";"0";"2.88";"B-18";"CN1CCN(c2ccc(NC(=O)c3cc(O)c4c(c3)C(=O)c3cccc(O)c3C4=O)cc2)CC1";"EC50";"'='";"6120.0";"nM";"5.21";"";"";"UO_0000065";"11.40";"0.21";"2.33";"4.73";"0";"CHEMBL6097171";"Activation of human erythrocyte-derived 20s proteosome using CT-L as peptide substrate by fluorescence based analysis";"B";"BAO_0000219";"cell-based format";"Homo sapiens";"None";"None";"Erythrocyte";"None";"";"";"";"CHEMBL3831201";"20S proteasome";"Homo sapiens";"PROTEIN COMPLEX GROUP";"CHEMBL6096634";"1";"Scientific Literature";"Bioorg Med Chem";"2024";"None";"";"ACTIVATOR";"";"6.12"
"CHEMBL6167606";"";"None";"427.46";"0";"3.89";"B-20";"O=C1c2cccc(O)c2C(=O)c2c(O)cc(C(=O)N3CCC(c4ccccc4)CC3)cc21";"EC50";"'='";"2720.0";"nM";"5.57";"";"";"UO_0000065";"13.02";"0.24";"1.68";"5.86";"0";"CHEMBL6097171";"Activation of human erythrocyte-derived 20s proteosome using CT-L as peptide substrate by fluorescence based analysis";"B";"BAO_0000219";"cell-based format";"Homo sapiens";"None";"None";"Erythrocyte";"None";"";"";"";"CHEMBL3831201";"20S proteasome";"Homo sapiens";"PROTEIN COMPLEX GROUP";"CHEMBL6096634";"1";"Scientific Literature";"Bioorg Med Chem";"2024";"None";"";"ACTIVATOR";"";"2.72"
"CHEMBL6151907";"";"None";"397.48";"1";"6.16";"B-01; 8016-8398";"Cc1cccc(Nc2cc(NCC(C)C)c3noc4c3c2C(=O)c2ccccc2-4)c1";"EC50";"'='";"2330.0";"nM";"5.63";"";"";"UO_0000065";"14.17";"0.26";"-0.53";"8.39";"0";"CHEMBL6097172";"Activation of human erythrocyte-derived 20s proteosome using T-L as peptide substrate by fluorescence based analysis";"B";"BAO_0000219";"cell-based format";"Homo sapiens";"None";"None";"Erythrocyte";"None";"";"";"";"CHEMBL3831201";"20S proteasome";"Homo sapiens";"PROTEIN COMPLEX GROUP";"CHEMBL6096634";"1";"Scientific Literature";"Bioorg Med Chem";"2024";"None";"";"ACTIVATOR";"";"2.33"
"CHEMBL6142373";"";"None";"399.49";"1";"5.16";"B-12";"Cc1ccc(Nc2cc(NCC(C)C)c(N)c3c2C(=O)c2ccccc2C3=O)cc1";"FC";"'='";"5.38";"";"";"";"";"";"";"";"";"";"0";"CHEMBL6097172";"Activation of human erythrocyte-derived 20s proteosome using T-L as peptide substrate by fluorescence based analysis";"B";"BAO_0000219";"cell-based format";"Homo sapiens";"None";"None";"Erythrocyte";"None";"";"";"";"CHEMBL3831201";"20S proteasome";"Homo sapiens";"PROTEIN COMPLEX GROUP";"CHEMBL6096634";"1";"Scientific Literature";"Bioorg Med Chem";"2024";"None";"";"ACTIVATOR";"";"5.38"
"CHEMBL6151907";"";"None";"397.48";"1";"6.16";"B-01; 8016-8398";"Cc1cccc(Nc2cc(NCC(C)C)c3noc4c3c2C(=O)c2ccccc2-4)c1";"FC";"'='";"9.77";"";"";"";"";"";"";"";"";"";"0";"CHEMBL6097176";"Activation of human erythrocyte-derived 20s proteosome assessed as fold maximum enhancement using Casp-L as peptide substrate by fluorescence based analysis";"B";"BAO_0000219";"cell-based format";"Homo sapiens";"None";"None";"Erythrocyte";"None";"";"";"";"CHEMBL3831201";"20S proteasome";"Homo sapiens";"PROTEIN COMPLEX GROUP";"CHEMBL6096634";"1";"Scientific Literature";"Bioorg Med Chem";"2024";"None";"";"ACTIVATOR";"";"9.77"
"CHEMBL5597908";"";"None";"389.36";"0";"3.13";"B-16";"COc1ccc(NC(=O)c2cc(O)c3c(c2)C(=O)c2cccc(O)c2C3=O)cc1";"Activity";"'='";"695.77";"%";"";"";"";"UO_0000187";"";"";"";"";"0";"CHEMBL6097178";"Activation of human erythrocyte-derived 20s proteosome using CT-L as peptide substrate at 10 uM by fluorescence based analysis relative to control";"B";"BAO_0000219";"cell-based format";"Homo sapiens";"None";"None";"Erythrocyte";"None";"";"";"";"CHEMBL3831201";"20S proteasome";"Homo sapiens";"PROTEIN COMPLEX GROUP";"CHEMBL6096634";"1";"Scientific Literature";"Bioorg Med Chem";"2024";"None";"DOSE = 10.0 microM";"ACTIVATOR";"";"695.77"
"CHEMBL6176024";"";"None";"1075.16";"None";"None";"Ac-ATMW-Dox";"COc1cccc2c1C(=O)c1c(O)c3c(c(O)c1C2=O)C[C@@](O)(C(=O)CO)C[C@@H]3O[C@H]1C[C@H](NC(=O)[C@H](Cc2c[nH]c3ccccc23)NC(=O)[C@H](CCSC)NC(=O)[C@@H](NC(=O)[C@H](C)NC(C)=O)[C@@H](C)O)[C@H](O)[C@H](C)O1";"Drug metabolism";"";"";"";"";"";"";"";"";"";"";"";"0";"CHEMBL6119701";"Prodrug release in tris HCL buffer assessed as human 20S immunoproteasome-mediated hydrolysis by measuring Dox release measured upto 8 hrs by mass spectrometry analysis";"A";"BAO_0000223";"protein complex format";"Homo sapiens";"None";"None";"None";"None";"";"";"";"CHEMBL3831201";"20S proteasome";"Homo sapiens";"PROTEIN COMPLEX GROUP";"CHEMBL6115038";"1";"Scientific Literature";"J Med Chem";"2025";"None";"TIME <= 8.0 hr";"";"Metabolite detected";""
"CHEMBL6159677";"";"None";"869.88";"3";"-1.80";"Ac-AAAA-Dox";"COc1cccc2c1C(=O)c1c(O)c3c(c(O)c1C2=O)C[C@@](O)(C(=O)CO)C[C@@H]3O[C@H]1C[C@H](NC(=O)[C@H](C)NC(=O)[C@H](C)NC(=O)[C@H](C)NC(=O)[C@H](C)NC(C)=O)[C@H](O)[C@H](C)O1";"Drug metabolism";"'='";"20.0";"%";"";"";"";"UO_0000187";"";"";"";"";"0";"CHEMBL6119703";"Prodrug release in tris HCL buffer assessed as human 20S immunoproteasome-mediated hydrolysis by measuring Dox release measured after 8 hrs by mass spectrometry analysis";"A";"BAO_0000223";"protein complex format";"Homo sapiens";"None";"None";"None";"None";"";"";"";"CHEMBL3831201";"20S proteasome";"Homo sapiens";"PROTEIN COMPLEX GROUP";"CHEMBL6115038";"1";"Scientific Literature";"J Med Chem";"2025";"None";"TIME = 8.0 hr";"";"";"20.0"
"CHEMBL6169064";"";"None";"391.43";"0";"2.32";"Cpd 6; ZINC3007728";"O=C(Nc1ccccc1)C(=O)c1cn(CC(=O)N2CCOCC2)c2ccccc12";"Inhibition";"'='";"55.0";"%";"";"";"";"UO_0000187";"";"";"";"";"0";"CHEMBL6130636";"Inhibition of human erythrocyte-derived 20S constitutive proteasome protein at 100 uM using Suc-LLVY-AMC as substrate preincubated for 15 mins followed by substrate addition and measured after 30 mins by multimode plate reader analysis relative to control";"B";"BAO_0000219";"cell-based format";"Homo sapiens";"None";"None";"Erythrocyte";"None";"";"";"";"CHEMBL3831201";"20S proteasome";"Homo sapiens";"PROTEIN COMPLEX GROUP";"CHEMBL6127112";"1";"Scientific Literature";"ACS Med Chem Lett";"2024";"None";"DOSE = 100.0 microM | TIME = 0.75 hr";"INHIBITOR";"";"55.0"
"CHEMBL1481596";"";"None";"451.48";"0";"2.34";"Cpd 0; ZINC09519392";"COc1ccc(NC(=O)C(=O)c2cn(CC(=O)N3CCOCC3)c3ccccc23)cc1OC";"Inhibition";"'~'";"50.0";"%";"";"";"";"UO_0000187";"";"";"";"";"0";"CHEMBL6130637";"Inhibition of human 20S immunoproteasome protein at 100 uM using Suc-LLVY-AMC as substrate preincubated for 15 mins followed by substrate addition and measured after 30 mins by multimode plate reader analysis relative to control";"B";"BAO_0000223";"protein complex format";"Homo sapiens";"None";"None";"None";"None";"";"";"";"CHEMBL3831201";"20S proteasome";"Homo sapiens";"PROTEIN COMPLEX GROUP";"CHEMBL6127112";"1";"Scientific Literature";"ACS Med Chem Lett";"2024";"None";"DOSE = 100.0 microM | TIME = 0.75 hr";"INHIBITOR";"";"50.0"
"CHEMBL6149017";"";"None";"1862.08";"None";"None";"2f";"COc1ccc(CN(CC(=O)N[C@@H](CCCNC(=N)N)C(=O)N[C@@H](CCCNC(=N)N)C(=O)N[C@@H](Cc2ccc(O)cc2)C(=O)N[C@@H](Cc2ccc(O)cc2)C(=O)N[C@@H](CO)C(=O)O)C(=O)[C@H](CC(=O)O)NC(=O)[C@H](CCCCN)NC(=O)[C@H](CO)NC(=O)CNC(=O)[C@@H](NC(=O)[C@H](Cc2ccccc2)NC(=O)CN(Cc2ccc(OC)cc2)C(=O)[C@@H](N)CCCCN)[C@@H](C)O)cc1";"Activity";"";"";"";"";"";"";"";"";"";"";"";"0";"CHEMBL6138530";"Activation of human erythrocyte-derived 20S proteasome chymotrypsin-like activity using Suc-LLVY-AMC as substrate at lower concentration measured every two mins for 60 mins by fluorescence based analysis";"B";"BAO_0000219";"cell-based format";"Homo sapiens";"None";"None";"Erythrocyte";"None";"";"";"";"CHEMBL3831201";"20S proteasome";"Homo sapiens";"PROTEIN COMPLEX GROUP";"CHEMBL6134855";"1";"Scientific Literature";"J Med Chem";"2025";"None";"TIME = 1.0 hr";"ACTIVATOR";"Active";""
"CHEMBL6172180";"";"None";"1834.03";"None";"None";"2a";"C[C@@H](O)[C@H](NC(=O)[C@H](Cc1ccccc1)NC(=O)[C@H](Cc1ccc(O)cc1)NC(=O)CNCCCCN)C(=O)NCC(=O)N[C@@H](CO)C(=O)N[C@@H](CCCCN)C(=O)N[C@@H](CC(=O)O)C(=O)N[C@@H](Cc1ccc(O)cc1)C(=O)N[C@@H](CCCNC(=N)N)C(=O)N[C@@H](CCCNC(=N)N)C(=O)N[C@@H](Cc1ccc(O)cc1)C(=O)N[C@@H](Cc1ccc(O)cc1)C(=O)N[C@@H](CO)C(=O)O";"Activity";"";"";"";"";"";"";"";"";"";"";"";"0";"CHEMBL6138531";"Activation of human erythrocyte-derived 20S proteasome using Dabcyl-EDANS as FRET-type substrate at lower concentration measured every two mins for 60 mins by fluorescence based analysis";"B";"BAO_0000219";"cell-based format";"Homo sapiens";"None";"None";"Erythrocyte";"None";"";"";"";"CHEMBL3831201";"20S proteasome";"Homo sapiens";"PROTEIN COMPLEX GROUP";"CHEMBL6134855";"1";"Scientific Literature";"J Med Chem";"2025";"None";"TIME = 1.0 hr";"ACTIVATOR";"Active";""
"CHEMBL1481596";"";"None";"451.48";"0";"2.34";"Cpd 0; ZINC09519392";"COc1ccc(NC(=O)C(=O)c2cn(CC(=O)N3CCOCC3)c3ccccc23)cc1OC";"Inhibition";"'~'";"50.0";"%";"";"";"";"UO_0000187";"";"";"";"";"0";"CHEMBL6130636";"Inhibition of human erythrocyte-derived 20S constitutive proteasome protein at 100 uM using Suc-LLVY-AMC as substrate preincubated for 15 mins followed by substrate addition and measured after 30 mins by multimode plate reader analysis relative to control";"B";"BAO_0000219";"cell-based format";"Homo sapiens";"None";"None";"Erythrocyte";"None";"";"";"";"CHEMBL3831201";"20S proteasome";"Homo sapiens";"PROTEIN COMPLEX GROUP";"CHEMBL6127112";"1";"Scientific Literature";"ACS Med Chem Lett";"2024";"None";"DOSE = 100.0 microM | TIME = 0.75 hr";"INHIBITOR";"";"50.0"
"CHEMBL1572705";"";"None";"435.48";"0";"3.10";"Cpd 1; ZINC09518833";"CCN(CC)C(=O)Cn1cc(C(=O)C(=O)Nc2ccc3c(c2)OCCO3)c2ccccc21";"IC50";"'='";"12400.0";"nM";"4.91";"";"";"UO_0000065";"11.27";"0.21";"1.81";"5.46";"0";"CHEMBL6130638";"Inhibition of human erythrocyte-derived 20S constitutive proteasome protein using Suc-LLVY-AMC as substrate preincubated for 15 mins followed by substrate addition and measured after 30 mins by multimode plate reader analysis";"B";"BAO_0000219";"cell-based format";"Homo sapiens";"None";"None";"Erythrocyte";"None";"";"";"";"CHEMBL3831201";"20S proteasome";"Homo sapiens";"PROTEIN COMPLEX GROUP";"CHEMBL6127112";"1";"Scientific Literature";"ACS Med Chem Lett";"2024";"None";"TIME = 0.75 hr";"INHIBITOR";"";"12.4"
"CHEMBL6146318";"";"None";"397.48";"1";"6.16";"B-02";"Cc1ccc(Nc2cc(NCC(C)C)c3noc4c3c2C(=O)c2ccccc2-4)cc1";"EC50";"'='";"3000.0";"nM";"5.52";"";"";"UO_0000065";"13.89";"0.25";"-0.64";"8.22";"0";"CHEMBL6097171";"Activation of human erythrocyte-derived 20s proteosome using CT-L as peptide substrate by fluorescence based analysis";"B";"BAO_0000219";"cell-based format";"Homo sapiens";"None";"None";"Erythrocyte";"None";"";"";"";"CHEMBL3831201";"20S proteasome";"Homo sapiens";"PROTEIN COMPLEX GROUP";"CHEMBL6096634";"1";"Scientific Literature";"Bioorg Med Chem";"2024";"None";"";"ACTIVATOR";"";"3.0"
"CHEMBL5597908";"";"None";"389.36";"0";"3.13";"B-16";"COc1ccc(NC(=O)c2cc(O)c3c(c2)C(=O)c2cccc(O)c2C3=O)cc1";"EC50";"'='";"2050.0";"nM";"5.69";"";"";"UO_0000065";"14.61";"0.27";"2.56";"5.04";"0";"CHEMBL6097171";"Activation of human erythrocyte-derived 20s proteosome using CT-L as peptide substrate by fluorescence based analysis";"B";"BAO_0000219";"cell-based format";"Homo sapiens";"None";"None";"Erythrocyte";"None";"";"";"";"CHEMBL3831201";"20S proteasome";"Homo sapiens";"PROTEIN COMPLEX GROUP";"CHEMBL6096634";"1";"Scientific Literature";"Bioorg Med Chem";"2024";"None";"";"ACTIVATOR";"";"2.05"
"CHEMBL6151907";"";"None";"397.48";"1";"6.16";"B-01; 8016-8398";"Cc1cccc(Nc2cc(NCC(C)C)c3noc4c3c2C(=O)c2ccccc2-4)c1";"FC";"'='";"6.22";"";"";"";"";"";"";"";"";"";"0";"CHEMBL6097174";"Activation of human erythrocyte-derived 20s proteosome assessed as fold maximum enhancement using CT-L as peptide substrate by fluorescence based analysis";"B";"BAO_0000219";"cell-based format";"Homo sapiens";"None";"None";"Erythrocyte";"None";"";"";"";"CHEMBL3831201";"20S proteasome";"Homo sapiens";"PROTEIN COMPLEX GROUP";"CHEMBL6096634";"1";"Scientific Literature";"Bioorg Med Chem";"2024";"None";"";"ACTIVATOR";"";"6.22"
"CHEMBL6152509";"";"None";"383.45";"1";"5.91";"B-11";"CCCNc1cc(Nc2cccc(C)c2)c2c3c(onc13)-c1ccccc1C2=O";"Activity";"'='";"594.38";"%";"";"";"";"UO_0000187";"";"";"";"";"0";"CHEMBL6097178";"Activation of human erythrocyte-derived 20s proteosome using CT-L as peptide substrate at 10 uM by fluorescence based analysis relative to control";"B";"BAO_0000219";"cell-based format";"Homo sapiens";"None";"None";"Erythrocyte";"None";"";"";"";"CHEMBL3831201";"20S proteasome";"Homo sapiens";"PROTEIN COMPLEX GROUP";"CHEMBL6096634";"1";"Scientific Literature";"Bioorg Med Chem";"2024";"None";"DOSE = 10.0 microM";"ACTIVATOR";"";"594.38"
"CHEMBL6143092";"";"None";"445.57";"0";"4.75";"B-06";"O=C1c2ccccc2-c2onc3c(NCN4CCCCC4)cc(NCN4CCCCC4)c1c23";"Activity";"";"";"";"";"";"";"";"";"";"";"";"0";"CHEMBL6097171";"Activation of human erythrocyte-derived 20s proteosome using CT-L as peptide substrate by fluorescence based analysis";"B";"BAO_0000219";"cell-based format";"Homo sapiens";"None";"None";"Erythrocyte";"None";"";"";"";"CHEMBL3831201";"20S proteasome";"Homo sapiens";"PROTEIN COMPLEX GROUP";"CHEMBL6096634";"1";"Scientific Literature";"Bioorg Med Chem";"2024";"None";"";"";"Not active";""
"CHEMBL3956408";"";"None";"396.40";"0";"0.94";"B-19";"O=C(NCCN1CCOCC1)c1cc(O)c2c(c1)C(=O)c1cccc(O)c1C2=O";"Activity";"";"";"";"";"";"";"";"";"";"";"";"0";"CHEMBL6097171";"Activation of human erythrocyte-derived 20s proteosome using CT-L as peptide substrate by fluorescence based analysis";"B";"BAO_0000219";"cell-based format";"Homo sapiens";"None";"None";"Erythrocyte";"None";"";"";"";"CHEMBL3831201";"20S proteasome";"Homo sapiens";"PROTEIN COMPLEX GROUP";"CHEMBL6096634";"1";"Scientific Literature";"Bioorg Med Chem";"2024";"None";"";"";"Not active";""
"CHEMBL6149502";"";"None";"1848.05";"None";"None";"2e";"COc1ccc(CN(CC(=O)N[C@@H](CCCNC(=N)N)C(=O)N[C@@H](CCCNC(=N)N)C(=O)N[C@@H](Cc2ccc(O)cc2)C(=O)N[C@@H](Cc2ccc(O)cc2)C(=O)N[C@@H](CO)C(=O)O)C(=O)[C@H](CC(=O)O)NC(=O)[C@H](CCCCN)NC(=O)[C@H](CO)NC(=O)CNC(=O)[C@@H](NC(=O)[C@H](Cc2ccccc2)NC(=O)[C@H](Cc2ccc(O)cc2)NC(=O)[C@@H](N)CCCCN)[C@@H](C)O)cc1";"Activity";"";"";"";"";"";"";"";"";"";"";"";"0";"CHEMBL6138532";"Activation of human erythrocyte-derived 20S proteasome trypsin-like activity using Boc-LRR-AMC as substrate at lower concentration measured every two mins for 60 mins by fluorescence based analysis";"B";"BAO_0000219";"cell-based format";"Homo sapiens";"None";"None";"Erythrocyte";"None";"";"";"";"CHEMBL3831201";"20S proteasome";"Homo sapiens";"PROTEIN COMPLEX GROUP";"CHEMBL6134855";"1";"Scientific Literature";"J Med Chem";"2025";"None";"TIME = 1.0 hr";"ACTIVATOR";"Weak_effect";""
"CHEMBL6175299";"";"None";"1834.03";"None";"None";"2c";"C[C@@H](O)[C@H](NC(=O)[C@H](Cc1ccccc1)NC(=O)[C@H](Cc1ccc(O)cc1)NC(=O)CNCCCCN)C(=O)NCC(=O)N[C@@H](CO)C(=O)N(CCCCN)CC(=O)N[C@@H](CC(=O)O)C(=O)N[C@@H](Cc1ccc(O)cc1)C(=O)N[C@@H](CCCNC(=N)N)C(=O)N[C@@H](CCCNC(=N)N)C(=O)N[C@@H](Cc1ccc(O)cc1)C(=O)N[C@@H](Cc1ccc(O)cc1)C(=O)N[C@@H](CO)C(=O)O";"Activity";"";"";"";"";"";"";"";"";"";"";"";"0";"CHEMBL6138534";"Activation of human erythrocyte-derived 20S proteasome chymotrypsin-like activity using Suc-LLVY-AMC as substrate at 1 uM measured every two mins for 60 mins by fluorescence based analysis";"B";"BAO_0000219";"cell-based format";"Homo sapiens";"None";"None";"Erythrocyte";"None";"";"";"";"CHEMBL3831201";"20S proteasome";"Homo sapiens";"PROTEIN COMPLEX GROUP";"CHEMBL6134855";"1";"Scientific Literature";"J Med Chem";"2025";"None";"DOSE = 1.0 microM | TIME = 1.0 hr";"ACTIVATOR";"Moderate_effect";""
"CHEMBL6176024";"";"None";"1075.16";"None";"None";"Ac-ATMW-Dox";"COc1cccc2c1C(=O)c1c(O)c3c(c(O)c1C2=O)C[C@@](O)(C(=O)CO)C[C@@H]3O[C@H]1C[C@H](NC(=O)[C@H](Cc2c[nH]c3ccccc23)NC(=O)[C@H](CCSC)NC(=O)[C@@H](NC(=O)[C@H](C)NC(C)=O)[C@@H](C)O)[C@H](O)[C@H](C)O1";"Drug metabolism";"'='";"20.0";"%";"";"";"";"UO_0000187";"";"";"";"";"0";"CHEMBL6119703";"Prodrug release in tris HCL buffer assessed as human 20S immunoproteasome-mediated hydrolysis by measuring Dox release measured after 8 hrs by mass spectrometry analysis";"A";"BAO_0000223";"protein complex format";"Homo sapiens";"None";"None";"None";"None";"";"";"";"CHEMBL3831201";"20S proteasome";"Homo sapiens";"PROTEIN COMPLEX GROUP";"CHEMBL6115038";"1";"Scientific Literature";"J Med Chem";"2025";"None";"TIME = 8.0 hr";"";"";"20.0"
"CHEMBL6142373";"";"None";"399.49";"1";"5.16";"B-12";"Cc1ccc(Nc2cc(NCC(C)C)c(N)c3c2C(=O)c2ccccc2C3=O)cc1";"Activity";"'='";"376.85";"%";"";"";"";"UO_0000187";"";"";"";"";"0";"CHEMBL6097178";"Activation of human erythrocyte-derived 20s proteosome using CT-L as peptide substrate at 10 uM by fluorescence based analysis relative to control";"B";"BAO_0000219";"cell-based format";"Homo sapiens";"None";"None";"Erythrocyte";"None";"";"";"";"CHEMBL3831201";"20S proteasome";"Homo sapiens";"PROTEIN COMPLEX GROUP";"CHEMBL6096634";"1";"Scientific Literature";"Bioorg Med Chem";"2024";"None";"DOSE = 10.0 microM";"ACTIVATOR";"";"376.85"
"CHEMBL6151907";"";"None";"397.48";"1";"6.16";"B-01; 8016-8398";"Cc1cccc(Nc2cc(NCC(C)C)c3noc4c3c2C(=O)c2ccccc2-4)c1";"Activity";"'='";"472.26";"%";"";"";"";"UO_0000187";"";"";"";"";"0";"CHEMBL6097178";"Activation of human erythrocyte-derived 20s proteosome using CT-L as peptide substrate at 10 uM by fluorescence based analysis relative to control";"B";"BAO_0000219";"cell-based format";"Homo sapiens";"None";"None";"Erythrocyte";"None";"";"";"";"CHEMBL3831201";"20S proteasome";"Homo sapiens";"PROTEIN COMPLEX GROUP";"CHEMBL6096634";"1";"Scientific Literature";"Bioorg Med Chem";"2024";"None";"DOSE = 10.0 microM";"ACTIVATOR";"";"472.26"
"CHEMBL6144680";"";"None";"397.48";"1";"6.16";"B-03";"Cc1ccccc1Nc1cc(NCC(C)C)c2noc3c2c1C(=O)c1ccccc1-3";"Activity";"'='";"486.34";"%";"";"";"";"UO_0000187";"";"";"";"";"0";"CHEMBL6097178";"Activation of human erythrocyte-derived 20s proteosome using CT-L as peptide substrate at 10 uM by fluorescence based analysis relative to control";"B";"BAO_0000219";"cell-based format";"Homo sapiens";"None";"None";"Erythrocyte";"None";"";"";"";"CHEMBL3831201";"20S proteasome";"Homo sapiens";"PROTEIN COMPLEX GROUP";"CHEMBL6096634";"1";"Scientific Literature";"Bioorg Med Chem";"2024";"None";"DOSE = 10.0 microM";"ACTIVATOR";"";"486.34"
"CHEMBL6167606";"";"None";"427.46";"0";"3.89";"B-20";"O=C1c2cccc(O)c2C(=O)c2c(O)cc(C(=O)N3CCC(c4ccccc4)CC3)cc21";"Activity";"'='";"233.38";"%";"";"";"";"UO_0000187";"";"";"";"";"0";"CHEMBL6097178";"Activation of human erythrocyte-derived 20s proteosome using CT-L as peptide substrate at 10 uM by fluorescence based analysis relative to control";"B";"BAO_0000219";"cell-based format";"Homo sapiens";"None";"None";"Erythrocyte";"None";"";"";"";"CHEMBL3831201";"20S proteasome";"Homo sapiens";"PROTEIN COMPLEX GROUP";"CHEMBL6096634";"1";"Scientific Literature";"Bioorg Med Chem";"2024";"None";"DOSE = 10.0 microM";"ACTIVATOR";"";"233.38"
"CHEMBL6159677";"";"None";"869.88";"3";"-1.80";"Ac-AAAA-Dox";"COc1cccc2c1C(=O)c1c(O)c3c(c(O)c1C2=O)C[C@@](O)(C(=O)CO)C[C@@H]3O[C@H]1C[C@H](NC(=O)[C@H](C)NC(=O)[C@H](C)NC(=O)[C@H](C)NC(=O)[C@H](C)NC(C)=O)[C@H](O)[C@H](C)O1";"Drug metabolism";"";"";"";"";"";"";"";"";"";"";"";"0";"CHEMBL6119706";"Prodrug release in tris HCL buffer at pH 7.4 assessed as human 20S immunoproteasome mediated hydrolysis by measuring Dox release at 10 uM incubated for 4 hrs in presence of 37.5 to 75 nM of PA28alpha/beta activated complex by mass spectrometry analysis";"A";"BAO_0000223";"protein complex format";"Homo sapiens";"None";"None";"None";"None";"";"";"";"CHEMBL3831201";"20S proteasome";"Homo sapiens";"PROTEIN COMPLEX GROUP";"CHEMBL6115038";"1";"Scientific Literature";"J Med Chem";"2025";"None";"DOSE = 10.0 microM | TIME = 4.0 hr";"";"Metabolite not detected";""
"CHEMBL6147989";"";"None";"399.40";"0";"3.07";"B-22";"O=C1c2cccc(O)c2C(=O)c2c(O)cc(C(=O)N3CCc4ccccc4C3)cc21";"EC200";"'='";"1.14";"uM";"";"";"";"UO_0000064";"";"";"";"";"0";"CHEMBL6097171";"Activation of human erythrocyte-derived 20s proteosome using CT-L as peptide substrate by fluorescence based analysis";"B";"BAO_0000219";"cell-based format";"Homo sapiens";"None";"None";"Erythrocyte";"None";"";"";"";"CHEMBL3831201";"20S proteasome";"Homo sapiens";"PROTEIN COMPLEX GROUP";"CHEMBL6096634";"1";"Scientific Literature";"Bioorg Med Chem";"2024";"None";"";"ACTIVATOR";"";"1.14"
"CHEMBL6102230";"";"None";"435.46";"0";"2.29";"B-23";"O=C1c2cccc(O)c2C(=O)c2c(O)cc(C(=O)N3CCN(c4nccs4)CC3)cc21";"EC200";"'='";"1.18";"uM";"";"";"";"UO_0000064";"";"";"";"";"0";"CHEMBL6097171";"Activation of human erythrocyte-derived 20s proteosome using CT-L as peptide substrate by fluorescence based analysis";"B";"BAO_0000219";"cell-based format";"Homo sapiens";"None";"None";"Erythrocyte";"None";"";"";"";"CHEMBL3831201";"20S proteasome";"Homo sapiens";"PROTEIN COMPLEX GROUP";"CHEMBL6096634";"1";"Scientific Literature";"Bioorg Med Chem";"2024";"None";"";"ACTIVATOR";"";"1.18"
"CHEMBL5597033";"";"None";"373.36";"0";"3.43";"B-14";"Cc1cccc(NC(=O)c2cc(O)c3c(c2)C(=O)c2cccc(O)c2C3=O)c1";"EC50";"'='";"2260.0";"nM";"5.65";"";"";"UO_0000065";"15.12";"0.28";"2.22";"5.44";"0";"CHEMBL6097171";"Activation of human erythrocyte-derived 20s proteosome using CT-L as peptide substrate by fluorescence based analysis";"B";"BAO_0000219";"cell-based format";"Homo sapiens";"None";"None";"Erythrocyte";"None";"";"";"";"CHEMBL3831201";"20S proteasome";"Homo sapiens";"PROTEIN COMPLEX GROUP";"CHEMBL6096634";"1";"Scientific Literature";"Bioorg Med Chem";"2024";"None";"";"ACTIVATOR";"";"2.26"
"CHEMBL6133502";"";"None";"444.44";"0";"2.96";"B-17";"O=C(Nc1ccc(N2CCOCC2)cc1)c1cc(O)c2c(c1)C(=O)c1cccc(O)c1C2=O";"EC50";"'='";"1800.0";"nM";"5.75";"";"";"UO_0000065";"12.93";"0.24";"2.78";"4.95";"0";"CHEMBL6097171";"Activation of human erythrocyte-derived 20s proteosome using CT-L as peptide substrate by fluorescence based analysis";"B";"BAO_0000219";"cell-based format";"Homo sapiens";"None";"None";"Erythrocyte";"None";"";"";"";"CHEMBL3831201";"20S proteasome";"Homo sapiens";"PROTEIN COMPLEX GROUP";"CHEMBL6096634";"1";"Scientific Literature";"Bioorg Med Chem";"2024";"None";"";"ACTIVATOR";"";"1.8"
"CHEMBL6147989";"";"None";"399.40";"0";"3.07";"B-22";"O=C1c2cccc(O)c2C(=O)c2c(O)cc(C(=O)N3CCc4ccccc4C3)cc21";"EC50";"'='";"4020.0";"nM";"5.40";"";"";"UO_0000065";"13.51";"0.25";"2.33";"5.69";"0";"CHEMBL6097171";"Activation of human erythrocyte-derived 20s proteosome using CT-L as peptide substrate by fluorescence based analysis";"B";"BAO_0000219";"cell-based format";"Homo sapiens";"None";"None";"Erythrocyte";"None";"";"";"";"CHEMBL3831201";"20S proteasome";"Homo sapiens";"PROTEIN COMPLEX GROUP";"CHEMBL6096634";"1";"Scientific Literature";"Bioorg Med Chem";"2024";"None";"";"ACTIVATOR";"";"4.02"
"CHEMBL6162686";"";"None";"411.51";"1";"6.55";"B-10";"Cc1cccc(Nc2cc(NCCC(C)C)c3noc4c3c2C(=O)c2ccccc2-4)c1";"FC";"'='";"2.08";"";"";"";"";"";"";"";"";"";"0";"CHEMBL6097172";"Activation of human erythrocyte-derived 20s proteosome using T-L as peptide substrate by fluorescence based analysis";"B";"BAO_0000219";"cell-based format";"Homo sapiens";"None";"None";"Erythrocyte";"None";"";"";"";"CHEMBL3831201";"20S proteasome";"Homo sapiens";"PROTEIN COMPLEX GROUP";"CHEMBL6096634";"1";"Scientific Literature";"Bioorg Med Chem";"2024";"None";"";"ACTIVATOR";"";"2.08"
"CHEMBL6152509";"";"None";"383.45";"1";"5.91";"B-11";"CCCNc1cc(Nc2cccc(C)c2)c2c3c(onc13)-c1ccccc1C2=O";"FC";"'='";"10.55";"";"";"";"";"";"";"";"";"";"0";"CHEMBL6097172";"Activation of human erythrocyte-derived 20s proteosome using T-L as peptide substrate by fluorescence based analysis";"B";"BAO_0000219";"cell-based format";"Homo sapiens";"None";"None";"Erythrocyte";"None";"";"";"";"CHEMBL3831201";"20S proteasome";"Homo sapiens";"PROTEIN COMPLEX GROUP";"CHEMBL6096634";"1";"Scientific Literature";"Bioorg Med Chem";"2024";"None";"";"ACTIVATOR";"";"10.55"
"CHEMBL5597033";"";"None";"373.36";"0";"3.43";"B-14";"Cc1cccc(NC(=O)c2cc(O)c3c(c2)C(=O)c2cccc(O)c2C3=O)c1";"FC";"'='";"6.5";"";"";"";"";"";"";"";"";"";"0";"CHEMBL6097172";"Activation of human erythrocyte-derived 20s proteosome using T-L as peptide substrate by fluorescence based analysis";"B";"BAO_0000219";"cell-based format";"Homo sapiens";"None";"None";"Erythrocyte";"None";"";"";"";"CHEMBL3831201";"20S proteasome";"Homo sapiens";"PROTEIN COMPLEX GROUP";"CHEMBL6096634";"1";"Scientific Literature";"Bioorg Med Chem";"2024";"None";"";"ACTIVATOR";"";"6.5"
"CHEMBL6147989";"";"None";"399.40";"0";"3.07";"B-22";"O=C1c2cccc(O)c2C(=O)c2c(O)cc(C(=O)N3CCc4ccccc4C3)cc21";"FC";"'='";"3.79";"";"";"";"";"";"";"";"";"";"0";"CHEMBL6097172";"Activation of human erythrocyte-derived 20s proteosome using T-L as peptide substrate by fluorescence based analysis";"B";"BAO_0000219";"cell-based format";"Homo sapiens";"None";"None";"Erythrocyte";"None";"";"";"";"CHEMBL3831201";"20S proteasome";"Homo sapiens";"PROTEIN COMPLEX GROUP";"CHEMBL6096634";"1";"Scientific Literature";"Bioorg Med Chem";"2024";"None";"";"ACTIVATOR";"";"3.79"
"CHEMBL6151907";"";"None";"397.48";"1";"6.16";"B-01; 8016-8398";"Cc1cccc(Nc2cc(NCC(C)C)c3noc4c3c2C(=O)c2ccccc2-4)c1";"EC200";"'='";"0.93";"uM";"";"";"";"UO_0000064";"";"";"";"";"0";"CHEMBL6097173";"Activation of human erythrocyte-derived 20s proteosome using Casp-L as peptide substrate by fluorescence based analysis";"B";"BAO_0000219";"cell-based format";"Homo sapiens";"None";"None";"Erythrocyte";"None";"";"";"";"CHEMBL3831201";"20S proteasome";"Homo sapiens";"PROTEIN COMPLEX GROUP";"CHEMBL6096634";"1";"Scientific Literature";"Bioorg Med Chem";"2024";"None";"";"ACTIVATOR";"";"0.93"
"CHEMBL1481596";"";"None";"451.48";"0";"2.34";"Cpd 0; ZINC09519392";"COc1ccc(NC(=O)C(=O)c2cn(CC(=O)N3CCOCC3)c3ccccc23)cc1OC";"IC50";"'='";"107000.0";"nM";"";"Outside typical range";"";"UO_0000065";"";"";"";"";"0";"CHEMBL6130638";"Inhibition of human erythrocyte-derived 20S constitutive proteasome protein using Suc-LLVY-AMC as substrate preincubated for 15 mins followed by substrate addition and measured after 30 mins by multimode plate reader analysis";"B";"BAO_0000219";"cell-based format";"Homo sapiens";"None";"None";"Erythrocyte";"None";"";"";"";"CHEMBL3831201";"20S proteasome";"Homo sapiens";"PROTEIN COMPLEX GROUP";"CHEMBL6127112";"1";"Scientific Literature";"ACS Med Chem Lett";"2024";"None";"TIME = 0.75 hr";"INHIBITOR";"";"107.0"
"CHEMBL2408481";"";"None";"595.74";"2";"7.77";"TCH-165";"CCOC(=O)[C@]1(c2ccccc2)N=C(c2ccc(OC)cc2)N(Cc2ccccc2)[C@@H]1c1ccc(NCc2ccccc2)cc1";"EC200";"'='";"0.91";"uM";"";"";"";"UO_0000064";"";"";"";"";"0";"CHEMBL6097171";"Activation of human erythrocyte-derived 20s proteosome using CT-L as peptide substrate by fluorescence based analysis";"B";"BAO_0000219";"cell-based format";"Homo sapiens";"None";"None";"Erythrocyte";"None";"";"";"";"CHEMBL3831201";"20S proteasome";"Homo sapiens";"PROTEIN COMPLEX GROUP";"CHEMBL6096634";"1";"Scientific Literature";"Bioorg Med Chem";"2024";"None";"";"ACTIVATOR";"";"0.91"
"CHEMBL325041";"BORTEZOMIB";"4.0";"384.25";"None";"None";"Bortezomib";"CC(C)C[C@H](NC(=O)[C@H](Cc1ccccc1)NC(=O)c1cnccn1)B(O)O";"Ki";"'='";"0.6";"nM";"9.22";"";"";"UO_0000065";"24.00";"None";"None";"None";"0";"CHEMBL6074076";"Inhibition of 20S proteasome (unknown origin)";"B";"BAO_0000223";"protein complex format";"Homo sapiens";"None";"None";"None";"None";"";"";"";"CHEMBL3831201";"20S proteasome";"Homo sapiens";"PROTEIN COMPLEX GROUP";"CHEMBL6071202";"1";"Scientific Literature";"ACS Med Chem Lett";"2024";"None";"";"INHIBITOR";"";"0.6"
"CHEMBL6163808";"";"None";"1074.19";"None";"None";"Ac-LLVY-Dox";"COc1cccc2c1C(=O)c1c(O)c3c(c(O)c1C2=O)C[C@@](O)(C(=O)CO)C[C@@H]3O[C@H]1C[C@H](NC(=O)[C@H](Cc2ccc(O)cc2)NC(=O)[C@@H](NC(=O)[C@H](CC(C)C)NC(=O)[C@H](CC(C)C)NC(C)=O)C(C)C)[C@H](O)[C@H](C)O1";"Drug metabolism";"";"";"";"";"";"";"";"";"";"";"";"0";"CHEMBL6119701";"Prodrug release in tris HCL buffer assessed as human 20S immunoproteasome-mediated hydrolysis by measuring Dox release measured upto 8 hrs by mass spectrometry analysis";"A";"BAO_0000223";"protein complex format";"Homo sapiens";"None";"None";"None";"None";"";"";"";"CHEMBL3831201";"20S proteasome";"Homo sapiens";"PROTEIN COMPLEX GROUP";"CHEMBL6115038";"1";"Scientific Literature";"J Med Chem";"2025";"None";"TIME <= 8.0 hr";"";"Metabolite detected";""
"CHEMBL6174310";"";"None";"3109.57";"None";"None";"1f";"C[C@@H](O)[C@H](NC(=O)[C@H](Cc1ccccc1)NC(=O)[C@H](Cc1ccc(O)cc1)NC(=O)CN(CCCCN)C(=O)[C@H](CCCNC(=N)N)NC(=O)[C@H](CCCNC(=N)N)NC(=O)[C@H](CCCNC(=N)N)NC(=O)[C@H](CCC(N)=O)NC(=O)[C@H](CCCNC(=N)N)NC(=O)[C@H](CCCNC(=N)N)NC(=O)[C@H](CCCCN)NC(=O)[C@H](CCCCN)NC(=O)[C@@H](N)CCCNC(=N)N)C(=O)NCC(=O)N[C@@H](CO)C(=O)N[C@@H](CCCCN)C(=O)N[C@@H](CC(=O)O)C(=O)N[C@@H](Cc1c[nH]c2ccccc12)C(=O)N[C@@H](CCCNC(=N)N)C(=O)N[C@@H](CO)C(=O)N[C@@H](Cc1ccc(O)cc1)C(=O)N[C@@H](Cc1ccc(O)cc1)C(=O)N[C@@H](CO)C(=O)O";"Activity";"";"";"";"";"";"";"";"";"";"";"";"0";"CHEMBL6138529";"Activation of human erythrocyte-derived 20S proteasome trypsin-like activity using Boc-LRR-AMC as substrate at 1.0 to 50 uM measured every two mins for 60 mins by fluorescence based analysis";"B";"BAO_0000219";"cell-based format";"Homo sapiens";"None";"None";"Erythrocyte";"None";"";"";"";"CHEMBL3831201";"20S proteasome";"Homo sapiens";"PROTEIN COMPLEX GROUP";"CHEMBL6134855";"1";"Scientific Literature";"J Med Chem";"2025";"None";"DOSE_Lower = 1.0 microM | DOSE_Upper = 50.0 microM | TIME = 1.0 hr";"ACTIVATOR";"Active";""
"CHEMBL6176125";"";"None";"1801.98";"None";"None";"1b";"C[C@@H](O)[C@H](NC(=O)[C@H](Cc1ccccc1)NC(=O)[C@H](Cc1ccc(O)cc1)NC(=O)[C@@H](N)CCCCN)C(=O)NCC(=O)N[C@@H](CO)C(=O)N[C@@H](CCCCN)C(=O)N[C@@H](CC(=O)O)C(=O)N[C@@H](Cc1c[nH]c2ccccc12)C(=O)N[C@@H](CCCNC(=N)N)C(=O)N(CCO)CC(=O)N[C@@H](Cc1ccc(O)cc1)C(=O)N[C@@H](Cc1ccc(O)cc1)C(=O)N[C@@H](CO)C(=O)O";"Activity";"";"";"";"";"";"Lower Capacity Of Activation Is Observed";"";"";"";"";"";"0";"CHEMBL6138527";"Activation of human erythrocyte-derived 20S proteasome chymotrypsin-like activity using Suc-LLVY-AMC as substrate at 1.0 to 50 uM measured every two mins for 60 mins by fluorescence based analysis";"B";"BAO_0000219";"cell-based format";"Homo sapiens";"None";"None";"Erythrocyte";"None";"";"";"";"CHEMBL3831201";"20S proteasome";"Homo sapiens";"PROTEIN COMPLEX GROUP";"CHEMBL6134855";"1";"Scientific Literature";"J Med Chem";"2025";"None";"DOSE_Lower = 1.0 microM | DOSE_Upper = 50.0 microM | TIME = 1.0 hr";"ACTIVATOR";"Active";""
"CHEMBL6167440";"";"None";"1834.03";"None";"None";"2";"C[C@@H](O)[C@H](NC(=O)[C@H](Cc1ccccc1)NC(=O)[C@H](Cc1ccc(O)cc1)NC(=O)[C@@H](N)CCCCN)C(=O)NCC(=O)N[C@@H](CO)C(=O)N[C@@H](CCCCN)C(=O)N[C@@H](CC(=O)O)C(=O)N[C@@H](Cc1ccc(O)cc1)C(=O)N[C@@H](CCCNC(=N)N)C(=O)N[C@@H](CCCNC(=N)N)C(=O)N[C@@H](Cc1ccc(O)cc1)C(=O)N[C@@H](Cc1ccc(O)cc1)C(=O)N[C@@H](CO)C(=O)O";"Activity";"";"";"";"";"";"";"";"";"";"";"";"0";"CHEMBL6138530";"Activation of human erythrocyte-derived 20S proteasome chymotrypsin-like activity using Suc-LLVY-AMC as substrate at lower concentration measured every two mins for 60 mins by fluorescence based analysis";"B";"BAO_0000219";"cell-based format";"Homo sapiens";"None";"None";"Erythrocyte";"None";"";"";"";"CHEMBL3831201";"20S proteasome";"Homo sapiens";"PROTEIN COMPLEX GROUP";"CHEMBL6134855";"1";"Scientific Literature";"J Med Chem";"2025";"None";"TIME = 1.0 hr";"ACTIVATOR";"Active";""
"CHEMBL6152006";"";"None";"1276.73";"None";"None";"TAT1-DEN";"NCCCC[C@H](NC(=O)[C@H](CCCCN)NC(=O)[C@@H](N)CCCCN)C(=O)Nc1cc(NC(=O)[C@H](CCCCN)NC(=O)[C@H](CCCCN)NC(=O)[C@@H](N)CCCCN)cc(NC(=O)[C@H](CCCCN)NC(=O)[C@H](CCCCN)NC(=O)[C@@H](N)CCCCN)c1";"FC";"'='";"10.0";"";"";"";"";"";"";"";"";"";"0";"CHEMBL6138553";"Activation of human erythrocyte-derived 20S proteasome chymotrypsin-like activity using succinyl-LeuLeuValTyr-AMC as substrate assessed as fold increase in activity incubated for 1 hr by fluorescence based analysis relative to control";"B";"BAO_0000219";"cell-based format";"Homo sapiens";"None";"None";"Erythrocyte";"None";"";"";"";"CHEMBL3831201";"20S proteasome";"Homo sapiens";"PROTEIN COMPLEX GROUP";"CHEMBL6134855";"1";"Scientific Literature";"J Med Chem";"2025";"None";"TIME = 1.0 hr";"ACTIVATOR";"";"10.0"
"CHEMBL6162686";"";"None";"411.51";"1";"6.55";"B-10";"Cc1cccc(Nc2cc(NCCC(C)C)c3noc4c3c2C(=O)c2ccccc2-4)c1";"EC200";"'='";"0.19";"uM";"";"";"";"UO_0000064";"";"";"";"";"0";"CHEMBL6097171";"Activation of human erythrocyte-derived 20s proteosome using CT-L as peptide substrate by fluorescence based analysis";"B";"BAO_0000219";"cell-based format";"Homo sapiens";"None";"None";"Erythrocyte";"None";"";"";"";"CHEMBL3831201";"20S proteasome";"Homo sapiens";"PROTEIN COMPLEX GROUP";"CHEMBL6096634";"1";"Scientific Literature";"Bioorg Med Chem";"2024";"None";"";"ACTIVATOR";"";"0.19"
"CHEMBL6142373";"";"None";"399.49";"1";"5.16";"B-12";"Cc1ccc(Nc2cc(NCC(C)C)c(N)c3c2C(=O)c2ccccc2C3=O)cc1";"EC200";"'='";"0.66";"uM";"";"";"";"UO_0000064";"";"";"";"";"0";"CHEMBL6097171";"Activation of human erythrocyte-derived 20s proteosome using CT-L as peptide substrate by fluorescence based analysis";"B";"BAO_0000219";"cell-based format";"Homo sapiens";"None";"None";"Erythrocyte";"None";"";"";"";"CHEMBL3831201";"20S proteasome";"Homo sapiens";"PROTEIN COMPLEX GROUP";"CHEMBL6096634";"1";"Scientific Literature";"Bioorg Med Chem";"2024";"None";"";"ACTIVATOR";"";"0.66"
"CHEMBL168";"OLEANOLIC_ACID";"None";"456.71";"1";"7.23";"Oleanolic acid";"CC1(C)CC[C@]2(C(=O)O)CC[C@]3(C)C(=CC[C@@H]4[C@@]5(C)CC[C@H](O)C(C)(C)[C@@H]5CC[C@]43C)[C@@H]2C1";"FC";"'='";"8.0";"";"";"";"";"";"";"";"";"";"0";"CHEMBL6097204";"Activation of 20s proteosome (unknown origin) mediated chymotrypsin-like activity assessed as fold maximum enhancement";"B";"BAO_0000223";"protein complex format";"Homo sapiens";"None";"None";"None";"None";"";"";"";"CHEMBL3831201";"20S proteasome";"Homo sapiens";"PROTEIN COMPLEX GROUP";"CHEMBL6096634";"1";"Scientific Literature";"Bioorg Med Chem";"2024";"None";"";"ACTIVATOR";"";"8.0"
"CHEMBL6165154";"";"None";"413.48";"1";"5.86";"B-04";"COc1ccc(Nc2cc(NCC(C)C)c3noc4c3c2C(=O)c2ccccc2-4)cc1";"FC";"'='";"3.54";"";"";"";"";"";"";"";"";"";"0";"CHEMBL6097172";"Activation of human erythrocyte-derived 20s proteosome using T-L as peptide substrate by fluorescence based analysis";"B";"BAO_0000219";"cell-based format";"Homo sapiens";"None";"None";"Erythrocyte";"None";"";"";"";"CHEMBL3831201";"20S proteasome";"Homo sapiens";"PROTEIN COMPLEX GROUP";"CHEMBL6096634";"1";"Scientific Literature";"Bioorg Med Chem";"2024";"None";"";"ACTIVATOR";"";"3.54"
"CHEMBL6165346";"";"None";"347.42";"0";"4.68";"B-07";"CC(C)CNc1cc(NC2CC2)c2c3c(onc13)-c1ccccc1C2=O";"FC";"'='";"4.71";"";"";"";"";"";"";"";"";"";"0";"CHEMBL6097172";"Activation of human erythrocyte-derived 20s proteosome using T-L as peptide substrate by fluorescence based analysis";"B";"BAO_0000219";"cell-based format";"Homo sapiens";"None";"None";"Erythrocyte";"None";"";"";"";"CHEMBL3831201";"20S proteasome";"Homo sapiens";"PROTEIN COMPLEX GROUP";"CHEMBL6096634";"1";"Scientific Literature";"Bioorg Med Chem";"2024";"None";"";"ACTIVATOR";"";"4.71"
